solid ASCII
  facet normal 1.305262e-01 -9.914449e-01 0.000000e+00
    outer loop
      vertex   -7.150000e+01 -6.500000e+00 -2.200000e+00
      vertex   -7.150000e+01 -6.500000e+00 -6.200000e+00
      vertex   -7.085295e+01 -6.414815e+00 -2.200000e+00
    endloop
  endfacet
  facet normal 1.305262e-01 -9.914449e-01 0.000000e+00
    outer loop
      vertex   -7.085295e+01 -6.414815e+00 -2.200000e+00
      vertex   -7.150000e+01 -6.500000e+00 -6.200000e+00
      vertex   -7.085295e+01 -6.414815e+00 -6.200000e+00
    endloop
  endfacet
  facet normal 3.826834e-01 -9.238795e-01 0.000000e+00
    outer loop
      vertex   -7.085295e+01 -6.414815e+00 -2.200000e+00
      vertex   -7.085295e+01 -6.414815e+00 -6.200000e+00
      vertex   -7.025000e+01 -6.165064e+00 -2.200000e+00
    endloop
  endfacet
  facet normal 3.826834e-01 -9.238795e-01 0.000000e+00
    outer loop
      vertex   -7.025000e+01 -6.165064e+00 -2.200000e+00
      vertex   -7.085295e+01 -6.414815e+00 -6.200000e+00
      vertex   -7.025000e+01 -6.165064e+00 -6.200000e+00
    endloop
  endfacet
  facet normal 6.087614e-01 -7.933533e-01 0.000000e+00
    outer loop
      vertex   -7.025000e+01 -6.165064e+00 -2.200000e+00
      vertex   -7.025000e+01 -6.165064e+00 -6.200000e+00
      vertex   -6.973223e+01 -5.767767e+00 -2.200000e+00
    endloop
  endfacet
  facet normal 6.087614e-01 -7.933533e-01 0.000000e+00
    outer loop
      vertex   -6.973223e+01 -5.767767e+00 -2.200000e+00
      vertex   -7.025000e+01 -6.165064e+00 -6.200000e+00
      vertex   -6.973223e+01 -5.767767e+00 -6.200000e+00
    endloop
  endfacet
  facet normal 7.933533e-01 -6.087614e-01 0.000000e+00
    outer loop
      vertex   -6.973223e+01 -5.767767e+00 -2.200000e+00
      vertex   -6.973223e+01 -5.767767e+00 -6.200000e+00
      vertex   -6.933494e+01 -5.250000e+00 -2.200000e+00
    endloop
  endfacet
  facet normal 7.933533e-01 -6.087614e-01 2.703444e-16
    outer loop
      vertex   -6.933494e+01 -5.250000e+00 -2.200000e+00
      vertex   -6.973223e+01 -5.767767e+00 -6.200000e+00
      vertex   -6.933494e+01 -5.250000e+00 -6.200000e+00
    endloop
  endfacet
  facet normal 9.238795e-01 -3.826834e-01 1.699456e-16
    outer loop
      vertex   -6.933494e+01 -5.250000e+00 -2.200000e+00
      vertex   -6.933494e+01 -5.250000e+00 -6.200000e+00
      vertex   -6.908519e+01 -4.647048e+00 -2.200000e+00
    endloop
  endfacet
  facet normal 9.238795e-01 -3.826834e-01 3.367252e-15
    outer loop
      vertex   -6.908519e+01 -4.647048e+00 -2.200000e+00
      vertex   -6.933494e+01 -5.250000e+00 -6.200000e+00
      vertex   -6.908519e+01 -4.647048e+00 -6.200000e+00
    endloop
  endfacet
  facet normal 9.914449e-01 -1.305262e-01 3.551302e-15
    outer loop
      vertex   -6.908519e+01 -4.647048e+00 -2.200000e+00
      vertex   -6.908519e+01 -4.647048e+00 -6.200000e+00
      vertex   -6.900000e+01 -4.000000e+00 -2.200000e+00
    endloop
  endfacet
  facet normal 9.914449e-01 -1.305262e-01 0.000000e+00
    outer loop
      vertex   -6.900000e+01 -4.000000e+00 -2.200000e+00
      vertex   -6.908519e+01 -4.647048e+00 -6.200000e+00
      vertex   -6.900000e+01 -4.000000e+00 -6.200000e+00
    endloop
  endfacet
  facet normal -4.367611e-15 1.232247e-14 1.000000e+00
    outer loop
      vertex   -7.085295e+01 -6.414815e+00 -2.200000e+00
      vertex   -7.025000e+01 -6.165064e+00 -2.200000e+00
      vertex   -7.150000e+01 -6.500000e+00 -2.200000e+00
    endloop
  endfacet
  facet normal -5.705067e-16 -1.848512e-15 1.000000e+00
    outer loop
      vertex   -7.150000e+01 -6.500000e+00 -2.200000e+00
      vertex   -7.025000e+01 -6.165064e+00 -2.200000e+00
      vertex   -7.587417e+01 -5.150000e+00 -2.200000e+00
    endloop
  endfacet
  facet normal 0.000000e+00 0.000000e+00 1.000000e+00
    outer loop
      vertex   -7.150000e+01 -6.500000e+00 -2.200000e+00
      vertex   -7.587417e+01 -5.150000e+00 -2.200000e+00
      vertex   -7.608076e+01 -5.419239e+00 -2.200000e+00
    endloop
  endfacet
  facet normal -1.917753e-16 2.499265e-16 1.000000e+00
    outer loop
      vertex   -7.025000e+01 -6.165064e+00 -2.200000e+00
      vertex   -6.973223e+01 -5.767767e+00 -2.200000e+00
      vertex   -7.587417e+01 -5.150000e+00 -2.200000e+00
    endloop
  endfacet
  facet normal -2.082377e-16 8.625488e-17 1.000000e+00
    outer loop
      vertex   -7.587417e+01 -5.150000e+00 -2.200000e+00
      vertex   -6.973223e+01 -5.767767e+00 -2.200000e+00
      vertex   -7.574430e+01 -4.836465e+00 -2.200000e+00
    endloop
  endfacet
  facet normal -1.980573e-16 1.519747e-16 1.000000e+00
    outer loop
      vertex   -7.574430e+01 -4.836465e+00 -2.200000e+00
      vertex   -6.973223e+01 -5.767767e+00 -2.200000e+00
      vertex   -6.933494e+01 -5.250000e+00 -2.200000e+00
    endloop
  endfacet
  facet normal -1.561682e-16 8.012115e-16 1.000000e+00
    outer loop
      vertex   -7.574430e+01 -4.836465e+00 -2.200000e+00
      vertex   -6.933494e+01 -5.250000e+00 -2.200000e+00
      vertex   -6.908519e+01 -4.647048e+00 -2.200000e+00
    endloop
  endfacet
  facet normal -3.339084e-17 1.377059e-15 1.000000e+00
    outer loop
      vertex   -6.900000e+01 -4.000000e+00 -2.200000e+00
      vertex   -7.574430e+01 -4.163535e+00 -2.200000e+00
      vertex   -6.908519e+01 -4.647048e+00 -2.200000e+00
    endloop
  endfacet
  facet normal -1.346652e-16 -1.772901e-17 1.000000e+00
    outer loop
      vertex   -6.908519e+01 -4.647048e+00 -2.200000e+00
      vertex   -7.574430e+01 -4.163535e+00 -2.200000e+00
      vertex   -7.570000e+01 -4.500000e+00 -2.200000e+00
    endloop
  endfacet
  facet normal -1.338793e-16 1.762554e-17 1.000000e+00
    outer loop
      vertex   -6.908519e+01 -4.647048e+00 -2.200000e+00
      vertex   -7.570000e+01 -4.500000e+00 -2.200000e+00
      vertex   -7.574430e+01 -4.836465e+00 -2.200000e+00
    endloop
  endfacet
  facet normal -1.036208e-15 0.000000e+00 1.000000e+00
    outer loop
      vertex   -6.900000e+01 -2.500000e+00 -2.200000e+00
      vertex   -7.500000e+01 -2.500000e+00 -2.200000e+00
      vertex   -6.900000e+01 -4.000000e+00 -2.200000e+00
    endloop
  endfacet
  facet normal 9.909282e-17 4.541204e-15 1.000000e+00
    outer loop
      vertex   -6.900000e+01 -4.000000e+00 -2.200000e+00
      vertex   -7.500000e+01 -2.500000e+00 -2.200000e+00
      vertex   -7.587417e+01 -3.850000e+00 -2.200000e+00
    endloop
  endfacet
  facet normal 0.000000e+00 0.000000e+00 1.000000e+00
    outer loop
      vertex   -6.900000e+01 -4.000000e+00 -2.200000e+00
      vertex   -7.587417e+01 -3.850000e+00 -2.200000e+00
      vertex   -7.574430e+01 -4.163535e+00 -2.200000e+00
    endloop
  endfacet
  facet normal 3.108625e-15 1.405277e-15 1.000000e+00
    outer loop
      vertex   -7.700000e+01 -2.500000e+00 -2.200000e+00
      vertex   -7.666354e+01 -3.244296e+00 -2.200000e+00
      vertex   -7.500000e+01 -2.500000e+00 -2.200000e+00
    endloop
  endfacet
  facet normal 1.796672e-15 4.337549e-15 1.000000e+00
    outer loop
      vertex   -7.500000e+01 -2.500000e+00 -2.200000e+00
      vertex   -7.666354e+01 -3.244296e+00 -2.200000e+00
      vertex   -7.635000e+01 -3.374167e+00 -2.200000e+00
    endloop
  endfacet
  facet normal 2.497653e-15 3.255005e-15 1.000000e+00
    outer loop
      vertex   -7.500000e+01 -2.500000e+00 -2.200000e+00
      vertex   -7.635000e+01 -3.374167e+00 -2.200000e+00
      vertex   -7.608076e+01 -3.580761e+00 -2.200000e+00
    endloop
  endfacet
  facet normal 0.000000e+00 0.000000e+00 1.000000e+00
    outer loop
      vertex   -7.666354e+01 -3.244296e+00 -2.200000e+00
      vertex   -7.700000e+01 -2.500000e+00 -2.200000e+00
      vertex   -7.700000e+01 -3.200000e+00 -2.200000e+00
    endloop
  endfacet
  facet normal 0.000000e+00 -0.000000e+00 1.000000e+00
    outer loop
      vertex   -7.700000e+01 -3.200000e+00 -2.200000e+00
      vertex   -7.700000e+01 -2.500000e+00 -2.200000e+00
      vertex   -7.751764e+01 -2.568148e+00 -2.200000e+00
    endloop
  endfacet
  facet normal 0.000000e+00 0.000000e+00 1.000000e+00
    outer loop
      vertex   -7.700000e+01 -3.200000e+00 -2.200000e+00
      vertex   -7.751764e+01 -2.568148e+00 -2.200000e+00
      vertex   -7.800000e+01 -2.767949e+00 -2.200000e+00
    endloop
  endfacet
  facet normal 0.000000e+00 0.000000e+00 1.000000e+00
    outer loop
      vertex   -7.700000e+01 -3.200000e+00 -2.200000e+00
      vertex   -7.800000e+01 -2.767949e+00 -2.200000e+00
      vertex   -7.733646e+01 -3.244296e+00 -2.200000e+00
    endloop
  endfacet
  facet normal 0.000000e+00 0.000000e+00 1.000000e+00
    outer loop
      vertex   -7.733646e+01 -3.244296e+00 -2.200000e+00
      vertex   -7.800000e+01 -2.767949e+00 -2.200000e+00
      vertex   -7.841421e+01 -3.085786e+00 -2.200000e+00
    endloop
  endfacet
  facet normal 0.000000e+00 0.000000e+00 1.000000e+00
    outer loop
      vertex   -7.733646e+01 -3.244296e+00 -2.200000e+00
      vertex   -7.841421e+01 -3.085786e+00 -2.200000e+00
      vertex   -7.765000e+01 -3.374167e+00 -2.200000e+00
    endloop
  endfacet
  facet normal 0.000000e+00 0.000000e+00 1.000000e+00
    outer loop
      vertex   -7.765000e+01 -3.374167e+00 -2.200000e+00
      vertex   -7.841421e+01 -3.085786e+00 -2.200000e+00
      vertex   -7.873205e+01 -3.500000e+00 -2.200000e+00
    endloop
  endfacet
  facet normal 0.000000e+00 0.000000e+00 1.000000e+00
    outer loop
      vertex   -7.765000e+01 -3.374167e+00 -2.200000e+00
      vertex   -7.873205e+01 -3.500000e+00 -2.200000e+00
      vertex   -7.791924e+01 -3.580761e+00 -2.200000e+00
    endloop
  endfacet
  facet normal 0.000000e+00 0.000000e+00 1.000000e+00
    outer loop
      vertex   -7.791924e+01 -3.580761e+00 -2.200000e+00
      vertex   -7.873205e+01 -3.500000e+00 -2.200000e+00
      vertex   -7.812583e+01 -3.850000e+00 -2.200000e+00
    endloop
  endfacet
  facet normal 0.000000e+00 0.000000e+00 1.000000e+00
    outer loop
      vertex   -7.812583e+01 -3.850000e+00 -2.200000e+00
      vertex   -7.873205e+01 -3.500000e+00 -2.200000e+00
      vertex   -7.893185e+01 -3.982362e+00 -2.200000e+00
    endloop
  endfacet
  facet normal 0.000000e+00 0.000000e+00 1.000000e+00
    outer loop
      vertex   -7.812583e+01 -3.850000e+00 -2.200000e+00
      vertex   -7.893185e+01 -3.982362e+00 -2.200000e+00
      vertex   -7.825570e+01 -4.163535e+00 -2.200000e+00
    endloop
  endfacet
  facet normal 0.000000e+00 0.000000e+00 1.000000e+00
    outer loop
      vertex   -7.825570e+01 -4.163535e+00 -2.200000e+00
      vertex   -7.893185e+01 -3.982362e+00 -2.200000e+00
      vertex   -7.900000e+01 -4.500000e+00 -2.200000e+00
    endloop
  endfacet
  facet normal 0.000000e+00 0.000000e+00 1.000000e+00
    outer loop
      vertex   -7.825570e+01 -4.163535e+00 -2.200000e+00
      vertex   -7.900000e+01 -4.500000e+00 -2.200000e+00
      vertex   -7.830000e+01 -4.500000e+00 -2.200000e+00
    endloop
  endfacet
  facet normal 0.000000e+00 0.000000e+00 1.000000e+00
    outer loop
      vertex   -7.830000e+01 -4.500000e+00 -2.200000e+00
      vertex   -7.900000e+01 -4.500000e+00 -2.200000e+00
      vertex   -7.825570e+01 -4.836465e+00 -2.200000e+00
    endloop
  endfacet
  facet normal 0.000000e+00 0.000000e+00 1.000000e+00
    outer loop
      vertex   -7.825570e+01 -4.836465e+00 -2.200000e+00
      vertex   -7.900000e+01 -4.500000e+00 -2.200000e+00
      vertex   -7.893185e+01 -5.017638e+00 -2.200000e+00
    endloop
  endfacet
  facet normal 0.000000e+00 0.000000e+00 1.000000e+00
    outer loop
      vertex   -7.825570e+01 -4.836465e+00 -2.200000e+00
      vertex   -7.893185e+01 -5.017638e+00 -2.200000e+00
      vertex   -7.812583e+01 -5.150000e+00 -2.200000e+00
    endloop
  endfacet
  facet normal 0.000000e+00 0.000000e+00 1.000000e+00
    outer loop
      vertex   -7.812583e+01 -5.150000e+00 -2.200000e+00
      vertex   -7.893185e+01 -5.017638e+00 -2.200000e+00
      vertex   -7.873205e+01 -5.500000e+00 -2.200000e+00
    endloop
  endfacet
  facet normal 0.000000e+00 0.000000e+00 1.000000e+00
    outer loop
      vertex   -7.812583e+01 -5.150000e+00 -2.200000e+00
      vertex   -7.873205e+01 -5.500000e+00 -2.200000e+00
      vertex   -7.791924e+01 -5.419239e+00 -2.200000e+00
    endloop
  endfacet
  facet normal 0.000000e+00 0.000000e+00 1.000000e+00
    outer loop
      vertex   -7.791924e+01 -5.419239e+00 -2.200000e+00
      vertex   -7.873205e+01 -5.500000e+00 -2.200000e+00
      vertex   -7.765000e+01 -5.625833e+00 -2.200000e+00
    endloop
  endfacet
  facet normal 0.000000e+00 0.000000e+00 1.000000e+00
    outer loop
      vertex   -7.765000e+01 -5.625833e+00 -2.200000e+00
      vertex   -7.873205e+01 -5.500000e+00 -2.200000e+00
      vertex   -7.841421e+01 -5.914214e+00 -2.200000e+00
    endloop
  endfacet
  facet normal 0.000000e+00 0.000000e+00 1.000000e+00
    outer loop
      vertex   -7.765000e+01 -5.625833e+00 -2.200000e+00
      vertex   -7.841421e+01 -5.914214e+00 -2.200000e+00
      vertex   -7.733646e+01 -5.755704e+00 -2.200000e+00
    endloop
  endfacet
  facet normal 0.000000e+00 0.000000e+00 1.000000e+00
    outer loop
      vertex   -7.733646e+01 -5.755704e+00 -2.200000e+00
      vertex   -7.841421e+01 -5.914214e+00 -2.200000e+00
      vertex   -7.800000e+01 -6.232051e+00 -2.200000e+00
    endloop
  endfacet
  facet normal 0.000000e+00 0.000000e+00 1.000000e+00
    outer loop
      vertex   -7.733646e+01 -5.755704e+00 -2.200000e+00
      vertex   -7.800000e+01 -6.232051e+00 -2.200000e+00
      vertex   -7.700000e+01 -5.800000e+00 -2.200000e+00
    endloop
  endfacet
  facet normal 0.000000e+00 0.000000e+00 1.000000e+00
    outer loop
      vertex   -7.700000e+01 -5.800000e+00 -2.200000e+00
      vertex   -7.800000e+01 -6.232051e+00 -2.200000e+00
      vertex   -7.751764e+01 -6.431852e+00 -2.200000e+00
    endloop
  endfacet
  facet normal 0.000000e+00 0.000000e+00 1.000000e+00
    outer loop
      vertex   -7.700000e+01 -5.800000e+00 -2.200000e+00
      vertex   -7.751764e+01 -6.431852e+00 -2.200000e+00
      vertex   -7.700000e+01 -6.500000e+00 -2.200000e+00
    endloop
  endfacet
  facet normal 0.000000e+00 0.000000e+00 1.000000e+00
    outer loop
      vertex   -7.150000e+01 -6.500000e+00 -2.200000e+00
      vertex   -7.635000e+01 -5.625833e+00 -2.200000e+00
      vertex   -7.700000e+01 -6.500000e+00 -2.200000e+00
    endloop
  endfacet
  facet normal 0.000000e+00 0.000000e+00 1.000000e+00
    outer loop
      vertex   -7.700000e+01 -6.500000e+00 -2.200000e+00
      vertex   -7.635000e+01 -5.625833e+00 -2.200000e+00
      vertex   -7.666354e+01 -5.755704e+00 -2.200000e+00
    endloop
  endfacet
  facet normal 0.000000e+00 0.000000e+00 1.000000e+00
    outer loop
      vertex   -7.700000e+01 -6.500000e+00 -2.200000e+00
      vertex   -7.666354e+01 -5.755704e+00 -2.200000e+00
      vertex   -7.700000e+01 -5.800000e+00 -2.200000e+00
    endloop
  endfacet
  facet normal 3.255005e-15 2.497653e-15 1.000000e+00
    outer loop
      vertex   -7.608076e+01 -3.580761e+00 -2.200000e+00
      vertex   -7.587417e+01 -3.850000e+00 -2.200000e+00
      vertex   -7.500000e+01 -2.500000e+00 -2.200000e+00
    endloop
  endfacet
  facet normal 0.000000e+00 0.000000e+00 1.000000e+00
    outer loop
      vertex   -7.608076e+01 -5.419239e+00 -2.200000e+00
      vertex   -7.635000e+01 -5.625833e+00 -2.200000e+00
      vertex   -7.150000e+01 -6.500000e+00 -2.200000e+00
    endloop
  endfacet
  facet normal 1.000000e+00 0.000000e+00 0.000000e+00
    outer loop
      vertex   -6.900000e+01 -4.000000e+00 -6.200000e+00
      vertex   -6.900000e+01 -2.500000e+00 -6.200000e+00
      vertex   -6.900000e+01 -4.000000e+00 -2.200000e+00
    endloop
  endfacet
  facet normal 1.000000e+00 -0.000000e+00 0.000000e+00
    outer loop
      vertex   -6.900000e+01 -4.000000e+00 -2.200000e+00
      vertex   -6.900000e+01 -2.500000e+00 -6.200000e+00
      vertex   -6.900000e+01 -2.500000e+00 -2.200000e+00
    endloop
  endfacet
  facet normal 9.914449e-01 -1.305262e-01 -2.898264e-17
    outer loop
      vertex   -7.825570e+01 -4.163535e+00 -6.200000e+00
      vertex   -7.825570e+01 -4.163535e+00 -2.200000e+00
      vertex   -7.830000e+01 -4.500000e+00 -6.200000e+00
    endloop
  endfacet
  facet normal 9.914449e-01 -1.305262e-01 0.000000e+00
    outer loop
      vertex   -7.830000e+01 -4.500000e+00 -6.200000e+00
      vertex   -7.825570e+01 -4.163535e+00 -2.200000e+00
      vertex   -7.830000e+01 -4.500000e+00 -2.200000e+00
    endloop
  endfacet
  facet normal 9.914449e-01 1.305262e-01 -0.000000e+00
    outer loop
      vertex   -7.830000e+01 -4.500000e+00 -6.200000e+00
      vertex   -7.830000e+01 -4.500000e+00 -2.200000e+00
      vertex   -7.825570e+01 -4.836465e+00 -6.200000e+00
    endloop
  endfacet
  facet normal 9.914449e-01 1.305262e-01 2.898264e-17
    outer loop
      vertex   -7.825570e+01 -4.836465e+00 -6.200000e+00
      vertex   -7.830000e+01 -4.500000e+00 -2.200000e+00
      vertex   -7.825570e+01 -4.836465e+00 -2.200000e+00
    endloop
  endfacet
  facet normal 9.238795e-01 3.826834e-01 8.497279e-17
    outer loop
      vertex   -7.825570e+01 -4.836465e+00 -6.200000e+00
      vertex   -7.825570e+01 -4.836465e+00 -2.200000e+00
      vertex   -7.812583e+01 -5.150000e+00 -6.200000e+00
    endloop
  endfacet
  facet normal 9.238795e-01 3.826834e-01 -0.000000e+00
    outer loop
      vertex   -7.812583e+01 -5.150000e+00 -6.200000e+00
      vertex   -7.825570e+01 -4.836465e+00 -2.200000e+00
      vertex   -7.812583e+01 -5.150000e+00 -2.200000e+00
    endloop
  endfacet
  facet normal 7.933533e-01 6.087614e-01 -0.000000e+00
    outer loop
      vertex   -7.812583e+01 -5.150000e+00 -6.200000e+00
      vertex   -7.812583e+01 -5.150000e+00 -2.200000e+00
      vertex   -7.791924e+01 -5.419239e+00 -6.200000e+00
    endloop
  endfacet
  facet normal 7.933533e-01 6.087614e-01 -0.000000e+00
    outer loop
      vertex   -7.791924e+01 -5.419239e+00 -6.200000e+00
      vertex   -7.812583e+01 -5.150000e+00 -2.200000e+00
      vertex   -7.791924e+01 -5.419239e+00 -2.200000e+00
    endloop
  endfacet
  facet normal 6.087614e-01 7.933533e-01 -0.000000e+00
    outer loop
      vertex   -7.791924e+01 -5.419239e+00 -6.200000e+00
      vertex   -7.791924e+01 -5.419239e+00 -2.200000e+00
      vertex   -7.765000e+01 -5.625833e+00 -6.200000e+00
    endloop
  endfacet
  facet normal 6.087614e-01 7.933533e-01 -1.986595e-15
    outer loop
      vertex   -7.765000e+01 -5.625833e+00 -6.200000e+00
      vertex   -7.791924e+01 -5.419239e+00 -2.200000e+00
      vertex   -7.765000e+01 -5.625833e+00 -2.200000e+00
    endloop
  endfacet
  facet normal 3.826834e-01 9.238795e-01 -1.154422e-15
    outer loop
      vertex   -7.765000e+01 -5.625833e+00 -6.200000e+00
      vertex   -7.765000e+01 -5.625833e+00 -2.200000e+00
      vertex   -7.733646e+01 -5.755704e+00 -6.200000e+00
    endloop
  endfacet
  facet normal 3.826834e-01 9.238795e-01 -0.000000e+00
    outer loop
      vertex   -7.733646e+01 -5.755704e+00 -6.200000e+00
      vertex   -7.765000e+01 -5.625833e+00 -2.200000e+00
      vertex   -7.733646e+01 -5.755704e+00 -2.200000e+00
    endloop
  endfacet
  facet normal 1.305262e-01 9.914449e-01 -0.000000e+00
    outer loop
      vertex   -7.733646e+01 -5.755704e+00 -6.200000e+00
      vertex   -7.733646e+01 -5.755704e+00 -2.200000e+00
      vertex   -7.700000e+01 -5.800000e+00 -6.200000e+00
    endloop
  endfacet
  facet normal 1.305262e-01 9.914449e-01 -0.000000e+00
    outer loop
      vertex   -7.700000e+01 -5.800000e+00 -6.200000e+00
      vertex   -7.733646e+01 -5.755704e+00 -2.200000e+00
      vertex   -7.700000e+01 -5.800000e+00 -2.200000e+00
    endloop
  endfacet
  facet normal -1.305262e-01 9.914449e-01 0.000000e+00
    outer loop
      vertex   -7.700000e+01 -5.800000e+00 -6.200000e+00
      vertex   -7.700000e+01 -5.800000e+00 -2.200000e+00
      vertex   -7.666354e+01 -5.755704e+00 -6.200000e+00
    endloop
  endfacet
  facet normal -1.305262e-01 9.914449e-01 -2.201450e-16
    outer loop
      vertex   -7.666354e+01 -5.755704e+00 -6.200000e+00
      vertex   -7.700000e+01 -5.800000e+00 -2.200000e+00
      vertex   -7.666354e+01 -5.755704e+00 -2.200000e+00
    endloop
  endfacet
  facet normal -3.826834e-01 9.238795e-01 -2.051425e-16
    outer loop
      vertex   -7.666354e+01 -5.755704e+00 -6.200000e+00
      vertex   -7.666354e+01 -5.755704e+00 -2.200000e+00
      vertex   -7.635000e+01 -5.625833e+00 -6.200000e+00
    endloop
  endfacet
  facet normal -3.826834e-01 9.238795e-01 1.359565e-15
    outer loop
      vertex   -7.635000e+01 -5.625833e+00 -6.200000e+00
      vertex   -7.666354e+01 -5.755704e+00 -2.200000e+00
      vertex   -7.635000e+01 -5.625833e+00 -2.200000e+00
    endloop
  endfacet
  facet normal -6.087614e-01 7.933533e-01 2.162755e-15
    outer loop
      vertex   -7.635000e+01 -5.625833e+00 -6.200000e+00
      vertex   -7.635000e+01 -5.625833e+00 -2.200000e+00
      vertex   -7.608076e+01 -5.419239e+00 -6.200000e+00
    endloop
  endfacet
  facet normal -6.087614e-01 7.933533e-01 -3.523197e-16
    outer loop
      vertex   -7.608076e+01 -5.419239e+00 -6.200000e+00
      vertex   -7.635000e+01 -5.625833e+00 -2.200000e+00
      vertex   -7.608076e+01 -5.419239e+00 -2.200000e+00
    endloop
  endfacet
  facet normal -7.933533e-01 6.087614e-01 -2.703444e-16
    outer loop
      vertex   -7.608076e+01 -5.419239e+00 -6.200000e+00
      vertex   -7.608076e+01 -5.419239e+00 -2.200000e+00
      vertex   -7.587417e+01 -5.150000e+00 -6.200000e+00
    endloop
  endfacet
  facet normal -7.933533e-01 6.087614e-01 0.000000e+00
    outer loop
      vertex   -7.587417e+01 -5.150000e+00 -6.200000e+00
      vertex   -7.608076e+01 -5.419239e+00 -2.200000e+00
      vertex   -7.587417e+01 -5.150000e+00 -2.200000e+00
    endloop
  endfacet
  facet normal -9.238795e-01 3.826834e-01 0.000000e+00
    outer loop
      vertex   -7.587417e+01 -5.150000e+00 -6.200000e+00
      vertex   -7.587417e+01 -5.150000e+00 -2.200000e+00
      vertex   -7.574430e+01 -4.836465e+00 -6.200000e+00
    endloop
  endfacet
  facet normal -9.238795e-01 3.826834e-01 0.000000e+00
    outer loop
      vertex   -7.574430e+01 -4.836465e+00 -6.200000e+00
      vertex   -7.587417e+01 -5.150000e+00 -2.200000e+00
      vertex   -7.574430e+01 -4.836465e+00 -2.200000e+00
    endloop
  endfacet
  facet normal -9.914449e-01 1.305262e-01 0.000000e+00
    outer loop
      vertex   -7.574430e+01 -4.836465e+00 -6.200000e+00
      vertex   -7.574430e+01 -4.836465e+00 -2.200000e+00
      vertex   -7.570000e+01 -4.500000e+00 -6.200000e+00
    endloop
  endfacet
  facet normal -9.914449e-01 1.305262e-01 0.000000e+00
    outer loop
      vertex   -7.570000e+01 -4.500000e+00 -6.200000e+00
      vertex   -7.574430e+01 -4.836465e+00 -2.200000e+00
      vertex   -7.570000e+01 -4.500000e+00 -2.200000e+00
    endloop
  endfacet
  facet normal -9.914449e-01 -1.305262e-01 0.000000e+00
    outer loop
      vertex   -7.570000e+01 -4.500000e+00 -6.200000e+00
      vertex   -7.570000e+01 -4.500000e+00 -2.200000e+00
      vertex   -7.574430e+01 -4.163535e+00 -6.200000e+00
    endloop
  endfacet
  facet normal -9.914449e-01 -1.305262e-01 0.000000e+00
    outer loop
      vertex   -7.574430e+01 -4.163535e+00 -6.200000e+00
      vertex   -7.570000e+01 -4.500000e+00 -2.200000e+00
      vertex   -7.574430e+01 -4.163535e+00 -2.200000e+00
    endloop
  endfacet
  facet normal -9.238795e-01 -3.826834e-01 0.000000e+00
    outer loop
      vertex   -7.574430e+01 -4.163535e+00 -6.200000e+00
      vertex   -7.574430e+01 -4.163535e+00 -2.200000e+00
      vertex   -7.587417e+01 -3.850000e+00 -6.200000e+00
    endloop
  endfacet
  facet normal -9.238795e-01 -3.826834e-01 0.000000e+00
    outer loop
      vertex   -7.587417e+01 -3.850000e+00 -6.200000e+00
      vertex   -7.574430e+01 -4.163535e+00 -2.200000e+00
      vertex   -7.587417e+01 -3.850000e+00 -2.200000e+00
    endloop
  endfacet
  facet normal -7.933533e-01 -6.087614e-01 0.000000e+00
    outer loop
      vertex   -7.587417e+01 -3.850000e+00 -6.200000e+00
      vertex   -7.587417e+01 -3.850000e+00 -2.200000e+00
      vertex   -7.608076e+01 -3.580761e+00 -6.200000e+00
    endloop
  endfacet
  facet normal -7.933533e-01 -6.087614e-01 6.758610e-17
    outer loop
      vertex   -7.608076e+01 -3.580761e+00 -6.200000e+00
      vertex   -7.587417e+01 -3.850000e+00 -2.200000e+00
      vertex   -7.608076e+01 -3.580761e+00 -2.200000e+00
    endloop
  endfacet
  facet normal -6.087614e-01 -7.933533e-01 8.807991e-17
    outer loop
      vertex   -7.608076e+01 -3.580761e+00 -6.200000e+00
      vertex   -7.608076e+01 -3.580761e+00 -2.200000e+00
      vertex   -7.635000e+01 -3.374167e+00 -6.200000e+00
    endloop
  endfacet
  facet normal -6.087614e-01 -7.933533e-01 -2.074675e-15
    outer loop
      vertex   -7.635000e+01 -3.374167e+00 -6.200000e+00
      vertex   -7.608076e+01 -3.580761e+00 -2.200000e+00
      vertex   -7.635000e+01 -3.374167e+00 -2.200000e+00
    endloop
  endfacet
  facet normal -3.826834e-01 -9.238795e-01 -1.256993e-15
    outer loop
      vertex   -7.635000e+01 -3.374167e+00 -6.200000e+00
      vertex   -7.635000e+01 -3.374167e+00 -2.200000e+00
      vertex   -7.666354e+01 -3.244296e+00 -6.200000e+00
    endloop
  endfacet
  facet normal -3.826834e-01 -9.238795e-01 1.025712e-16
    outer loop
      vertex   -7.666354e+01 -3.244296e+00 -6.200000e+00
      vertex   -7.635000e+01 -3.374167e+00 -2.200000e+00
      vertex   -7.666354e+01 -3.244296e+00 -2.200000e+00
    endloop
  endfacet
  facet normal -1.305262e-01 -9.914449e-01 1.100725e-16
    outer loop
      vertex   -7.666354e+01 -3.244296e+00 -6.200000e+00
      vertex   -7.666354e+01 -3.244296e+00 -2.200000e+00
      vertex   -7.700000e+01 -3.200000e+00 -6.200000e+00
    endloop
  endfacet
  facet normal -1.305262e-01 -9.914449e-01 0.000000e+00
    outer loop
      vertex   -7.700000e+01 -3.200000e+00 -6.200000e+00
      vertex   -7.666354e+01 -3.244296e+00 -2.200000e+00
      vertex   -7.700000e+01 -3.200000e+00 -2.200000e+00
    endloop
  endfacet
  facet normal 1.305262e-01 -9.914449e-01 0.000000e+00
    outer loop
      vertex   -7.700000e+01 -3.200000e+00 -6.200000e+00
      vertex   -7.700000e+01 -3.200000e+00 -2.200000e+00
      vertex   -7.733646e+01 -3.244296e+00 -6.200000e+00
    endloop
  endfacet
  facet normal 1.305262e-01 -9.914449e-01 -1.100725e-16
    outer loop
      vertex   -7.733646e+01 -3.244296e+00 -6.200000e+00
      vertex   -7.700000e+01 -3.200000e+00 -2.200000e+00
      vertex   -7.733646e+01 -3.244296e+00 -2.200000e+00
    endloop
  endfacet
  facet normal 3.826834e-01 -9.238795e-01 -1.025712e-16
    outer loop
      vertex   -7.733646e+01 -3.244296e+00 -6.200000e+00
      vertex   -7.733646e+01 -3.244296e+00 -2.200000e+00
      vertex   -7.765000e+01 -3.374167e+00 -6.200000e+00
    endloop
  endfacet
  facet normal 3.826834e-01 -9.238795e-01 1.051851e-15
    outer loop
      vertex   -7.765000e+01 -3.374167e+00 -6.200000e+00
      vertex   -7.733646e+01 -3.244296e+00 -2.200000e+00
      vertex   -7.765000e+01 -3.374167e+00 -2.200000e+00
    endloop
  endfacet
  facet normal 6.087614e-01 -7.933533e-01 1.898515e-15
    outer loop
      vertex   -7.765000e+01 -3.374167e+00 -6.200000e+00
      vertex   -7.765000e+01 -3.374167e+00 -2.200000e+00
      vertex   -7.791924e+01 -3.580761e+00 -6.200000e+00
    endloop
  endfacet
  facet normal 6.087614e-01 -7.933533e-01 0.000000e+00
    outer loop
      vertex   -7.791924e+01 -3.580761e+00 -6.200000e+00
      vertex   -7.765000e+01 -3.374167e+00 -2.200000e+00
      vertex   -7.791924e+01 -3.580761e+00 -2.200000e+00
    endloop
  endfacet
  facet normal 7.933533e-01 -6.087614e-01 0.000000e+00
    outer loop
      vertex   -7.791924e+01 -3.580761e+00 -6.200000e+00
      vertex   -7.791924e+01 -3.580761e+00 -2.200000e+00
      vertex   -7.812583e+01 -3.850000e+00 -6.200000e+00
    endloop
  endfacet
  facet normal 7.933533e-01 -6.087614e-01 -6.758610e-17
    outer loop
      vertex   -7.812583e+01 -3.850000e+00 -6.200000e+00
      vertex   -7.791924e+01 -3.580761e+00 -2.200000e+00
      vertex   -7.812583e+01 -3.850000e+00 -2.200000e+00
    endloop
  endfacet
  facet normal 9.238795e-01 -3.826834e-01 -4.248640e-17
    outer loop
      vertex   -7.812583e+01 -3.850000e+00 -6.200000e+00
      vertex   -7.812583e+01 -3.850000e+00 -2.200000e+00
      vertex   -7.825570e+01 -4.163535e+00 -6.200000e+00
    endloop
  endfacet
  facet normal 9.238795e-01 -3.826834e-01 -8.497279e-17
    outer loop
      vertex   -7.825570e+01 -4.163535e+00 -6.200000e+00
      vertex   -7.812583e+01 -3.850000e+00 -2.200000e+00
      vertex   -7.825570e+01 -4.163535e+00 -2.200000e+00
    endloop
  endfacet
  facet normal 3.229740e-16 -1.000000e+00 0.000000e+00
    outer loop
      vertex   -7.150000e+01 -6.500000e+00 -2.200000e+00
      vertex   -7.700000e+01 -6.500000e+00 -2.200000e+00
      vertex   -7.150000e+01 -6.500000e+00 -6.200000e+00
    endloop
  endfacet
  facet normal 3.229740e-16 -1.000000e+00 0.000000e+00
    outer loop
      vertex   -7.150000e+01 -6.500000e+00 -6.200000e+00
      vertex   -7.700000e+01 -6.500000e+00 -2.200000e+00
      vertex   -7.700000e+01 -6.500000e+00 -6.200000e+00
    endloop
  endfacet
  facet normal -2.220446e-16 1.000000e+00 -7.888609e-31
    outer loop
      vertex   -7.500000e+01 -2.500000e+00 -6.200000e+00
      vertex   -7.700000e+01 -2.500000e+00 -6.200000e+00
      vertex   -7.500000e+01 -2.500000e+00 -2.200000e+00
    endloop
  endfacet
  facet normal -2.220446e-16 1.000000e+00 0.000000e+00
    outer loop
      vertex   -7.500000e+01 -2.500000e+00 -2.200000e+00
      vertex   -7.700000e+01 -2.500000e+00 -6.200000e+00
      vertex   -7.700000e+01 -2.500000e+00 -2.200000e+00
    endloop
  endfacet
  facet normal -1.305262e-01 -9.914449e-01 0.000000e+00
    outer loop
      vertex   -7.700000e+01 -6.500000e+00 -6.200000e+00
      vertex   -7.700000e+01 -6.500000e+00 -2.200000e+00
      vertex   -7.751764e+01 -6.431852e+00 -6.200000e+00
    endloop
  endfacet
  facet normal -1.305262e-01 -9.914449e-01 0.000000e+00
    outer loop
      vertex   -7.751764e+01 -6.431852e+00 -6.200000e+00
      vertex   -7.700000e+01 -6.500000e+00 -2.200000e+00
      vertex   -7.751764e+01 -6.431852e+00 -2.200000e+00
    endloop
  endfacet
  facet normal -3.826834e-01 -9.238795e-01 0.000000e+00
    outer loop
      vertex   -7.751764e+01 -6.431852e+00 -6.200000e+00
      vertex   -7.751764e+01 -6.431852e+00 -2.200000e+00
      vertex   -7.800000e+01 -6.232051e+00 -6.200000e+00
    endloop
  endfacet
  facet normal -3.826834e-01 -9.238795e-01 0.000000e+00
    outer loop
      vertex   -7.800000e+01 -6.232051e+00 -6.200000e+00
      vertex   -7.751764e+01 -6.431852e+00 -2.200000e+00
      vertex   -7.800000e+01 -6.232051e+00 -2.200000e+00
    endloop
  endfacet
  facet normal -6.087614e-01 -7.933533e-01 0.000000e+00
    outer loop
      vertex   -7.800000e+01 -6.232051e+00 -6.200000e+00
      vertex   -7.800000e+01 -6.232051e+00 -2.200000e+00
      vertex   -7.841421e+01 -5.914214e+00 -6.200000e+00
    endloop
  endfacet
  facet normal -6.087614e-01 -7.933533e-01 0.000000e+00
    outer loop
      vertex   -7.841421e+01 -5.914214e+00 -6.200000e+00
      vertex   -7.800000e+01 -6.232051e+00 -2.200000e+00
      vertex   -7.841421e+01 -5.914214e+00 -2.200000e+00
    endloop
  endfacet
  facet normal -7.933533e-01 -6.087614e-01 0.000000e+00
    outer loop
      vertex   -7.841421e+01 -5.914214e+00 -6.200000e+00
      vertex   -7.841421e+01 -5.914214e+00 -2.200000e+00
      vertex   -7.873205e+01 -5.500000e+00 -6.200000e+00
    endloop
  endfacet
  facet normal -7.933533e-01 -6.087614e-01 0.000000e+00
    outer loop
      vertex   -7.873205e+01 -5.500000e+00 -6.200000e+00
      vertex   -7.841421e+01 -5.914214e+00 -2.200000e+00
      vertex   -7.873205e+01 -5.500000e+00 -2.200000e+00
    endloop
  endfacet
  facet normal -9.238795e-01 -3.826834e-01 0.000000e+00
    outer loop
      vertex   -7.873205e+01 -5.500000e+00 -6.200000e+00
      vertex   -7.873205e+01 -5.500000e+00 -2.200000e+00
      vertex   -7.893185e+01 -5.017638e+00 -6.200000e+00
    endloop
  endfacet
  facet normal -9.238795e-01 -3.826834e-01 0.000000e+00
    outer loop
      vertex   -7.893185e+01 -5.017638e+00 -6.200000e+00
      vertex   -7.873205e+01 -5.500000e+00 -2.200000e+00
      vertex   -7.893185e+01 -5.017638e+00 -2.200000e+00
    endloop
  endfacet
  facet normal -9.914449e-01 -1.305262e-01 0.000000e+00
    outer loop
      vertex   -7.893185e+01 -5.017638e+00 -6.200000e+00
      vertex   -7.893185e+01 -5.017638e+00 -2.200000e+00
      vertex   -7.900000e+01 -4.500000e+00 -6.200000e+00
    endloop
  endfacet
  facet normal -9.914449e-01 -1.305262e-01 0.000000e+00
    outer loop
      vertex   -7.900000e+01 -4.500000e+00 -6.200000e+00
      vertex   -7.893185e+01 -5.017638e+00 -2.200000e+00
      vertex   -7.900000e+01 -4.500000e+00 -2.200000e+00
    endloop
  endfacet
  facet normal -9.914449e-01 1.305262e-01 0.000000e+00
    outer loop
      vertex   -7.900000e+01 -4.500000e+00 -6.200000e+00
      vertex   -7.900000e+01 -4.500000e+00 -2.200000e+00
      vertex   -7.893185e+01 -3.982362e+00 -6.200000e+00
    endloop
  endfacet
  facet normal -9.914449e-01 1.305262e-01 0.000000e+00
    outer loop
      vertex   -7.893185e+01 -3.982362e+00 -6.200000e+00
      vertex   -7.900000e+01 -4.500000e+00 -2.200000e+00
      vertex   -7.893185e+01 -3.982362e+00 -2.200000e+00
    endloop
  endfacet
  facet normal -9.238795e-01 3.826834e-01 0.000000e+00
    outer loop
      vertex   -7.893185e+01 -3.982362e+00 -6.200000e+00
      vertex   -7.893185e+01 -3.982362e+00 -2.200000e+00
      vertex   -7.873205e+01 -3.500000e+00 -6.200000e+00
    endloop
  endfacet
  facet normal -9.238795e-01 3.826834e-01 0.000000e+00
    outer loop
      vertex   -7.873205e+01 -3.500000e+00 -6.200000e+00
      vertex   -7.893185e+01 -3.982362e+00 -2.200000e+00
      vertex   -7.873205e+01 -3.500000e+00 -2.200000e+00
    endloop
  endfacet
  facet normal -7.933533e-01 6.087614e-01 0.000000e+00
    outer loop
      vertex   -7.873205e+01 -3.500000e+00 -6.200000e+00
      vertex   -7.873205e+01 -3.500000e+00 -2.200000e+00
      vertex   -7.841421e+01 -3.085786e+00 -6.200000e+00
    endloop
  endfacet
  facet normal -7.933533e-01 6.087614e-01 0.000000e+00
    outer loop
      vertex   -7.841421e+01 -3.085786e+00 -6.200000e+00
      vertex   -7.873205e+01 -3.500000e+00 -2.200000e+00
      vertex   -7.841421e+01 -3.085786e+00 -2.200000e+00
    endloop
  endfacet
  facet normal -6.087614e-01 7.933534e-01 0.000000e+00
    outer loop
      vertex   -7.841421e+01 -3.085786e+00 -6.200000e+00
      vertex   -7.841421e+01 -3.085786e+00 -2.200000e+00
      vertex   -7.800000e+01 -2.767949e+00 -6.200000e+00
    endloop
  endfacet
  facet normal -6.087614e-01 7.933534e-01 0.000000e+00
    outer loop
      vertex   -7.800000e+01 -2.767949e+00 -6.200000e+00
      vertex   -7.841421e+01 -3.085786e+00 -2.200000e+00
      vertex   -7.800000e+01 -2.767949e+00 -2.200000e+00
    endloop
  endfacet
  facet normal -3.826834e-01 9.238795e-01 0.000000e+00
    outer loop
      vertex   -7.800000e+01 -2.767949e+00 -6.200000e+00
      vertex   -7.800000e+01 -2.767949e+00 -2.200000e+00
      vertex   -7.751764e+01 -2.568148e+00 -6.200000e+00
    endloop
  endfacet
  facet normal -3.826834e-01 9.238795e-01 0.000000e+00
    outer loop
      vertex   -7.751764e+01 -2.568148e+00 -6.200000e+00
      vertex   -7.800000e+01 -2.767949e+00 -2.200000e+00
      vertex   -7.751764e+01 -2.568148e+00 -2.200000e+00
    endloop
  endfacet
  facet normal -1.305262e-01 9.914449e-01 0.000000e+00
    outer loop
      vertex   -7.751764e+01 -2.568148e+00 -6.200000e+00
      vertex   -7.751764e+01 -2.568148e+00 -2.200000e+00
      vertex   -7.700000e+01 -2.500000e+00 -6.200000e+00
    endloop
  endfacet
  facet normal -1.305262e-01 9.914449e-01 0.000000e+00
    outer loop
      vertex   -7.700000e+01 -2.500000e+00 -6.200000e+00
      vertex   -7.751764e+01 -2.568148e+00 -2.200000e+00
      vertex   -7.700000e+01 -2.500000e+00 -2.200000e+00
    endloop
  endfacet
  facet normal 3.339084e-17 -1.377059e-15 -1.000000e+00
    outer loop
      vertex   -6.908519e+01 -4.647048e+00 -6.200000e+00
      vertex   -7.574430e+01 -4.163535e+00 -6.200000e+00
      vertex   -6.900000e+01 -4.000000e+00 -6.200000e+00
    endloop
  endfacet
  facet normal -0.000000e+00 0.000000e+00 -1.000000e+00
    outer loop
      vertex   -6.900000e+01 -4.000000e+00 -6.200000e+00
      vertex   -7.574430e+01 -4.163535e+00 -6.200000e+00
      vertex   -7.587417e+01 -3.850000e+00 -6.200000e+00
    endloop
  endfacet
  facet normal 2.831223e-17 1.297487e-15 -1.000000e+00
    outer loop
      vertex   -6.900000e+01 -4.000000e+00 -6.200000e+00
      vertex   -7.587417e+01 -3.850000e+00 -6.200000e+00
      vertex   -7.500000e+01 -2.500000e+00 -6.200000e+00
    endloop
  endfacet
  facet normal 9.300013e-16 7.136151e-16 -1.000000e+00
    outer loop
      vertex   -7.500000e+01 -2.500000e+00 -6.200000e+00
      vertex   -7.587417e+01 -3.850000e+00 -6.200000e+00
      vertex   -7.608076e+01 -3.580761e+00 -6.200000e+00
    endloop
  endfacet
  facet normal 7.136151e-16 9.300013e-16 -1.000000e+00
    outer loop
      vertex   -7.500000e+01 -2.500000e+00 -6.200000e+00
      vertex   -7.608076e+01 -3.580761e+00 -6.200000e+00
      vertex   -7.635000e+01 -3.374167e+00 -6.200000e+00
    endloop
  endfacet
  facet normal 1.349682e-16 -5.590564e-17 -1.000000e+00
    outer loop
      vertex   -6.933494e+01 -5.250000e+00 -6.200000e+00
      vertex   -7.574430e+01 -4.836465e+00 -6.200000e+00
      vertex   -6.908519e+01 -4.647048e+00 -6.200000e+00
    endloop
  endfacet
  facet normal 1.338793e-16 -1.762554e-17 -1.000000e+00
    outer loop
      vertex   -6.908519e+01 -4.647048e+00 -6.200000e+00
      vertex   -7.574430e+01 -4.836465e+00 -6.200000e+00
      vertex   -7.570000e+01 -4.500000e+00 -6.200000e+00
    endloop
  endfacet
  facet normal 1.346652e-16 1.772901e-17 -1.000000e+00
    outer loop
      vertex   -6.908519e+01 -4.647048e+00 -6.200000e+00
      vertex   -7.570000e+01 -4.500000e+00 -6.200000e+00
      vertex   -7.574430e+01 -4.163535e+00 -6.200000e+00
    endloop
  endfacet
  facet normal 1.320382e-16 -1.013165e-16 -1.000000e+00
    outer loop
      vertex   -6.933494e+01 -5.250000e+00 -6.200000e+00
      vertex   -6.973223e+01 -5.767767e+00 -6.200000e+00
      vertex   -7.574430e+01 -4.836465e+00 -6.200000e+00
    endloop
  endfacet
  facet normal 1.388251e-16 -5.750325e-17 -1.000000e+00
    outer loop
      vertex   -7.574430e+01 -4.836465e+00 -6.200000e+00
      vertex   -6.973223e+01 -5.767767e+00 -6.200000e+00
      vertex   -7.587417e+01 -5.150000e+00 -6.200000e+00
    endloop
  endfacet
  facet normal 1.278502e-16 -1.666176e-16 -1.000000e+00
    outer loop
      vertex   -7.587417e+01 -5.150000e+00 -6.200000e+00
      vertex   -6.973223e+01 -5.767767e+00 -6.200000e+00
      vertex   -7.025000e+01 -6.165064e+00 -6.200000e+00
    endloop
  endfacet
  facet normal 3.803378e-16 1.232342e-15 -1.000000e+00
    outer loop
      vertex   -7.587417e+01 -5.150000e+00 -6.200000e+00
      vertex   -7.025000e+01 -6.165064e+00 -6.200000e+00
      vertex   -7.150000e+01 -6.500000e+00 -6.200000e+00
    endloop
  endfacet
  facet normal 2.012222e-15 -4.857935e-15 -1.000000e+00
    outer loop
      vertex   -7.150000e+01 -6.500000e+00 -6.200000e+00
      vertex   -7.025000e+01 -6.165064e+00 -6.200000e+00
      vertex   -7.085295e+01 -6.414815e+00 -6.200000e+00
    endloop
  endfacet
  facet normal 0.000000e+00 0.000000e+00 -1.000000e+00
    outer loop
      vertex   -7.700000e+01 -6.500000e+00 -6.200000e+00
      vertex   -7.635000e+01 -5.625833e+00 -6.200000e+00
      vertex   -7.150000e+01 -6.500000e+00 -6.200000e+00
    endloop
  endfacet
  facet normal 0.000000e+00 0.000000e+00 -1.000000e+00
    outer loop
      vertex   -7.150000e+01 -6.500000e+00 -6.200000e+00
      vertex   -7.635000e+01 -5.625833e+00 -6.200000e+00
      vertex   -7.608076e+01 -5.419239e+00 -6.200000e+00
    endloop
  endfacet
  facet normal 0.000000e+00 0.000000e+00 -1.000000e+00
    outer loop
      vertex   -7.150000e+01 -6.500000e+00 -6.200000e+00
      vertex   -7.608076e+01 -5.419239e+00 -6.200000e+00
      vertex   -7.587417e+01 -5.150000e+00 -6.200000e+00
    endloop
  endfacet
  facet normal 0.000000e+00 0.000000e+00 -1.000000e+00
    outer loop
      vertex   -7.751764e+01 -6.431852e+00 -6.200000e+00
      vertex   -7.700000e+01 -5.800000e+00 -6.200000e+00
      vertex   -7.700000e+01 -6.500000e+00 -6.200000e+00
    endloop
  endfacet
  facet normal 0.000000e+00 0.000000e+00 -1.000000e+00
    outer loop
      vertex   -7.700000e+01 -6.500000e+00 -6.200000e+00
      vertex   -7.700000e+01 -5.800000e+00 -6.200000e+00
      vertex   -7.666354e+01 -5.755704e+00 -6.200000e+00
    endloop
  endfacet
  facet normal 0.000000e+00 0.000000e+00 -1.000000e+00
    outer loop
      vertex   -7.700000e+01 -6.500000e+00 -6.200000e+00
      vertex   -7.666354e+01 -5.755704e+00 -6.200000e+00
      vertex   -7.635000e+01 -5.625833e+00 -6.200000e+00
    endloop
  endfacet
  facet normal 0.000000e+00 0.000000e+00 -1.000000e+00
    outer loop
      vertex   -7.751764e+01 -6.431852e+00 -6.200000e+00
      vertex   -7.800000e+01 -6.232051e+00 -6.200000e+00
      vertex   -7.700000e+01 -5.800000e+00 -6.200000e+00
    endloop
  endfacet
  facet normal -0.000000e+00 0.000000e+00 -1.000000e+00
    outer loop
      vertex   -7.700000e+01 -5.800000e+00 -6.200000e+00
      vertex   -7.800000e+01 -6.232051e+00 -6.200000e+00
      vertex   -7.733646e+01 -5.755704e+00 -6.200000e+00
    endloop
  endfacet
  facet normal 0.000000e+00 0.000000e+00 -1.000000e+00
    outer loop
      vertex   -7.733646e+01 -5.755704e+00 -6.200000e+00
      vertex   -7.800000e+01 -6.232051e+00 -6.200000e+00
      vertex   -7.841421e+01 -5.914214e+00 -6.200000e+00
    endloop
  endfacet
  facet normal -0.000000e+00 0.000000e+00 -1.000000e+00
    outer loop
      vertex   -7.733646e+01 -5.755704e+00 -6.200000e+00
      vertex   -7.841421e+01 -5.914214e+00 -6.200000e+00
      vertex   -7.765000e+01 -5.625833e+00 -6.200000e+00
    endloop
  endfacet
  facet normal -0.000000e+00 0.000000e+00 -1.000000e+00
    outer loop
      vertex   -7.765000e+01 -5.625833e+00 -6.200000e+00
      vertex   -7.841421e+01 -5.914214e+00 -6.200000e+00
      vertex   -7.873205e+01 -5.500000e+00 -6.200000e+00
    endloop
  endfacet
  facet normal 0.000000e+00 0.000000e+00 -1.000000e+00
    outer loop
      vertex   -7.765000e+01 -5.625833e+00 -6.200000e+00
      vertex   -7.873205e+01 -5.500000e+00 -6.200000e+00
      vertex   -7.791924e+01 -5.419239e+00 -6.200000e+00
    endloop
  endfacet
  facet normal -0.000000e+00 0.000000e+00 -1.000000e+00
    outer loop
      vertex   -7.791924e+01 -5.419239e+00 -6.200000e+00
      vertex   -7.873205e+01 -5.500000e+00 -6.200000e+00
      vertex   -7.812583e+01 -5.150000e+00 -6.200000e+00
    endloop
  endfacet
  facet normal -0.000000e+00 0.000000e+00 -1.000000e+00
    outer loop
      vertex   -7.812583e+01 -5.150000e+00 -6.200000e+00
      vertex   -7.873205e+01 -5.500000e+00 -6.200000e+00
      vertex   -7.893185e+01 -5.017638e+00 -6.200000e+00
    endloop
  endfacet
  facet normal 0.000000e+00 0.000000e+00 -1.000000e+00
    outer loop
      vertex   -7.812583e+01 -5.150000e+00 -6.200000e+00
      vertex   -7.893185e+01 -5.017638e+00 -6.200000e+00
      vertex   -7.825570e+01 -4.836465e+00 -6.200000e+00
    endloop
  endfacet
  facet normal -0.000000e+00 0.000000e+00 -1.000000e+00
    outer loop
      vertex   -7.825570e+01 -4.836465e+00 -6.200000e+00
      vertex   -7.893185e+01 -5.017638e+00 -6.200000e+00
      vertex   -7.900000e+01 -4.500000e+00 -6.200000e+00
    endloop
  endfacet
  facet normal 0.000000e+00 0.000000e+00 -1.000000e+00
    outer loop
      vertex   -7.825570e+01 -4.836465e+00 -6.200000e+00
      vertex   -7.900000e+01 -4.500000e+00 -6.200000e+00
      vertex   -7.830000e+01 -4.500000e+00 -6.200000e+00
    endloop
  endfacet
  facet normal 0.000000e+00 0.000000e+00 -1.000000e+00
    outer loop
      vertex   -7.830000e+01 -4.500000e+00 -6.200000e+00
      vertex   -7.900000e+01 -4.500000e+00 -6.200000e+00
      vertex   -7.825570e+01 -4.163535e+00 -6.200000e+00
    endloop
  endfacet
  facet normal -0.000000e+00 0.000000e+00 -1.000000e+00
    outer loop
      vertex   -7.825570e+01 -4.163535e+00 -6.200000e+00
      vertex   -7.900000e+01 -4.500000e+00 -6.200000e+00
      vertex   -7.893185e+01 -3.982362e+00 -6.200000e+00
    endloop
  endfacet
  facet normal 0.000000e+00 0.000000e+00 -1.000000e+00
    outer loop
      vertex   -7.825570e+01 -4.163535e+00 -6.200000e+00
      vertex   -7.893185e+01 -3.982362e+00 -6.200000e+00
      vertex   -7.812583e+01 -3.850000e+00 -6.200000e+00
    endloop
  endfacet
  facet normal -0.000000e+00 0.000000e+00 -1.000000e+00
    outer loop
      vertex   -7.812583e+01 -3.850000e+00 -6.200000e+00
      vertex   -7.893185e+01 -3.982362e+00 -6.200000e+00
      vertex   -7.873205e+01 -3.500000e+00 -6.200000e+00
    endloop
  endfacet
  facet normal 0.000000e+00 0.000000e+00 -1.000000e+00
    outer loop
      vertex   -7.812583e+01 -3.850000e+00 -6.200000e+00
      vertex   -7.873205e+01 -3.500000e+00 -6.200000e+00
      vertex   -7.791924e+01 -3.580761e+00 -6.200000e+00
    endloop
  endfacet
  facet normal 0.000000e+00 0.000000e+00 -1.000000e+00
    outer loop
      vertex   -7.791924e+01 -3.580761e+00 -6.200000e+00
      vertex   -7.873205e+01 -3.500000e+00 -6.200000e+00
      vertex   -7.765000e+01 -3.374167e+00 -6.200000e+00
    endloop
  endfacet
  facet normal -0.000000e+00 0.000000e+00 -1.000000e+00
    outer loop
      vertex   -7.765000e+01 -3.374167e+00 -6.200000e+00
      vertex   -7.873205e+01 -3.500000e+00 -6.200000e+00
      vertex   -7.841421e+01 -3.085786e+00 -6.200000e+00
    endloop
  endfacet
  facet normal 0.000000e+00 0.000000e+00 -1.000000e+00
    outer loop
      vertex   -7.765000e+01 -3.374167e+00 -6.200000e+00
      vertex   -7.841421e+01 -3.085786e+00 -6.200000e+00
      vertex   -7.733646e+01 -3.244296e+00 -6.200000e+00
    endloop
  endfacet
  facet normal 0.000000e+00 0.000000e+00 -1.000000e+00
    outer loop
      vertex   -7.733646e+01 -3.244296e+00 -6.200000e+00
      vertex   -7.841421e+01 -3.085786e+00 -6.200000e+00
      vertex   -7.800000e+01 -2.767949e+00 -6.200000e+00
    endloop
  endfacet
  facet normal 0.000000e+00 0.000000e+00 -1.000000e+00
    outer loop
      vertex   -7.733646e+01 -3.244296e+00 -6.200000e+00
      vertex   -7.800000e+01 -2.767949e+00 -6.200000e+00
      vertex   -7.700000e+01 -3.200000e+00 -6.200000e+00
    endloop
  endfacet
  facet normal 0.000000e+00 0.000000e+00 -1.000000e+00
    outer loop
      vertex   -7.700000e+01 -3.200000e+00 -6.200000e+00
      vertex   -7.800000e+01 -2.767949e+00 -6.200000e+00
      vertex   -7.751764e+01 -2.568148e+00 -6.200000e+00
    endloop
  endfacet
  facet normal 0.000000e+00 0.000000e+00 -1.000000e+00
    outer loop
      vertex   -7.700000e+01 -3.200000e+00 -6.200000e+00
      vertex   -7.751764e+01 -2.568148e+00 -6.200000e+00
      vertex   -7.700000e+01 -2.500000e+00 -6.200000e+00
    endloop
  endfacet
  facet normal 0.000000e+00 0.000000e+00 -1.000000e+00
    outer loop
      vertex   -7.700000e+01 -3.200000e+00 -6.200000e+00
      vertex   -7.700000e+01 -2.500000e+00 -6.200000e+00
      vertex   -7.666354e+01 -3.244296e+00 -6.200000e+00
    endloop
  endfacet
  facet normal 8.881784e-16 4.015076e-16 -1.000000e+00
    outer loop
      vertex   -7.666354e+01 -3.244296e+00 -6.200000e+00
      vertex   -7.700000e+01 -2.500000e+00 -6.200000e+00
      vertex   -7.500000e+01 -2.500000e+00 -6.200000e+00
    endloop
  endfacet
  facet normal 5.133348e-16 1.239300e-15 -1.000000e+00
    outer loop
      vertex   -7.666354e+01 -3.244296e+00 -6.200000e+00
      vertex   -7.500000e+01 -2.500000e+00 -6.200000e+00
      vertex   -7.635000e+01 -3.374167e+00 -6.200000e+00
    endloop
  endfacet
  facet normal -2.960595e-16 0.000000e+00 -1.000000e+00
    outer loop
      vertex   -7.500000e+01 -2.500000e+00 -6.200000e+00
      vertex   -6.900000e+01 -2.500000e+00 -6.200000e+00
      vertex   -6.900000e+01 -4.000000e+00 -6.200000e+00
    endloop
  endfacet
  facet normal -2.220446e-16 1.000000e+00 0.000000e+00
    outer loop
      vertex   -7.500000e+01 -2.500000e+00 2.200000e+00
      vertex   -7.700000e+01 -2.500000e+00 2.200000e+00
      vertex   -7.500000e+01 -2.500000e+00 6.200000e+00
    endloop
  endfacet
  facet normal -2.220446e-16 1.000000e+00 0.000000e+00
    outer loop
      vertex   -7.500000e+01 -2.500000e+00 6.200000e+00
      vertex   -7.700000e+01 -2.500000e+00 2.200000e+00
      vertex   -7.700000e+01 -2.500000e+00 6.200000e+00
    endloop
  endfacet
  facet normal 9.914449e-01 -1.305262e-01 0.000000e+00
    outer loop
      vertex   -6.900000e+01 -4.000000e+00 2.200000e+00
      vertex   -6.900000e+01 -4.000000e+00 6.200000e+00
      vertex   -6.908519e+01 -4.647048e+00 2.200000e+00
    endloop
  endfacet
  facet normal 9.914449e-01 -1.305262e-01 3.551302e-15
    outer loop
      vertex   -6.908519e+01 -4.647048e+00 2.200000e+00
      vertex   -6.900000e+01 -4.000000e+00 6.200000e+00
      vertex   -6.908519e+01 -4.647048e+00 6.200000e+00
    endloop
  endfacet
  facet normal 9.238795e-01 -3.826834e-01 3.367252e-15
    outer loop
      vertex   -6.908519e+01 -4.647048e+00 2.200000e+00
      vertex   -6.908519e+01 -4.647048e+00 6.200000e+00
      vertex   -6.933494e+01 -5.250000e+00 2.200000e+00
    endloop
  endfacet
  facet normal 9.238795e-01 -3.826834e-01 1.699456e-16
    outer loop
      vertex   -6.933494e+01 -5.250000e+00 2.200000e+00
      vertex   -6.908519e+01 -4.647048e+00 6.200000e+00
      vertex   -6.933494e+01 -5.250000e+00 6.200000e+00
    endloop
  endfacet
  facet normal 7.933533e-01 -6.087614e-01 2.703444e-16
    outer loop
      vertex   -6.933494e+01 -5.250000e+00 2.200000e+00
      vertex   -6.933494e+01 -5.250000e+00 6.200000e+00
      vertex   -6.973223e+01 -5.767767e+00 2.200000e+00
    endloop
  endfacet
  facet normal 7.933533e-01 -6.087614e-01 0.000000e+00
    outer loop
      vertex   -6.973223e+01 -5.767767e+00 2.200000e+00
      vertex   -6.933494e+01 -5.250000e+00 6.200000e+00
      vertex   -6.973223e+01 -5.767767e+00 6.200000e+00
    endloop
  endfacet
  facet normal 6.087614e-01 -7.933533e-01 0.000000e+00
    outer loop
      vertex   -6.973223e+01 -5.767767e+00 2.200000e+00
      vertex   -6.973223e+01 -5.767767e+00 6.200000e+00
      vertex   -7.025000e+01 -6.165064e+00 2.200000e+00
    endloop
  endfacet
  facet normal 6.087614e-01 -7.933533e-01 0.000000e+00
    outer loop
      vertex   -7.025000e+01 -6.165064e+00 2.200000e+00
      vertex   -6.973223e+01 -5.767767e+00 6.200000e+00
      vertex   -7.025000e+01 -6.165064e+00 6.200000e+00
    endloop
  endfacet
  facet normal 3.826834e-01 -9.238795e-01 0.000000e+00
    outer loop
      vertex   -7.025000e+01 -6.165064e+00 2.200000e+00
      vertex   -7.025000e+01 -6.165064e+00 6.200000e+00
      vertex   -7.085295e+01 -6.414815e+00 2.200000e+00
    endloop
  endfacet
  facet normal 3.826834e-01 -9.238795e-01 0.000000e+00
    outer loop
      vertex   -7.085295e+01 -6.414815e+00 2.200000e+00
      vertex   -7.025000e+01 -6.165064e+00 6.200000e+00
      vertex   -7.085295e+01 -6.414815e+00 6.200000e+00
    endloop
  endfacet
  facet normal 1.305262e-01 -9.914449e-01 0.000000e+00
    outer loop
      vertex   -7.085295e+01 -6.414815e+00 2.200000e+00
      vertex   -7.085295e+01 -6.414815e+00 6.200000e+00
      vertex   -7.150000e+01 -6.500000e+00 2.200000e+00
    endloop
  endfacet
  facet normal 1.305262e-01 -9.914449e-01 0.000000e+00
    outer loop
      vertex   -7.150000e+01 -6.500000e+00 2.200000e+00
      vertex   -7.085295e+01 -6.414815e+00 6.200000e+00
      vertex   -7.150000e+01 -6.500000e+00 6.200000e+00
    endloop
  endfacet
  facet normal 5.008625e-17 -2.065589e-15 -1.000000e+00
    outer loop
      vertex   -6.908519e+01 -4.647048e+00 2.200000e+00
      vertex   -7.574430e+01 -4.163535e+00 2.200000e+00
      vertex   -6.900000e+01 -4.000000e+00 2.200000e+00
    endloop
  endfacet
  facet normal -0.000000e+00 0.000000e+00 -1.000000e+00
    outer loop
      vertex   -6.900000e+01 -4.000000e+00 2.200000e+00
      vertex   -7.574430e+01 -4.163535e+00 2.200000e+00
      vertex   -7.587417e+01 -3.850000e+00 2.200000e+00
    endloop
  endfacet
  facet normal 9.909282e-17 4.541204e-15 -1.000000e+00
    outer loop
      vertex   -6.900000e+01 -4.000000e+00 2.200000e+00
      vertex   -7.587417e+01 -3.850000e+00 2.200000e+00
      vertex   -7.500000e+01 -2.500000e+00 2.200000e+00
    endloop
  endfacet
  facet normal 3.255005e-15 2.497653e-15 -1.000000e+00
    outer loop
      vertex   -7.500000e+01 -2.500000e+00 2.200000e+00
      vertex   -7.587417e+01 -3.850000e+00 2.200000e+00
      vertex   -7.608076e+01 -3.580761e+00 2.200000e+00
    endloop
  endfacet
  facet normal 2.497653e-15 3.255005e-15 -1.000000e+00
    outer loop
      vertex   -7.500000e+01 -2.500000e+00 2.200000e+00
      vertex   -7.608076e+01 -3.580761e+00 2.200000e+00
      vertex   -7.635000e+01 -3.374167e+00 2.200000e+00
    endloop
  endfacet
  facet normal 2.024522e-16 -8.385846e-17 -1.000000e+00
    outer loop
      vertex   -6.933494e+01 -5.250000e+00 2.200000e+00
      vertex   -7.574430e+01 -4.836465e+00 2.200000e+00
      vertex   -6.908519e+01 -4.647048e+00 2.200000e+00
    endloop
  endfacet
  facet normal 2.008189e-16 -2.643831e-17 -1.000000e+00
    outer loop
      vertex   -6.908519e+01 -4.647048e+00 2.200000e+00
      vertex   -7.574430e+01 -4.836465e+00 2.200000e+00
      vertex   -7.570000e+01 -4.500000e+00 2.200000e+00
    endloop
  endfacet
  facet normal 2.019978e-16 2.659352e-17 -1.000000e+00
    outer loop
      vertex   -6.908519e+01 -4.647048e+00 2.200000e+00
      vertex   -7.570000e+01 -4.500000e+00 2.200000e+00
      vertex   -7.574430e+01 -4.163535e+00 2.200000e+00
    endloop
  endfacet
  facet normal 1.980573e-16 -1.519747e-16 -1.000000e+00
    outer loop
      vertex   -6.933494e+01 -5.250000e+00 2.200000e+00
      vertex   -6.973223e+01 -5.767767e+00 2.200000e+00
      vertex   -7.574430e+01 -4.836465e+00 2.200000e+00
    endloop
  endfacet
  facet normal 2.082377e-16 -8.625488e-17 -1.000000e+00
    outer loop
      vertex   -7.574430e+01 -4.836465e+00 2.200000e+00
      vertex   -6.973223e+01 -5.767767e+00 2.200000e+00
      vertex   -7.587417e+01 -5.150000e+00 2.200000e+00
    endloop
  endfacet
  facet normal 1.917753e-16 -2.499265e-16 -1.000000e+00
    outer loop
      vertex   -7.587417e+01 -5.150000e+00 2.200000e+00
      vertex   -6.973223e+01 -5.767767e+00 2.200000e+00
      vertex   -7.025000e+01 -6.165064e+00 2.200000e+00
    endloop
  endfacet
  facet normal 5.705067e-16 1.848512e-15 -1.000000e+00
    outer loop
      vertex   -7.587417e+01 -5.150000e+00 2.200000e+00
      vertex   -7.025000e+01 -6.165064e+00 2.200000e+00
      vertex   -7.150000e+01 -6.500000e+00 2.200000e+00
    endloop
  endfacet
  facet normal 4.367611e-15 -1.232247e-14 -1.000000e+00
    outer loop
      vertex   -7.150000e+01 -6.500000e+00 2.200000e+00
      vertex   -7.025000e+01 -6.165064e+00 2.200000e+00
      vertex   -7.085295e+01 -6.414815e+00 2.200000e+00
    endloop
  endfacet
  facet normal 0.000000e+00 0.000000e+00 -1.000000e+00
    outer loop
      vertex   -7.700000e+01 -6.500000e+00 2.200000e+00
      vertex   -7.635000e+01 -5.625833e+00 2.200000e+00
      vertex   -7.150000e+01 -6.500000e+00 2.200000e+00
    endloop
  endfacet
  facet normal 0.000000e+00 0.000000e+00 -1.000000e+00
    outer loop
      vertex   -7.150000e+01 -6.500000e+00 2.200000e+00
      vertex   -7.635000e+01 -5.625833e+00 2.200000e+00
      vertex   -7.608076e+01 -5.419239e+00 2.200000e+00
    endloop
  endfacet
  facet normal 0.000000e+00 0.000000e+00 -1.000000e+00
    outer loop
      vertex   -7.150000e+01 -6.500000e+00 2.200000e+00
      vertex   -7.608076e+01 -5.419239e+00 2.200000e+00
      vertex   -7.587417e+01 -5.150000e+00 2.200000e+00
    endloop
  endfacet
  facet normal 0.000000e+00 0.000000e+00 -1.000000e+00
    outer loop
      vertex   -7.751764e+01 -6.431852e+00 2.200000e+00
      vertex   -7.700000e+01 -5.800000e+00 2.200000e+00
      vertex   -7.700000e+01 -6.500000e+00 2.200000e+00
    endloop
  endfacet
  facet normal 0.000000e+00 0.000000e+00 -1.000000e+00
    outer loop
      vertex   -7.700000e+01 -6.500000e+00 2.200000e+00
      vertex   -7.700000e+01 -5.800000e+00 2.200000e+00
      vertex   -7.666354e+01 -5.755704e+00 2.200000e+00
    endloop
  endfacet
  facet normal 0.000000e+00 0.000000e+00 -1.000000e+00
    outer loop
      vertex   -7.700000e+01 -6.500000e+00 2.200000e+00
      vertex   -7.666354e+01 -5.755704e+00 2.200000e+00
      vertex   -7.635000e+01 -5.625833e+00 2.200000e+00
    endloop
  endfacet
  facet normal 0.000000e+00 0.000000e+00 -1.000000e+00
    outer loop
      vertex   -7.751764e+01 -6.431852e+00 2.200000e+00
      vertex   -7.800000e+01 -6.232051e+00 2.200000e+00
      vertex   -7.700000e+01 -5.800000e+00 2.200000e+00
    endloop
  endfacet
  facet normal -0.000000e+00 0.000000e+00 -1.000000e+00
    outer loop
      vertex   -7.700000e+01 -5.800000e+00 2.200000e+00
      vertex   -7.800000e+01 -6.232051e+00 2.200000e+00
      vertex   -7.733646e+01 -5.755704e+00 2.200000e+00
    endloop
  endfacet
  facet normal 0.000000e+00 0.000000e+00 -1.000000e+00
    outer loop
      vertex   -7.733646e+01 -5.755704e+00 2.200000e+00
      vertex   -7.800000e+01 -6.232051e+00 2.200000e+00
      vertex   -7.841421e+01 -5.914214e+00 2.200000e+00
    endloop
  endfacet
  facet normal -0.000000e+00 0.000000e+00 -1.000000e+00
    outer loop
      vertex   -7.733646e+01 -5.755704e+00 2.200000e+00
      vertex   -7.841421e+01 -5.914214e+00 2.200000e+00
      vertex   -7.765000e+01 -5.625833e+00 2.200000e+00
    endloop
  endfacet
  facet normal -0.000000e+00 0.000000e+00 -1.000000e+00
    outer loop
      vertex   -7.765000e+01 -5.625833e+00 2.200000e+00
      vertex   -7.841421e+01 -5.914214e+00 2.200000e+00
      vertex   -7.873205e+01 -5.500000e+00 2.200000e+00
    endloop
  endfacet
  facet normal 0.000000e+00 0.000000e+00 -1.000000e+00
    outer loop
      vertex   -7.765000e+01 -5.625833e+00 2.200000e+00
      vertex   -7.873205e+01 -5.500000e+00 2.200000e+00
      vertex   -7.791924e+01 -5.419239e+00 2.200000e+00
    endloop
  endfacet
  facet normal -0.000000e+00 0.000000e+00 -1.000000e+00
    outer loop
      vertex   -7.791924e+01 -5.419239e+00 2.200000e+00
      vertex   -7.873205e+01 -5.500000e+00 2.200000e+00
      vertex   -7.812583e+01 -5.150000e+00 2.200000e+00
    endloop
  endfacet
  facet normal -0.000000e+00 0.000000e+00 -1.000000e+00
    outer loop
      vertex   -7.812583e+01 -5.150000e+00 2.200000e+00
      vertex   -7.873205e+01 -5.500000e+00 2.200000e+00
      vertex   -7.893185e+01 -5.017638e+00 2.200000e+00
    endloop
  endfacet
  facet normal 0.000000e+00 0.000000e+00 -1.000000e+00
    outer loop
      vertex   -7.812583e+01 -5.150000e+00 2.200000e+00
      vertex   -7.893185e+01 -5.017638e+00 2.200000e+00
      vertex   -7.825570e+01 -4.836465e+00 2.200000e+00
    endloop
  endfacet
  facet normal -0.000000e+00 0.000000e+00 -1.000000e+00
    outer loop
      vertex   -7.825570e+01 -4.836465e+00 2.200000e+00
      vertex   -7.893185e+01 -5.017638e+00 2.200000e+00
      vertex   -7.900000e+01 -4.500000e+00 2.200000e+00
    endloop
  endfacet
  facet normal 0.000000e+00 0.000000e+00 -1.000000e+00
    outer loop
      vertex   -7.825570e+01 -4.836465e+00 2.200000e+00
      vertex   -7.900000e+01 -4.500000e+00 2.200000e+00
      vertex   -7.830000e+01 -4.500000e+00 2.200000e+00
    endloop
  endfacet
  facet normal 0.000000e+00 0.000000e+00 -1.000000e+00
    outer loop
      vertex   -7.830000e+01 -4.500000e+00 2.200000e+00
      vertex   -7.900000e+01 -4.500000e+00 2.200000e+00
      vertex   -7.825570e+01 -4.163535e+00 2.200000e+00
    endloop
  endfacet
  facet normal -0.000000e+00 0.000000e+00 -1.000000e+00
    outer loop
      vertex   -7.825570e+01 -4.163535e+00 2.200000e+00
      vertex   -7.900000e+01 -4.500000e+00 2.200000e+00
      vertex   -7.893185e+01 -3.982362e+00 2.200000e+00
    endloop
  endfacet
  facet normal 0.000000e+00 0.000000e+00 -1.000000e+00
    outer loop
      vertex   -7.825570e+01 -4.163535e+00 2.200000e+00
      vertex   -7.893185e+01 -3.982362e+00 2.200000e+00
      vertex   -7.812583e+01 -3.850000e+00 2.200000e+00
    endloop
  endfacet
  facet normal -0.000000e+00 0.000000e+00 -1.000000e+00
    outer loop
      vertex   -7.812583e+01 -3.850000e+00 2.200000e+00
      vertex   -7.893185e+01 -3.982362e+00 2.200000e+00
      vertex   -7.873205e+01 -3.500000e+00 2.200000e+00
    endloop
  endfacet
  facet normal 0.000000e+00 0.000000e+00 -1.000000e+00
    outer loop
      vertex   -7.812583e+01 -3.850000e+00 2.200000e+00
      vertex   -7.873205e+01 -3.500000e+00 2.200000e+00
      vertex   -7.791924e+01 -3.580761e+00 2.200000e+00
    endloop
  endfacet
  facet normal 0.000000e+00 0.000000e+00 -1.000000e+00
    outer loop
      vertex   -7.791924e+01 -3.580761e+00 2.200000e+00
      vertex   -7.873205e+01 -3.500000e+00 2.200000e+00
      vertex   -7.765000e+01 -3.374167e+00 2.200000e+00
    endloop
  endfacet
  facet normal -0.000000e+00 0.000000e+00 -1.000000e+00
    outer loop
      vertex   -7.765000e+01 -3.374167e+00 2.200000e+00
      vertex   -7.873205e+01 -3.500000e+00 2.200000e+00
      vertex   -7.841421e+01 -3.085786e+00 2.200000e+00
    endloop
  endfacet
  facet normal 0.000000e+00 0.000000e+00 -1.000000e+00
    outer loop
      vertex   -7.765000e+01 -3.374167e+00 2.200000e+00
      vertex   -7.841421e+01 -3.085786e+00 2.200000e+00
      vertex   -7.733646e+01 -3.244296e+00 2.200000e+00
    endloop
  endfacet
  facet normal 0.000000e+00 0.000000e+00 -1.000000e+00
    outer loop
      vertex   -7.733646e+01 -3.244296e+00 2.200000e+00
      vertex   -7.841421e+01 -3.085786e+00 2.200000e+00
      vertex   -7.800000e+01 -2.767949e+00 2.200000e+00
    endloop
  endfacet
  facet normal 0.000000e+00 0.000000e+00 -1.000000e+00
    outer loop
      vertex   -7.733646e+01 -3.244296e+00 2.200000e+00
      vertex   -7.800000e+01 -2.767949e+00 2.200000e+00
      vertex   -7.700000e+01 -3.200000e+00 2.200000e+00
    endloop
  endfacet
  facet normal 0.000000e+00 0.000000e+00 -1.000000e+00
    outer loop
      vertex   -7.700000e+01 -3.200000e+00 2.200000e+00
      vertex   -7.800000e+01 -2.767949e+00 2.200000e+00
      vertex   -7.751764e+01 -2.568148e+00 2.200000e+00
    endloop
  endfacet
  facet normal 0.000000e+00 0.000000e+00 -1.000000e+00
    outer loop
      vertex   -7.700000e+01 -3.200000e+00 2.200000e+00
      vertex   -7.751764e+01 -2.568148e+00 2.200000e+00
      vertex   -7.700000e+01 -2.500000e+00 2.200000e+00
    endloop
  endfacet
  facet normal 0.000000e+00 0.000000e+00 -1.000000e+00
    outer loop
      vertex   -7.700000e+01 -3.200000e+00 2.200000e+00
      vertex   -7.700000e+01 -2.500000e+00 2.200000e+00
      vertex   -7.666354e+01 -3.244296e+00 2.200000e+00
    endloop
  endfacet
  facet normal 3.108625e-15 1.405277e-15 -1.000000e+00
    outer loop
      vertex   -7.666354e+01 -3.244296e+00 2.200000e+00
      vertex   -7.700000e+01 -2.500000e+00 2.200000e+00
      vertex   -7.500000e+01 -2.500000e+00 2.200000e+00
    endloop
  endfacet
  facet normal 1.796672e-15 4.337549e-15 -1.000000e+00
    outer loop
      vertex   -7.666354e+01 -3.244296e+00 2.200000e+00
      vertex   -7.500000e+01 -2.500000e+00 2.200000e+00
      vertex   -7.635000e+01 -3.374167e+00 2.200000e+00
    endloop
  endfacet
  facet normal -1.036208e-15 0.000000e+00 -1.000000e+00
    outer loop
      vertex   -7.500000e+01 -2.500000e+00 2.200000e+00
      vertex   -6.900000e+01 -2.500000e+00 2.200000e+00
      vertex   -6.900000e+01 -4.000000e+00 2.200000e+00
    endloop
  endfacet
  facet normal 3.229740e-16 -1.000000e+00 0.000000e+00
    outer loop
      vertex   -7.150000e+01 -6.500000e+00 6.200000e+00
      vertex   -7.700000e+01 -6.500000e+00 6.200000e+00
      vertex   -7.150000e+01 -6.500000e+00 2.200000e+00
    endloop
  endfacet
  facet normal 3.229740e-16 -1.000000e+00 0.000000e+00
    outer loop
      vertex   -7.150000e+01 -6.500000e+00 2.200000e+00
      vertex   -7.700000e+01 -6.500000e+00 6.200000e+00
      vertex   -7.700000e+01 -6.500000e+00 2.200000e+00
    endloop
  endfacet
  facet normal 9.914449e-01 1.305262e-01 0.000000e+00
    outer loop
      vertex   -7.825570e+01 -4.836465e+00 6.200000e+00
      vertex   -7.825570e+01 -4.836465e+00 2.200000e+00
      vertex   -7.830000e+01 -4.500000e+00 6.200000e+00
    endloop
  endfacet
  facet normal 9.914449e-01 1.305262e-01 0.000000e+00
    outer loop
      vertex   -7.830000e+01 -4.500000e+00 6.200000e+00
      vertex   -7.825570e+01 -4.836465e+00 2.200000e+00
      vertex   -7.830000e+01 -4.500000e+00 2.200000e+00
    endloop
  endfacet
  facet normal 9.914449e-01 -1.305262e-01 0.000000e+00
    outer loop
      vertex   -7.830000e+01 -4.500000e+00 6.200000e+00
      vertex   -7.830000e+01 -4.500000e+00 2.200000e+00
      vertex   -7.825570e+01 -4.163535e+00 6.200000e+00
    endloop
  endfacet
  facet normal 9.914449e-01 -1.305262e-01 0.000000e+00
    outer loop
      vertex   -7.825570e+01 -4.163535e+00 6.200000e+00
      vertex   -7.830000e+01 -4.500000e+00 2.200000e+00
      vertex   -7.825570e+01 -4.163535e+00 2.200000e+00
    endloop
  endfacet
  facet normal 9.238795e-01 -3.826834e-01 0.000000e+00
    outer loop
      vertex   -7.825570e+01 -4.163535e+00 6.200000e+00
      vertex   -7.825570e+01 -4.163535e+00 2.200000e+00
      vertex   -7.812583e+01 -3.850000e+00 6.200000e+00
    endloop
  endfacet
  facet normal 9.238795e-01 -3.826834e-01 0.000000e+00
    outer loop
      vertex   -7.812583e+01 -3.850000e+00 6.200000e+00
      vertex   -7.825570e+01 -4.163535e+00 2.200000e+00
      vertex   -7.812583e+01 -3.850000e+00 2.200000e+00
    endloop
  endfacet
  facet normal 7.933533e-01 -6.087614e-01 0.000000e+00
    outer loop
      vertex   -7.812583e+01 -3.850000e+00 6.200000e+00
      vertex   -7.812583e+01 -3.850000e+00 2.200000e+00
      vertex   -7.791924e+01 -3.580761e+00 6.200000e+00
    endloop
  endfacet
  facet normal 7.933533e-01 -6.087614e-01 0.000000e+00
    outer loop
      vertex   -7.791924e+01 -3.580761e+00 6.200000e+00
      vertex   -7.812583e+01 -3.850000e+00 2.200000e+00
      vertex   -7.791924e+01 -3.580761e+00 2.200000e+00
    endloop
  endfacet
  facet normal 6.087614e-01 -7.933533e-01 0.000000e+00
    outer loop
      vertex   -7.791924e+01 -3.580761e+00 6.200000e+00
      vertex   -7.791924e+01 -3.580761e+00 2.200000e+00
      vertex   -7.765000e+01 -3.374167e+00 6.200000e+00
    endloop
  endfacet
  facet normal 6.087614e-01 -7.933533e-01 0.000000e+00
    outer loop
      vertex   -7.765000e+01 -3.374167e+00 6.200000e+00
      vertex   -7.791924e+01 -3.580761e+00 2.200000e+00
      vertex   -7.765000e+01 -3.374167e+00 2.200000e+00
    endloop
  endfacet
  facet normal 3.826834e-01 -9.238795e-01 0.000000e+00
    outer loop
      vertex   -7.765000e+01 -3.374167e+00 6.200000e+00
      vertex   -7.765000e+01 -3.374167e+00 2.200000e+00
      vertex   -7.733646e+01 -3.244296e+00 6.200000e+00
    endloop
  endfacet
  facet normal 3.826834e-01 -9.238795e-01 0.000000e+00
    outer loop
      vertex   -7.733646e+01 -3.244296e+00 6.200000e+00
      vertex   -7.765000e+01 -3.374167e+00 2.200000e+00
      vertex   -7.733646e+01 -3.244296e+00 2.200000e+00
    endloop
  endfacet
  facet normal 1.305262e-01 -9.914449e-01 0.000000e+00
    outer loop
      vertex   -7.733646e+01 -3.244296e+00 6.200000e+00
      vertex   -7.733646e+01 -3.244296e+00 2.200000e+00
      vertex   -7.700000e+01 -3.200000e+00 6.200000e+00
    endloop
  endfacet
  facet normal 1.305262e-01 -9.914449e-01 0.000000e+00
    outer loop
      vertex   -7.700000e+01 -3.200000e+00 6.200000e+00
      vertex   -7.733646e+01 -3.244296e+00 2.200000e+00
      vertex   -7.700000e+01 -3.200000e+00 2.200000e+00
    endloop
  endfacet
  facet normal -1.305262e-01 -9.914449e-01 -0.000000e+00
    outer loop
      vertex   -7.700000e+01 -3.200000e+00 6.200000e+00
      vertex   -7.700000e+01 -3.200000e+00 2.200000e+00
      vertex   -7.666354e+01 -3.244296e+00 6.200000e+00
    endloop
  endfacet
  facet normal -1.305262e-01 -9.914449e-01 -0.000000e+00
    outer loop
      vertex   -7.666354e+01 -3.244296e+00 6.200000e+00
      vertex   -7.700000e+01 -3.200000e+00 2.200000e+00
      vertex   -7.666354e+01 -3.244296e+00 2.200000e+00
    endloop
  endfacet
  facet normal -3.826834e-01 -9.238795e-01 -0.000000e+00
    outer loop
      vertex   -7.666354e+01 -3.244296e+00 6.200000e+00
      vertex   -7.666354e+01 -3.244296e+00 2.200000e+00
      vertex   -7.635000e+01 -3.374167e+00 6.200000e+00
    endloop
  endfacet
  facet normal -3.826834e-01 -9.238795e-01 -0.000000e+00
    outer loop
      vertex   -7.635000e+01 -3.374167e+00 6.200000e+00
      vertex   -7.666354e+01 -3.244296e+00 2.200000e+00
      vertex   -7.635000e+01 -3.374167e+00 2.200000e+00
    endloop
  endfacet
  facet normal -6.087614e-01 -7.933533e-01 -0.000000e+00
    outer loop
      vertex   -7.635000e+01 -3.374167e+00 6.200000e+00
      vertex   -7.635000e+01 -3.374167e+00 2.200000e+00
      vertex   -7.608076e+01 -3.580761e+00 6.200000e+00
    endloop
  endfacet
  facet normal -6.087614e-01 -7.933533e-01 -0.000000e+00
    outer loop
      vertex   -7.608076e+01 -3.580761e+00 6.200000e+00
      vertex   -7.635000e+01 -3.374167e+00 2.200000e+00
      vertex   -7.608076e+01 -3.580761e+00 2.200000e+00
    endloop
  endfacet
  facet normal -7.933533e-01 -6.087614e-01 -0.000000e+00
    outer loop
      vertex   -7.608076e+01 -3.580761e+00 6.200000e+00
      vertex   -7.608076e+01 -3.580761e+00 2.200000e+00
      vertex   -7.587417e+01 -3.850000e+00 6.200000e+00
    endloop
  endfacet
  facet normal -7.933533e-01 -6.087614e-01 -0.000000e+00
    outer loop
      vertex   -7.587417e+01 -3.850000e+00 6.200000e+00
      vertex   -7.608076e+01 -3.580761e+00 2.200000e+00
      vertex   -7.587417e+01 -3.850000e+00 2.200000e+00
    endloop
  endfacet
  facet normal -9.238795e-01 -3.826834e-01 -0.000000e+00
    outer loop
      vertex   -7.587417e+01 -3.850000e+00 6.200000e+00
      vertex   -7.587417e+01 -3.850000e+00 2.200000e+00
      vertex   -7.574430e+01 -4.163535e+00 6.200000e+00
    endloop
  endfacet
  facet normal -9.238795e-01 -3.826834e-01 -0.000000e+00
    outer loop
      vertex   -7.574430e+01 -4.163535e+00 6.200000e+00
      vertex   -7.587417e+01 -3.850000e+00 2.200000e+00
      vertex   -7.574430e+01 -4.163535e+00 2.200000e+00
    endloop
  endfacet
  facet normal -9.914449e-01 -1.305262e-01 -0.000000e+00
    outer loop
      vertex   -7.574430e+01 -4.163535e+00 6.200000e+00
      vertex   -7.574430e+01 -4.163535e+00 2.200000e+00
      vertex   -7.570000e+01 -4.500000e+00 6.200000e+00
    endloop
  endfacet
  facet normal -9.914449e-01 -1.305262e-01 -0.000000e+00
    outer loop
      vertex   -7.570000e+01 -4.500000e+00 6.200000e+00
      vertex   -7.574430e+01 -4.163535e+00 2.200000e+00
      vertex   -7.570000e+01 -4.500000e+00 2.200000e+00
    endloop
  endfacet
  facet normal -9.914449e-01 1.305262e-01 0.000000e+00
    outer loop
      vertex   -7.570000e+01 -4.500000e+00 6.200000e+00
      vertex   -7.570000e+01 -4.500000e+00 2.200000e+00
      vertex   -7.574430e+01 -4.836465e+00 6.200000e+00
    endloop
  endfacet
  facet normal -9.914449e-01 1.305262e-01 0.000000e+00
    outer loop
      vertex   -7.574430e+01 -4.836465e+00 6.200000e+00
      vertex   -7.570000e+01 -4.500000e+00 2.200000e+00
      vertex   -7.574430e+01 -4.836465e+00 2.200000e+00
    endloop
  endfacet
  facet normal -9.238795e-01 3.826834e-01 0.000000e+00
    outer loop
      vertex   -7.574430e+01 -4.836465e+00 6.200000e+00
      vertex   -7.574430e+01 -4.836465e+00 2.200000e+00
      vertex   -7.587417e+01 -5.150000e+00 6.200000e+00
    endloop
  endfacet
  facet normal -9.238795e-01 3.826834e-01 0.000000e+00
    outer loop
      vertex   -7.587417e+01 -5.150000e+00 6.200000e+00
      vertex   -7.574430e+01 -4.836465e+00 2.200000e+00
      vertex   -7.587417e+01 -5.150000e+00 2.200000e+00
    endloop
  endfacet
  facet normal -7.933533e-01 6.087614e-01 0.000000e+00
    outer loop
      vertex   -7.587417e+01 -5.150000e+00 6.200000e+00
      vertex   -7.587417e+01 -5.150000e+00 2.200000e+00
      vertex   -7.608076e+01 -5.419239e+00 6.200000e+00
    endloop
  endfacet
  facet normal -7.933533e-01 6.087614e-01 0.000000e+00
    outer loop
      vertex   -7.608076e+01 -5.419239e+00 6.200000e+00
      vertex   -7.587417e+01 -5.150000e+00 2.200000e+00
      vertex   -7.608076e+01 -5.419239e+00 2.200000e+00
    endloop
  endfacet
  facet normal -6.087614e-01 7.933533e-01 0.000000e+00
    outer loop
      vertex   -7.608076e+01 -5.419239e+00 6.200000e+00
      vertex   -7.608076e+01 -5.419239e+00 2.200000e+00
      vertex   -7.635000e+01 -5.625833e+00 6.200000e+00
    endloop
  endfacet
  facet normal -6.087614e-01 7.933533e-01 0.000000e+00
    outer loop
      vertex   -7.635000e+01 -5.625833e+00 6.200000e+00
      vertex   -7.608076e+01 -5.419239e+00 2.200000e+00
      vertex   -7.635000e+01 -5.625833e+00 2.200000e+00
    endloop
  endfacet
  facet normal -3.826834e-01 9.238795e-01 0.000000e+00
    outer loop
      vertex   -7.635000e+01 -5.625833e+00 6.200000e+00
      vertex   -7.635000e+01 -5.625833e+00 2.200000e+00
      vertex   -7.666354e+01 -5.755704e+00 6.200000e+00
    endloop
  endfacet
  facet normal -3.826834e-01 9.238795e-01 0.000000e+00
    outer loop
      vertex   -7.666354e+01 -5.755704e+00 6.200000e+00
      vertex   -7.635000e+01 -5.625833e+00 2.200000e+00
      vertex   -7.666354e+01 -5.755704e+00 2.200000e+00
    endloop
  endfacet
  facet normal -1.305262e-01 9.914449e-01 0.000000e+00
    outer loop
      vertex   -7.666354e+01 -5.755704e+00 6.200000e+00
      vertex   -7.666354e+01 -5.755704e+00 2.200000e+00
      vertex   -7.700000e+01 -5.800000e+00 6.200000e+00
    endloop
  endfacet
  facet normal -1.305262e-01 9.914449e-01 0.000000e+00
    outer loop
      vertex   -7.700000e+01 -5.800000e+00 6.200000e+00
      vertex   -7.666354e+01 -5.755704e+00 2.200000e+00
      vertex   -7.700000e+01 -5.800000e+00 2.200000e+00
    endloop
  endfacet
  facet normal 1.305262e-01 9.914449e-01 0.000000e+00
    outer loop
      vertex   -7.700000e+01 -5.800000e+00 6.200000e+00
      vertex   -7.700000e+01 -5.800000e+00 2.200000e+00
      vertex   -7.733646e+01 -5.755704e+00 6.200000e+00
    endloop
  endfacet
  facet normal 1.305262e-01 9.914449e-01 0.000000e+00
    outer loop
      vertex   -7.733646e+01 -5.755704e+00 6.200000e+00
      vertex   -7.700000e+01 -5.800000e+00 2.200000e+00
      vertex   -7.733646e+01 -5.755704e+00 2.200000e+00
    endloop
  endfacet
  facet normal 3.826834e-01 9.238795e-01 0.000000e+00
    outer loop
      vertex   -7.733646e+01 -5.755704e+00 6.200000e+00
      vertex   -7.733646e+01 -5.755704e+00 2.200000e+00
      vertex   -7.765000e+01 -5.625833e+00 6.200000e+00
    endloop
  endfacet
  facet normal 3.826834e-01 9.238795e-01 0.000000e+00
    outer loop
      vertex   -7.765000e+01 -5.625833e+00 6.200000e+00
      vertex   -7.733646e+01 -5.755704e+00 2.200000e+00
      vertex   -7.765000e+01 -5.625833e+00 2.200000e+00
    endloop
  endfacet
  facet normal 6.087614e-01 7.933533e-01 0.000000e+00
    outer loop
      vertex   -7.765000e+01 -5.625833e+00 6.200000e+00
      vertex   -7.765000e+01 -5.625833e+00 2.200000e+00
      vertex   -7.791924e+01 -5.419239e+00 6.200000e+00
    endloop
  endfacet
  facet normal 6.087614e-01 7.933533e-01 0.000000e+00
    outer loop
      vertex   -7.791924e+01 -5.419239e+00 6.200000e+00
      vertex   -7.765000e+01 -5.625833e+00 2.200000e+00
      vertex   -7.791924e+01 -5.419239e+00 2.200000e+00
    endloop
  endfacet
  facet normal 7.933533e-01 6.087614e-01 0.000000e+00
    outer loop
      vertex   -7.791924e+01 -5.419239e+00 6.200000e+00
      vertex   -7.791924e+01 -5.419239e+00 2.200000e+00
      vertex   -7.812583e+01 -5.150000e+00 6.200000e+00
    endloop
  endfacet
  facet normal 7.933533e-01 6.087614e-01 0.000000e+00
    outer loop
      vertex   -7.812583e+01 -5.150000e+00 6.200000e+00
      vertex   -7.791924e+01 -5.419239e+00 2.200000e+00
      vertex   -7.812583e+01 -5.150000e+00 2.200000e+00
    endloop
  endfacet
  facet normal 9.238795e-01 3.826834e-01 0.000000e+00
    outer loop
      vertex   -7.812583e+01 -5.150000e+00 6.200000e+00
      vertex   -7.812583e+01 -5.150000e+00 2.200000e+00
      vertex   -7.825570e+01 -4.836465e+00 6.200000e+00
    endloop
  endfacet
  facet normal 9.238795e-01 3.826834e-01 0.000000e+00
    outer loop
      vertex   -7.825570e+01 -4.836465e+00 6.200000e+00
      vertex   -7.812583e+01 -5.150000e+00 2.200000e+00
      vertex   -7.825570e+01 -4.836465e+00 2.200000e+00
    endloop
  endfacet
  facet normal 1.000000e+00 0.000000e+00 0.000000e+00
    outer loop
      vertex   -6.900000e+01 -4.000000e+00 2.200000e+00
      vertex   -6.900000e+01 -2.500000e+00 2.200000e+00
      vertex   -6.900000e+01 -4.000000e+00 6.200000e+00
    endloop
  endfacet
  facet normal 1.000000e+00 -0.000000e+00 0.000000e+00
    outer loop
      vertex   -6.900000e+01 -4.000000e+00 6.200000e+00
      vertex   -6.900000e+01 -2.500000e+00 2.200000e+00
      vertex   -6.900000e+01 -2.500000e+00 6.200000e+00
    endloop
  endfacet
  facet normal -1.305262e-01 9.914449e-01 0.000000e+00
    outer loop
      vertex   -7.700000e+01 -2.500000e+00 6.200000e+00
      vertex   -7.700000e+01 -2.500000e+00 2.200000e+00
      vertex   -7.751764e+01 -2.568148e+00 6.200000e+00
    endloop
  endfacet
  facet normal -1.305262e-01 9.914449e-01 0.000000e+00
    outer loop
      vertex   -7.751764e+01 -2.568148e+00 6.200000e+00
      vertex   -7.700000e+01 -2.500000e+00 2.200000e+00
      vertex   -7.751764e+01 -2.568148e+00 2.200000e+00
    endloop
  endfacet
  facet normal -3.826834e-01 9.238795e-01 0.000000e+00
    outer loop
      vertex   -7.751764e+01 -2.568148e+00 6.200000e+00
      vertex   -7.751764e+01 -2.568148e+00 2.200000e+00
      vertex   -7.800000e+01 -2.767949e+00 6.200000e+00
    endloop
  endfacet
  facet normal -3.826834e-01 9.238795e-01 0.000000e+00
    outer loop
      vertex   -7.800000e+01 -2.767949e+00 6.200000e+00
      vertex   -7.751764e+01 -2.568148e+00 2.200000e+00
      vertex   -7.800000e+01 -2.767949e+00 2.200000e+00
    endloop
  endfacet
  facet normal -6.087614e-01 7.933534e-01 0.000000e+00
    outer loop
      vertex   -7.800000e+01 -2.767949e+00 6.200000e+00
      vertex   -7.800000e+01 -2.767949e+00 2.200000e+00
      vertex   -7.841421e+01 -3.085786e+00 6.200000e+00
    endloop
  endfacet
  facet normal -6.087614e-01 7.933534e-01 0.000000e+00
    outer loop
      vertex   -7.841421e+01 -3.085786e+00 6.200000e+00
      vertex   -7.800000e+01 -2.767949e+00 2.200000e+00
      vertex   -7.841421e+01 -3.085786e+00 2.200000e+00
    endloop
  endfacet
  facet normal -7.933533e-01 6.087614e-01 0.000000e+00
    outer loop
      vertex   -7.841421e+01 -3.085786e+00 6.200000e+00
      vertex   -7.841421e+01 -3.085786e+00 2.200000e+00
      vertex   -7.873205e+01 -3.500000e+00 6.200000e+00
    endloop
  endfacet
  facet normal -7.933533e-01 6.087614e-01 0.000000e+00
    outer loop
      vertex   -7.873205e+01 -3.500000e+00 6.200000e+00
      vertex   -7.841421e+01 -3.085786e+00 2.200000e+00
      vertex   -7.873205e+01 -3.500000e+00 2.200000e+00
    endloop
  endfacet
  facet normal -9.238795e-01 3.826834e-01 0.000000e+00
    outer loop
      vertex   -7.873205e+01 -3.500000e+00 6.200000e+00
      vertex   -7.873205e+01 -3.500000e+00 2.200000e+00
      vertex   -7.893185e+01 -3.982362e+00 6.200000e+00
    endloop
  endfacet
  facet normal -9.238795e-01 3.826834e-01 0.000000e+00
    outer loop
      vertex   -7.893185e+01 -3.982362e+00 6.200000e+00
      vertex   -7.873205e+01 -3.500000e+00 2.200000e+00
      vertex   -7.893185e+01 -3.982362e+00 2.200000e+00
    endloop
  endfacet
  facet normal -9.914449e-01 1.305262e-01 0.000000e+00
    outer loop
      vertex   -7.893185e+01 -3.982362e+00 6.200000e+00
      vertex   -7.893185e+01 -3.982362e+00 2.200000e+00
      vertex   -7.900000e+01 -4.500000e+00 6.200000e+00
    endloop
  endfacet
  facet normal -9.914449e-01 1.305262e-01 0.000000e+00
    outer loop
      vertex   -7.900000e+01 -4.500000e+00 6.200000e+00
      vertex   -7.893185e+01 -3.982362e+00 2.200000e+00
      vertex   -7.900000e+01 -4.500000e+00 2.200000e+00
    endloop
  endfacet
  facet normal -9.914449e-01 -1.305262e-01 -0.000000e+00
    outer loop
      vertex   -7.900000e+01 -4.500000e+00 6.200000e+00
      vertex   -7.900000e+01 -4.500000e+00 2.200000e+00
      vertex   -7.893185e+01 -5.017638e+00 6.200000e+00
    endloop
  endfacet
  facet normal -9.914449e-01 -1.305262e-01 -0.000000e+00
    outer loop
      vertex   -7.893185e+01 -5.017638e+00 6.200000e+00
      vertex   -7.900000e+01 -4.500000e+00 2.200000e+00
      vertex   -7.893185e+01 -5.017638e+00 2.200000e+00
    endloop
  endfacet
  facet normal -9.238795e-01 -3.826834e-01 -0.000000e+00
    outer loop
      vertex   -7.893185e+01 -5.017638e+00 6.200000e+00
      vertex   -7.893185e+01 -5.017638e+00 2.200000e+00
      vertex   -7.873205e+01 -5.500000e+00 6.200000e+00
    endloop
  endfacet
  facet normal -9.238795e-01 -3.826834e-01 -0.000000e+00
    outer loop
      vertex   -7.873205e+01 -5.500000e+00 6.200000e+00
      vertex   -7.893185e+01 -5.017638e+00 2.200000e+00
      vertex   -7.873205e+01 -5.500000e+00 2.200000e+00
    endloop
  endfacet
  facet normal -7.933533e-01 -6.087614e-01 -0.000000e+00
    outer loop
      vertex   -7.873205e+01 -5.500000e+00 6.200000e+00
      vertex   -7.873205e+01 -5.500000e+00 2.200000e+00
      vertex   -7.841421e+01 -5.914214e+00 6.200000e+00
    endloop
  endfacet
  facet normal -7.933533e-01 -6.087614e-01 -0.000000e+00
    outer loop
      vertex   -7.841421e+01 -5.914214e+00 6.200000e+00
      vertex   -7.873205e+01 -5.500000e+00 2.200000e+00
      vertex   -7.841421e+01 -5.914214e+00 2.200000e+00
    endloop
  endfacet
  facet normal -6.087614e-01 -7.933533e-01 -0.000000e+00
    outer loop
      vertex   -7.841421e+01 -5.914214e+00 6.200000e+00
      vertex   -7.841421e+01 -5.914214e+00 2.200000e+00
      vertex   -7.800000e+01 -6.232051e+00 6.200000e+00
    endloop
  endfacet
  facet normal -6.087614e-01 -7.933533e-01 -0.000000e+00
    outer loop
      vertex   -7.800000e+01 -6.232051e+00 6.200000e+00
      vertex   -7.841421e+01 -5.914214e+00 2.200000e+00
      vertex   -7.800000e+01 -6.232051e+00 2.200000e+00
    endloop
  endfacet
  facet normal -3.826834e-01 -9.238795e-01 -0.000000e+00
    outer loop
      vertex   -7.800000e+01 -6.232051e+00 6.200000e+00
      vertex   -7.800000e+01 -6.232051e+00 2.200000e+00
      vertex   -7.751764e+01 -6.431852e+00 6.200000e+00
    endloop
  endfacet
  facet normal -3.826834e-01 -9.238795e-01 -0.000000e+00
    outer loop
      vertex   -7.751764e+01 -6.431852e+00 6.200000e+00
      vertex   -7.800000e+01 -6.232051e+00 2.200000e+00
      vertex   -7.751764e+01 -6.431852e+00 2.200000e+00
    endloop
  endfacet
  facet normal -1.305262e-01 -9.914449e-01 -0.000000e+00
    outer loop
      vertex   -7.751764e+01 -6.431852e+00 6.200000e+00
      vertex   -7.751764e+01 -6.431852e+00 2.200000e+00
      vertex   -7.700000e+01 -6.500000e+00 6.200000e+00
    endloop
  endfacet
  facet normal -1.305262e-01 -9.914449e-01 -0.000000e+00
    outer loop
      vertex   -7.700000e+01 -6.500000e+00 6.200000e+00
      vertex   -7.751764e+01 -6.431852e+00 2.200000e+00
      vertex   -7.700000e+01 -6.500000e+00 2.200000e+00
    endloop
  endfacet
  facet normal -2.012222e-15 4.857935e-15 1.000000e+00
    outer loop
      vertex   -7.085295e+01 -6.414815e+00 6.200000e+00
      vertex   -7.025000e+01 -6.165064e+00 6.200000e+00
      vertex   -7.150000e+01 -6.500000e+00 6.200000e+00
    endloop
  endfacet
  facet normal -3.803378e-16 -1.232342e-15 1.000000e+00
    outer loop
      vertex   -7.150000e+01 -6.500000e+00 6.200000e+00
      vertex   -7.025000e+01 -6.165064e+00 6.200000e+00
      vertex   -7.587417e+01 -5.150000e+00 6.200000e+00
    endloop
  endfacet
  facet normal 0.000000e+00 0.000000e+00 1.000000e+00
    outer loop
      vertex   -7.150000e+01 -6.500000e+00 6.200000e+00
      vertex   -7.587417e+01 -5.150000e+00 6.200000e+00
      vertex   -7.608076e+01 -5.419239e+00 6.200000e+00
    endloop
  endfacet
  facet normal -1.278502e-16 1.666176e-16 1.000000e+00
    outer loop
      vertex   -7.025000e+01 -6.165064e+00 6.200000e+00
      vertex   -6.973223e+01 -5.767767e+00 6.200000e+00
      vertex   -7.587417e+01 -5.150000e+00 6.200000e+00
    endloop
  endfacet
  facet normal -1.388251e-16 5.750325e-17 1.000000e+00
    outer loop
      vertex   -7.587417e+01 -5.150000e+00 6.200000e+00
      vertex   -6.973223e+01 -5.767767e+00 6.200000e+00
      vertex   -7.574430e+01 -4.836465e+00 6.200000e+00
    endloop
  endfacet
  facet normal -1.320382e-16 1.013165e-16 1.000000e+00
    outer loop
      vertex   -7.574430e+01 -4.836465e+00 6.200000e+00
      vertex   -6.973223e+01 -5.767767e+00 6.200000e+00
      vertex   -6.933494e+01 -5.250000e+00 6.200000e+00
    endloop
  endfacet
  facet normal -1.349682e-16 5.590564e-17 1.000000e+00
    outer loop
      vertex   -7.574430e+01 -4.836465e+00 6.200000e+00
      vertex   -6.933494e+01 -5.250000e+00 6.200000e+00
      vertex   -6.908519e+01 -4.647048e+00 6.200000e+00
    endloop
  endfacet
  facet normal -3.339084e-17 1.377059e-15 1.000000e+00
    outer loop
      vertex   -6.900000e+01 -4.000000e+00 6.200000e+00
      vertex   -7.574430e+01 -4.163535e+00 6.200000e+00
      vertex   -6.908519e+01 -4.647048e+00 6.200000e+00
    endloop
  endfacet
  facet normal -1.346652e-16 -1.772901e-17 1.000000e+00
    outer loop
      vertex   -6.908519e+01 -4.647048e+00 6.200000e+00
      vertex   -7.574430e+01 -4.163535e+00 6.200000e+00
      vertex   -7.570000e+01 -4.500000e+00 6.200000e+00
    endloop
  endfacet
  facet normal -1.338793e-16 1.762554e-17 1.000000e+00
    outer loop
      vertex   -6.908519e+01 -4.647048e+00 6.200000e+00
      vertex   -7.570000e+01 -4.500000e+00 6.200000e+00
      vertex   -7.574430e+01 -4.836465e+00 6.200000e+00
    endloop
  endfacet
  facet normal 2.960595e-16 0.000000e+00 1.000000e+00
    outer loop
      vertex   -6.900000e+01 -2.500000e+00 6.200000e+00
      vertex   -7.500000e+01 -2.500000e+00 6.200000e+00
      vertex   -6.900000e+01 -4.000000e+00 6.200000e+00
    endloop
  endfacet
  facet normal -2.831223e-17 -1.297487e-15 1.000000e+00
    outer loop
      vertex   -6.900000e+01 -4.000000e+00 6.200000e+00
      vertex   -7.500000e+01 -2.500000e+00 6.200000e+00
      vertex   -7.587417e+01 -3.850000e+00 6.200000e+00
    endloop
  endfacet
  facet normal 0.000000e+00 0.000000e+00 1.000000e+00
    outer loop
      vertex   -6.900000e+01 -4.000000e+00 6.200000e+00
      vertex   -7.587417e+01 -3.850000e+00 6.200000e+00
      vertex   -7.574430e+01 -4.163535e+00 6.200000e+00
    endloop
  endfacet
  facet normal -8.881784e-16 -4.015076e-16 1.000000e+00
    outer loop
      vertex   -7.700000e+01 -2.500000e+00 6.200000e+00
      vertex   -7.666354e+01 -3.244296e+00 6.200000e+00
      vertex   -7.500000e+01 -2.500000e+00 6.200000e+00
    endloop
  endfacet
  facet normal -5.133348e-16 -1.239300e-15 1.000000e+00
    outer loop
      vertex   -7.500000e+01 -2.500000e+00 6.200000e+00
      vertex   -7.666354e+01 -3.244296e+00 6.200000e+00
      vertex   -7.635000e+01 -3.374167e+00 6.200000e+00
    endloop
  endfacet
  facet normal -7.136151e-16 -9.300013e-16 1.000000e+00
    outer loop
      vertex   -7.500000e+01 -2.500000e+00 6.200000e+00
      vertex   -7.635000e+01 -3.374167e+00 6.200000e+00
      vertex   -7.608076e+01 -3.580761e+00 6.200000e+00
    endloop
  endfacet
  facet normal 0.000000e+00 0.000000e+00 1.000000e+00
    outer loop
      vertex   -7.666354e+01 -3.244296e+00 6.200000e+00
      vertex   -7.700000e+01 -2.500000e+00 6.200000e+00
      vertex   -7.700000e+01 -3.200000e+00 6.200000e+00
    endloop
  endfacet
  facet normal 0.000000e+00 -0.000000e+00 1.000000e+00
    outer loop
      vertex   -7.700000e+01 -3.200000e+00 6.200000e+00
      vertex   -7.700000e+01 -2.500000e+00 6.200000e+00
      vertex   -7.751764e+01 -2.568148e+00 6.200000e+00
    endloop
  endfacet
  facet normal 0.000000e+00 0.000000e+00 1.000000e+00
    outer loop
      vertex   -7.700000e+01 -3.200000e+00 6.200000e+00
      vertex   -7.751764e+01 -2.568148e+00 6.200000e+00
      vertex   -7.800000e+01 -2.767949e+00 6.200000e+00
    endloop
  endfacet
  facet normal 0.000000e+00 0.000000e+00 1.000000e+00
    outer loop
      vertex   -7.700000e+01 -3.200000e+00 6.200000e+00
      vertex   -7.800000e+01 -2.767949e+00 6.200000e+00
      vertex   -7.733646e+01 -3.244296e+00 6.200000e+00
    endloop
  endfacet
  facet normal 0.000000e+00 0.000000e+00 1.000000e+00
    outer loop
      vertex   -7.733646e+01 -3.244296e+00 6.200000e+00
      vertex   -7.800000e+01 -2.767949e+00 6.200000e+00
      vertex   -7.841421e+01 -3.085786e+00 6.200000e+00
    endloop
  endfacet
  facet normal 0.000000e+00 0.000000e+00 1.000000e+00
    outer loop
      vertex   -7.733646e+01 -3.244296e+00 6.200000e+00
      vertex   -7.841421e+01 -3.085786e+00 6.200000e+00
      vertex   -7.765000e+01 -3.374167e+00 6.200000e+00
    endloop
  endfacet
  facet normal 0.000000e+00 0.000000e+00 1.000000e+00
    outer loop
      vertex   -7.765000e+01 -3.374167e+00 6.200000e+00
      vertex   -7.841421e+01 -3.085786e+00 6.200000e+00
      vertex   -7.873205e+01 -3.500000e+00 6.200000e+00
    endloop
  endfacet
  facet normal 0.000000e+00 0.000000e+00 1.000000e+00
    outer loop
      vertex   -7.765000e+01 -3.374167e+00 6.200000e+00
      vertex   -7.873205e+01 -3.500000e+00 6.200000e+00
      vertex   -7.791924e+01 -3.580761e+00 6.200000e+00
    endloop
  endfacet
  facet normal 0.000000e+00 0.000000e+00 1.000000e+00
    outer loop
      vertex   -7.791924e+01 -3.580761e+00 6.200000e+00
      vertex   -7.873205e+01 -3.500000e+00 6.200000e+00
      vertex   -7.812583e+01 -3.850000e+00 6.200000e+00
    endloop
  endfacet
  facet normal 0.000000e+00 0.000000e+00 1.000000e+00
    outer loop
      vertex   -7.812583e+01 -3.850000e+00 6.200000e+00
      vertex   -7.873205e+01 -3.500000e+00 6.200000e+00
      vertex   -7.893185e+01 -3.982362e+00 6.200000e+00
    endloop
  endfacet
  facet normal 0.000000e+00 0.000000e+00 1.000000e+00
    outer loop
      vertex   -7.812583e+01 -3.850000e+00 6.200000e+00
      vertex   -7.893185e+01 -3.982362e+00 6.200000e+00
      vertex   -7.825570e+01 -4.163535e+00 6.200000e+00
    endloop
  endfacet
  facet normal 0.000000e+00 0.000000e+00 1.000000e+00
    outer loop
      vertex   -7.825570e+01 -4.163535e+00 6.200000e+00
      vertex   -7.893185e+01 -3.982362e+00 6.200000e+00
      vertex   -7.900000e+01 -4.500000e+00 6.200000e+00
    endloop
  endfacet
  facet normal 0.000000e+00 0.000000e+00 1.000000e+00
    outer loop
      vertex   -7.825570e+01 -4.163535e+00 6.200000e+00
      vertex   -7.900000e+01 -4.500000e+00 6.200000e+00
      vertex   -7.830000e+01 -4.500000e+00 6.200000e+00
    endloop
  endfacet
  facet normal 0.000000e+00 0.000000e+00 1.000000e+00
    outer loop
      vertex   -7.830000e+01 -4.500000e+00 6.200000e+00
      vertex   -7.900000e+01 -4.500000e+00 6.200000e+00
      vertex   -7.825570e+01 -4.836465e+00 6.200000e+00
    endloop
  endfacet
  facet normal 0.000000e+00 0.000000e+00 1.000000e+00
    outer loop
      vertex   -7.825570e+01 -4.836465e+00 6.200000e+00
      vertex   -7.900000e+01 -4.500000e+00 6.200000e+00
      vertex   -7.893185e+01 -5.017638e+00 6.200000e+00
    endloop
  endfacet
  facet normal 0.000000e+00 0.000000e+00 1.000000e+00
    outer loop
      vertex   -7.825570e+01 -4.836465e+00 6.200000e+00
      vertex   -7.893185e+01 -5.017638e+00 6.200000e+00
      vertex   -7.812583e+01 -5.150000e+00 6.200000e+00
    endloop
  endfacet
  facet normal 0.000000e+00 0.000000e+00 1.000000e+00
    outer loop
      vertex   -7.812583e+01 -5.150000e+00 6.200000e+00
      vertex   -7.893185e+01 -5.017638e+00 6.200000e+00
      vertex   -7.873205e+01 -5.500000e+00 6.200000e+00
    endloop
  endfacet
  facet normal 0.000000e+00 0.000000e+00 1.000000e+00
    outer loop
      vertex   -7.812583e+01 -5.150000e+00 6.200000e+00
      vertex   -7.873205e+01 -5.500000e+00 6.200000e+00
      vertex   -7.791924e+01 -5.419239e+00 6.200000e+00
    endloop
  endfacet
  facet normal 0.000000e+00 0.000000e+00 1.000000e+00
    outer loop
      vertex   -7.791924e+01 -5.419239e+00 6.200000e+00
      vertex   -7.873205e+01 -5.500000e+00 6.200000e+00
      vertex   -7.765000e+01 -5.625833e+00 6.200000e+00
    endloop
  endfacet
  facet normal 0.000000e+00 0.000000e+00 1.000000e+00
    outer loop
      vertex   -7.765000e+01 -5.625833e+00 6.200000e+00
      vertex   -7.873205e+01 -5.500000e+00 6.200000e+00
      vertex   -7.841421e+01 -5.914214e+00 6.200000e+00
    endloop
  endfacet
  facet normal 0.000000e+00 0.000000e+00 1.000000e+00
    outer loop
      vertex   -7.765000e+01 -5.625833e+00 6.200000e+00
      vertex   -7.841421e+01 -5.914214e+00 6.200000e+00
      vertex   -7.733646e+01 -5.755704e+00 6.200000e+00
    endloop
  endfacet
  facet normal 0.000000e+00 0.000000e+00 1.000000e+00
    outer loop
      vertex   -7.733646e+01 -5.755704e+00 6.200000e+00
      vertex   -7.841421e+01 -5.914214e+00 6.200000e+00
      vertex   -7.800000e+01 -6.232051e+00 6.200000e+00
    endloop
  endfacet
  facet normal 0.000000e+00 0.000000e+00 1.000000e+00
    outer loop
      vertex   -7.733646e+01 -5.755704e+00 6.200000e+00
      vertex   -7.800000e+01 -6.232051e+00 6.200000e+00
      vertex   -7.700000e+01 -5.800000e+00 6.200000e+00
    endloop
  endfacet
  facet normal 0.000000e+00 0.000000e+00 1.000000e+00
    outer loop
      vertex   -7.700000e+01 -5.800000e+00 6.200000e+00
      vertex   -7.800000e+01 -6.232051e+00 6.200000e+00
      vertex   -7.751764e+01 -6.431852e+00 6.200000e+00
    endloop
  endfacet
  facet normal 0.000000e+00 0.000000e+00 1.000000e+00
    outer loop
      vertex   -7.700000e+01 -5.800000e+00 6.200000e+00
      vertex   -7.751764e+01 -6.431852e+00 6.200000e+00
      vertex   -7.700000e+01 -6.500000e+00 6.200000e+00
    endloop
  endfacet
  facet normal 0.000000e+00 0.000000e+00 1.000000e+00
    outer loop
      vertex   -7.150000e+01 -6.500000e+00 6.200000e+00
      vertex   -7.635000e+01 -5.625833e+00 6.200000e+00
      vertex   -7.700000e+01 -6.500000e+00 6.200000e+00
    endloop
  endfacet
  facet normal 0.000000e+00 0.000000e+00 1.000000e+00
    outer loop
      vertex   -7.700000e+01 -6.500000e+00 6.200000e+00
      vertex   -7.635000e+01 -5.625833e+00 6.200000e+00
      vertex   -7.666354e+01 -5.755704e+00 6.200000e+00
    endloop
  endfacet
  facet normal 0.000000e+00 0.000000e+00 1.000000e+00
    outer loop
      vertex   -7.700000e+01 -6.500000e+00 6.200000e+00
      vertex   -7.666354e+01 -5.755704e+00 6.200000e+00
      vertex   -7.700000e+01 -5.800000e+00 6.200000e+00
    endloop
  endfacet
  facet normal -9.300013e-16 -7.136151e-16 1.000000e+00
    outer loop
      vertex   -7.608076e+01 -3.580761e+00 6.200000e+00
      vertex   -7.587417e+01 -3.850000e+00 6.200000e+00
      vertex   -7.500000e+01 -2.500000e+00 6.200000e+00
    endloop
  endfacet
  facet normal 0.000000e+00 0.000000e+00 1.000000e+00
    outer loop
      vertex   -7.608076e+01 -5.419239e+00 6.200000e+00
      vertex   -7.635000e+01 -5.625833e+00 6.200000e+00
      vertex   -7.150000e+01 -6.500000e+00 6.200000e+00
    endloop
  endfacet
  facet normal 0.000000e+00 -1.000000e+00 0.000000e+00
    outer loop
      vertex   -6.900000e+01 -2.500000e+00 -2.200000e+00
      vertex   -6.900000e+01 -2.500000e+00 -6.200000e+00
      vertex   -4.750000e+01 -2.500000e+00 -3.750000e+01
    endloop
  endfacet
  facet normal 0.000000e+00 -1.000000e+00 0.000000e+00
    outer loop
      vertex   -4.750000e+01 -2.500000e+00 -3.750000e+01
      vertex   -6.900000e+01 -2.500000e+00 -6.200000e+00
      vertex   -7.500000e+01 -2.500000e+00 -6.200000e+00
    endloop
  endfacet
  facet normal -0.000000e+00 -1.000000e+00 -0.000000e+00
    outer loop
      vertex   -4.750000e+01 -2.500000e+00 -3.750000e+01
      vertex   -7.500000e+01 -2.500000e+00 -6.200000e+00
      vertex   -4.736758e+01 -2.500000e+00 -4.019547e+01
    endloop
  endfacet
  facet normal -0.000000e+00 -1.000000e+00 0.000000e+00
    outer loop
      vertex   -4.736758e+01 -2.500000e+00 -4.019547e+01
      vertex   -7.500000e+01 -2.500000e+00 -6.200000e+00
      vertex   -7.500000e+01 -2.500000e+00 -7.600000e+01
    endloop
  endfacet
  facet normal 0.000000e+00 -1.000000e+00 -0.000000e+00
    outer loop
      vertex   -4.736758e+01 -2.500000e+00 -4.019547e+01
      vertex   -7.500000e+01 -2.500000e+00 -7.600000e+01
      vertex   -4.697160e+01 -2.500000e+00 -4.286498e+01
    endloop
  endfacet
  facet normal 0.000000e+00 -1.000000e+00 -0.000000e+00
    outer loop
      vertex   -4.697160e+01 -2.500000e+00 -4.286498e+01
      vertex   -7.500000e+01 -2.500000e+00 -7.600000e+01
      vertex   -4.631586e+01 -2.500000e+00 -4.548283e+01
    endloop
  endfacet
  facet normal 0.000000e+00 -1.000000e+00 -0.000000e+00
    outer loop
      vertex   -4.631586e+01 -2.500000e+00 -4.548283e+01
      vertex   -7.500000e+01 -2.500000e+00 -7.600000e+01
      vertex   -4.540669e+01 -2.500000e+00 -4.802379e+01
    endloop
  endfacet
  facet normal 0.000000e+00 -1.000000e+00 -0.000000e+00
    outer loop
      vertex   -4.540669e+01 -2.500000e+00 -4.802379e+01
      vertex   -7.500000e+01 -2.500000e+00 -7.600000e+01
      vertex   -4.425283e+01 -2.500000e+00 -5.046341e+01
    endloop
  endfacet
  facet normal 0.000000e+00 -1.000000e+00 -0.000000e+00
    outer loop
      vertex   -4.425283e+01 -2.500000e+00 -5.046341e+01
      vertex   -7.500000e+01 -2.500000e+00 -7.600000e+01
      vertex   -4.286541e+01 -2.500000e+00 -5.277818e+01
    endloop
  endfacet
  facet normal 0.000000e+00 -1.000000e+00 -0.000000e+00
    outer loop
      vertex   -4.286541e+01 -2.500000e+00 -5.277818e+01
      vertex   -7.500000e+01 -2.500000e+00 -7.600000e+01
      vertex   -4.125779e+01 -2.500000e+00 -5.494582e+01
    endloop
  endfacet
  facet normal 0.000000e+00 -1.000000e+00 -0.000000e+00
    outer loop
      vertex   -4.125779e+01 -2.500000e+00 -5.494582e+01
      vertex   -7.500000e+01 -2.500000e+00 -7.600000e+01
      vertex   -3.944544e+01 -2.500000e+00 -5.694544e+01
    endloop
  endfacet
  facet normal 0.000000e+00 -1.000000e+00 -0.000000e+00
    outer loop
      vertex   -3.944544e+01 -2.500000e+00 -5.694544e+01
      vertex   -7.500000e+01 -2.500000e+00 -7.600000e+01
      vertex   -3.744582e+01 -2.500000e+00 -5.875779e+01
    endloop
  endfacet
  facet normal 0.000000e+00 -1.000000e+00 -0.000000e+00
    outer loop
      vertex   -3.744582e+01 -2.500000e+00 -5.875779e+01
      vertex   -7.500000e+01 -2.500000e+00 -7.600000e+01
      vertex   -3.527818e+01 -2.500000e+00 -6.036541e+01
    endloop
  endfacet
  facet normal 0.000000e+00 -1.000000e+00 -0.000000e+00
    outer loop
      vertex   -3.527818e+01 -2.500000e+00 -6.036541e+01
      vertex   -7.500000e+01 -2.500000e+00 -7.600000e+01
      vertex   -3.296341e+01 -2.500000e+00 -6.175283e+01
    endloop
  endfacet
  facet normal 0.000000e+00 -1.000000e+00 -0.000000e+00
    outer loop
      vertex   -3.296341e+01 -2.500000e+00 -6.175283e+01
      vertex   -7.500000e+01 -2.500000e+00 -7.600000e+01
      vertex   -3.052379e+01 -2.500000e+00 -6.290669e+01
    endloop
  endfacet
  facet normal 0.000000e+00 -1.000000e+00 -0.000000e+00
    outer loop
      vertex   -3.052379e+01 -2.500000e+00 -6.290669e+01
      vertex   -7.500000e+01 -2.500000e+00 -7.600000e+01
      vertex   -2.798283e+01 -2.500000e+00 -6.381586e+01
    endloop
  endfacet
  facet normal 0.000000e+00 -1.000000e+00 -0.000000e+00
    outer loop
      vertex   -2.798283e+01 -2.500000e+00 -6.381586e+01
      vertex   -7.500000e+01 -2.500000e+00 -7.600000e+01
      vertex   -2.536498e+01 -2.500000e+00 -6.447160e+01
    endloop
  endfacet
  facet normal 0.000000e+00 -1.000000e+00 -0.000000e+00
    outer loop
      vertex   -2.536498e+01 -2.500000e+00 -6.447160e+01
      vertex   -7.500000e+01 -2.500000e+00 -7.600000e+01
      vertex   -2.269547e+01 -2.500000e+00 -6.486758e+01
    endloop
  endfacet
  facet normal 0.000000e+00 -1.000000e+00 -0.000000e+00
    outer loop
      vertex   -2.269547e+01 -2.500000e+00 -6.486758e+01
      vertex   -7.500000e+01 -2.500000e+00 -7.600000e+01
      vertex   -2.000000e+01 -2.500000e+00 -6.500000e+01
    endloop
  endfacet
  facet normal 0.000000e+00 -1.000000e+00 -0.000000e+00
    outer loop
      vertex   -2.000000e+01 -2.500000e+00 -6.500000e+01
      vertex   -7.500000e+01 -2.500000e+00 -7.600000e+01
      vertex   7.500000e+01 -2.500000e+00 -7.600000e+01
    endloop
  endfacet
  facet normal 0.000000e+00 -1.000000e+00 0.000000e+00
    outer loop
      vertex   -2.000000e+01 -2.500000e+00 -6.500000e+01
      vertex   7.500000e+01 -2.500000e+00 -7.600000e+01
      vertex   2.000000e+01 -2.500000e+00 -6.500000e+01
    endloop
  endfacet
  facet normal 0.000000e+00 -1.000000e+00 0.000000e+00
    outer loop
      vertex   2.000000e+01 -2.500000e+00 -6.500000e+01
      vertex   7.500000e+01 -2.500000e+00 -7.600000e+01
      vertex   2.269547e+01 -2.500000e+00 -6.486758e+01
    endloop
  endfacet
  facet normal 0.000000e+00 -1.000000e+00 0.000000e+00
    outer loop
      vertex   2.269547e+01 -2.500000e+00 -6.486758e+01
      vertex   7.500000e+01 -2.500000e+00 -7.600000e+01
      vertex   2.536498e+01 -2.500000e+00 -6.447160e+01
    endloop
  endfacet
  facet normal 0.000000e+00 -1.000000e+00 0.000000e+00
    outer loop
      vertex   2.536498e+01 -2.500000e+00 -6.447160e+01
      vertex   7.500000e+01 -2.500000e+00 -7.600000e+01
      vertex   2.798283e+01 -2.500000e+00 -6.381586e+01
    endloop
  endfacet
  facet normal 0.000000e+00 -1.000000e+00 0.000000e+00
    outer loop
      vertex   2.798283e+01 -2.500000e+00 -6.381586e+01
      vertex   7.500000e+01 -2.500000e+00 -7.600000e+01
      vertex   3.052379e+01 -2.500000e+00 -6.290669e+01
    endloop
  endfacet
  facet normal 0.000000e+00 -1.000000e+00 0.000000e+00
    outer loop
      vertex   3.052379e+01 -2.500000e+00 -6.290669e+01
      vertex   7.500000e+01 -2.500000e+00 -7.600000e+01
      vertex   3.296341e+01 -2.500000e+00 -6.175283e+01
    endloop
  endfacet
  facet normal 0.000000e+00 -1.000000e+00 0.000000e+00
    outer loop
      vertex   3.296341e+01 -2.500000e+00 -6.175283e+01
      vertex   7.500000e+01 -2.500000e+00 -7.600000e+01
      vertex   3.527818e+01 -2.500000e+00 -6.036541e+01
    endloop
  endfacet
  facet normal 0.000000e+00 -1.000000e+00 0.000000e+00
    outer loop
      vertex   3.527818e+01 -2.500000e+00 -6.036541e+01
      vertex   7.500000e+01 -2.500000e+00 -7.600000e+01
      vertex   3.744582e+01 -2.500000e+00 -5.875779e+01
    endloop
  endfacet
  facet normal 0.000000e+00 -1.000000e+00 0.000000e+00
    outer loop
      vertex   3.744582e+01 -2.500000e+00 -5.875779e+01
      vertex   7.500000e+01 -2.500000e+00 -7.600000e+01
      vertex   3.944544e+01 -2.500000e+00 -5.694544e+01
    endloop
  endfacet
  facet normal 0.000000e+00 -1.000000e+00 0.000000e+00
    outer loop
      vertex   3.944544e+01 -2.500000e+00 -5.694544e+01
      vertex   7.500000e+01 -2.500000e+00 -7.600000e+01
      vertex   4.125779e+01 -2.500000e+00 -5.494582e+01
    endloop
  endfacet
  facet normal 0.000000e+00 -1.000000e+00 0.000000e+00
    outer loop
      vertex   4.125779e+01 -2.500000e+00 -5.494582e+01
      vertex   7.500000e+01 -2.500000e+00 -7.600000e+01
      vertex   4.286541e+01 -2.500000e+00 -5.277818e+01
    endloop
  endfacet
  facet normal 0.000000e+00 -1.000000e+00 0.000000e+00
    outer loop
      vertex   4.286541e+01 -2.500000e+00 -5.277818e+01
      vertex   7.500000e+01 -2.500000e+00 -7.600000e+01
      vertex   4.425283e+01 -2.500000e+00 -5.046341e+01
    endloop
  endfacet
  facet normal 0.000000e+00 -1.000000e+00 0.000000e+00
    outer loop
      vertex   4.425283e+01 -2.500000e+00 -5.046341e+01
      vertex   7.500000e+01 -2.500000e+00 -7.600000e+01
      vertex   4.540669e+01 -2.500000e+00 -4.802379e+01
    endloop
  endfacet
  facet normal 0.000000e+00 -1.000000e+00 0.000000e+00
    outer loop
      vertex   4.540669e+01 -2.500000e+00 -4.802379e+01
      vertex   7.500000e+01 -2.500000e+00 -7.600000e+01
      vertex   4.631586e+01 -2.500000e+00 -4.548283e+01
    endloop
  endfacet
  facet normal 0.000000e+00 -1.000000e+00 0.000000e+00
    outer loop
      vertex   4.631586e+01 -2.500000e+00 -4.548283e+01
      vertex   7.500000e+01 -2.500000e+00 -7.600000e+01
      vertex   4.697160e+01 -2.500000e+00 -4.286498e+01
    endloop
  endfacet
  facet normal 0.000000e+00 -1.000000e+00 0.000000e+00
    outer loop
      vertex   4.697160e+01 -2.500000e+00 -4.286498e+01
      vertex   7.500000e+01 -2.500000e+00 -7.600000e+01
      vertex   4.736758e+01 -2.500000e+00 -4.019547e+01
    endloop
  endfacet
  facet normal 0.000000e+00 -1.000000e+00 0.000000e+00
    outer loop
      vertex   4.736758e+01 -2.500000e+00 -4.019547e+01
      vertex   7.500000e+01 -2.500000e+00 -7.600000e+01
      vertex   4.750000e+01 -2.500000e+00 -3.750000e+01
    endloop
  endfacet
  facet normal 0.000000e+00 -1.000000e+00 0.000000e+00
    outer loop
      vertex   4.750000e+01 -2.500000e+00 -3.750000e+01
      vertex   7.500000e+01 -2.500000e+00 -7.600000e+01
      vertex   4.750000e+01 -2.500000e+00 4.500000e+01
    endloop
  endfacet
  facet normal 0.000000e+00 -1.000000e+00 0.000000e+00
    outer loop
      vertex   4.750000e+01 -2.500000e+00 4.500000e+01
      vertex   7.500000e+01 -2.500000e+00 -7.600000e+01
      vertex   7.500000e+01 -2.500000e+00 9.400000e+01
    endloop
  endfacet
  facet normal 0.000000e+00 -1.000000e+00 0.000000e+00
    outer loop
      vertex   4.750000e+01 -2.500000e+00 4.500000e+01
      vertex   7.500000e+01 -2.500000e+00 9.400000e+01
      vertex   4.736758e+01 -2.500000e+00 4.769547e+01
    endloop
  endfacet
  facet normal 0.000000e+00 -1.000000e+00 0.000000e+00
    outer loop
      vertex   4.736758e+01 -2.500000e+00 4.769547e+01
      vertex   7.500000e+01 -2.500000e+00 9.400000e+01
      vertex   4.697160e+01 -2.500000e+00 5.036498e+01
    endloop
  endfacet
  facet normal 0.000000e+00 -1.000000e+00 0.000000e+00
    outer loop
      vertex   4.697160e+01 -2.500000e+00 5.036498e+01
      vertex   7.500000e+01 -2.500000e+00 9.400000e+01
      vertex   4.631586e+01 -2.500000e+00 5.298283e+01
    endloop
  endfacet
  facet normal 0.000000e+00 -1.000000e+00 0.000000e+00
    outer loop
      vertex   4.631586e+01 -2.500000e+00 5.298283e+01
      vertex   7.500000e+01 -2.500000e+00 9.400000e+01
      vertex   4.540669e+01 -2.500000e+00 5.552379e+01
    endloop
  endfacet
  facet normal 0.000000e+00 -1.000000e+00 0.000000e+00
    outer loop
      vertex   4.540669e+01 -2.500000e+00 5.552379e+01
      vertex   7.500000e+01 -2.500000e+00 9.400000e+01
      vertex   4.425283e+01 -2.500000e+00 5.796341e+01
    endloop
  endfacet
  facet normal 0.000000e+00 -1.000000e+00 0.000000e+00
    outer loop
      vertex   4.425283e+01 -2.500000e+00 5.796341e+01
      vertex   7.500000e+01 -2.500000e+00 9.400000e+01
      vertex   4.286541e+01 -2.500000e+00 6.027818e+01
    endloop
  endfacet
  facet normal 0.000000e+00 -1.000000e+00 0.000000e+00
    outer loop
      vertex   4.286541e+01 -2.500000e+00 6.027818e+01
      vertex   7.500000e+01 -2.500000e+00 9.400000e+01
      vertex   4.125779e+01 -2.500000e+00 6.244582e+01
    endloop
  endfacet
  facet normal 0.000000e+00 -1.000000e+00 0.000000e+00
    outer loop
      vertex   4.125779e+01 -2.500000e+00 6.244582e+01
      vertex   7.500000e+01 -2.500000e+00 9.400000e+01
      vertex   6.900000e+01 -2.500000e+00 1.000000e+02
    endloop
  endfacet
  facet normal 0.000000e+00 -1.000000e+00 0.000000e+00
    outer loop
      vertex   4.125779e+01 -2.500000e+00 6.244582e+01
      vertex   6.900000e+01 -2.500000e+00 1.000000e+02
      vertex   3.944544e+01 -2.500000e+00 6.444544e+01
    endloop
  endfacet
  facet normal 0.000000e+00 -1.000000e+00 0.000000e+00
    outer loop
      vertex   3.944544e+01 -2.500000e+00 6.444544e+01
      vertex   6.900000e+01 -2.500000e+00 1.000000e+02
      vertex   3.744582e+01 -2.500000e+00 6.625779e+01
    endloop
  endfacet
  facet normal 0.000000e+00 -1.000000e+00 0.000000e+00
    outer loop
      vertex   3.744582e+01 -2.500000e+00 6.625779e+01
      vertex   6.900000e+01 -2.500000e+00 1.000000e+02
      vertex   3.527818e+01 -2.500000e+00 6.786541e+01
    endloop
  endfacet
  facet normal 0.000000e+00 -1.000000e+00 0.000000e+00
    outer loop
      vertex   3.527818e+01 -2.500000e+00 6.786541e+01
      vertex   6.900000e+01 -2.500000e+00 1.000000e+02
      vertex   3.296341e+01 -2.500000e+00 6.925283e+01
    endloop
  endfacet
  facet normal 0.000000e+00 -1.000000e+00 0.000000e+00
    outer loop
      vertex   3.296341e+01 -2.500000e+00 6.925283e+01
      vertex   6.900000e+01 -2.500000e+00 1.000000e+02
      vertex   3.052379e+01 -2.500000e+00 7.040669e+01
    endloop
  endfacet
  facet normal 0.000000e+00 -1.000000e+00 0.000000e+00
    outer loop
      vertex   3.052379e+01 -2.500000e+00 7.040669e+01
      vertex   6.900000e+01 -2.500000e+00 1.000000e+02
      vertex   2.798283e+01 -2.500000e+00 7.131586e+01
    endloop
  endfacet
  facet normal 0.000000e+00 -1.000000e+00 0.000000e+00
    outer loop
      vertex   2.798283e+01 -2.500000e+00 7.131586e+01
      vertex   6.900000e+01 -2.500000e+00 1.000000e+02
      vertex   2.536498e+01 -2.500000e+00 7.197160e+01
    endloop
  endfacet
  facet normal 0.000000e+00 -1.000000e+00 0.000000e+00
    outer loop
      vertex   2.536498e+01 -2.500000e+00 7.197160e+01
      vertex   6.900000e+01 -2.500000e+00 1.000000e+02
      vertex   2.269547e+01 -2.500000e+00 7.236758e+01
    endloop
  endfacet
  facet normal 0.000000e+00 -1.000000e+00 0.000000e+00
    outer loop
      vertex   2.269547e+01 -2.500000e+00 7.236758e+01
      vertex   6.900000e+01 -2.500000e+00 1.000000e+02
      vertex   2.000000e+01 -2.500000e+00 7.250000e+01
    endloop
  endfacet
  facet normal 0.000000e+00 -1.000000e+00 0.000000e+00
    outer loop
      vertex   2.000000e+01 -2.500000e+00 7.250000e+01
      vertex   6.900000e+01 -2.500000e+00 1.000000e+02
      vertex   -6.900000e+01 -2.500000e+00 1.000000e+02
    endloop
  endfacet
  facet normal -0.000000e+00 -1.000000e+00 0.000000e+00
    outer loop
      vertex   2.000000e+01 -2.500000e+00 7.250000e+01
      vertex   -6.900000e+01 -2.500000e+00 1.000000e+02
      vertex   -2.000000e+01 -2.500000e+00 7.250000e+01
    endloop
  endfacet
  facet normal -0.000000e+00 -1.000000e+00 0.000000e+00
    outer loop
      vertex   -2.000000e+01 -2.500000e+00 7.250000e+01
      vertex   -6.900000e+01 -2.500000e+00 1.000000e+02
      vertex   -2.269547e+01 -2.500000e+00 7.236758e+01
    endloop
  endfacet
  facet normal -0.000000e+00 -1.000000e+00 0.000000e+00
    outer loop
      vertex   -2.269547e+01 -2.500000e+00 7.236758e+01
      vertex   -6.900000e+01 -2.500000e+00 1.000000e+02
      vertex   -2.536498e+01 -2.500000e+00 7.197160e+01
    endloop
  endfacet
  facet normal -0.000000e+00 -1.000000e+00 0.000000e+00
    outer loop
      vertex   -2.536498e+01 -2.500000e+00 7.197160e+01
      vertex   -6.900000e+01 -2.500000e+00 1.000000e+02
      vertex   -2.798283e+01 -2.500000e+00 7.131586e+01
    endloop
  endfacet
  facet normal -0.000000e+00 -1.000000e+00 0.000000e+00
    outer loop
      vertex   -2.798283e+01 -2.500000e+00 7.131586e+01
      vertex   -6.900000e+01 -2.500000e+00 1.000000e+02
      vertex   -3.052379e+01 -2.500000e+00 7.040669e+01
    endloop
  endfacet
  facet normal -0.000000e+00 -1.000000e+00 0.000000e+00
    outer loop
      vertex   -3.052379e+01 -2.500000e+00 7.040669e+01
      vertex   -6.900000e+01 -2.500000e+00 1.000000e+02
      vertex   -3.296341e+01 -2.500000e+00 6.925283e+01
    endloop
  endfacet
  facet normal -0.000000e+00 -1.000000e+00 0.000000e+00
    outer loop
      vertex   -3.296341e+01 -2.500000e+00 6.925283e+01
      vertex   -6.900000e+01 -2.500000e+00 1.000000e+02
      vertex   -3.527818e+01 -2.500000e+00 6.786541e+01
    endloop
  endfacet
  facet normal -0.000000e+00 -1.000000e+00 0.000000e+00
    outer loop
      vertex   -3.527818e+01 -2.500000e+00 6.786541e+01
      vertex   -6.900000e+01 -2.500000e+00 1.000000e+02
      vertex   -3.744582e+01 -2.500000e+00 6.625779e+01
    endloop
  endfacet
  facet normal -0.000000e+00 -1.000000e+00 0.000000e+00
    outer loop
      vertex   -3.744582e+01 -2.500000e+00 6.625779e+01
      vertex   -6.900000e+01 -2.500000e+00 1.000000e+02
      vertex   -3.944544e+01 -2.500000e+00 6.444544e+01
    endloop
  endfacet
  facet normal -0.000000e+00 -1.000000e+00 0.000000e+00
    outer loop
      vertex   -3.944544e+01 -2.500000e+00 6.444544e+01
      vertex   -6.900000e+01 -2.500000e+00 1.000000e+02
      vertex   -4.125779e+01 -2.500000e+00 6.244582e+01
    endloop
  endfacet
  facet normal 0.000000e+00 -1.000000e+00 0.000000e+00
    outer loop
      vertex   -4.125779e+01 -2.500000e+00 6.244582e+01
      vertex   -6.900000e+01 -2.500000e+00 1.000000e+02
      vertex   -7.500000e+01 -2.500000e+00 9.400000e+01
    endloop
  endfacet
  facet normal -0.000000e+00 -1.000000e+00 0.000000e+00
    outer loop
      vertex   -4.125779e+01 -2.500000e+00 6.244582e+01
      vertex   -7.500000e+01 -2.500000e+00 9.400000e+01
      vertex   -4.286541e+01 -2.500000e+00 6.027818e+01
    endloop
  endfacet
  facet normal -0.000000e+00 -1.000000e+00 0.000000e+00
    outer loop
      vertex   -4.286541e+01 -2.500000e+00 6.027818e+01
      vertex   -7.500000e+01 -2.500000e+00 9.400000e+01
      vertex   -4.425283e+01 -2.500000e+00 5.796341e+01
    endloop
  endfacet
  facet normal -0.000000e+00 -1.000000e+00 0.000000e+00
    outer loop
      vertex   -4.425283e+01 -2.500000e+00 5.796341e+01
      vertex   -7.500000e+01 -2.500000e+00 9.400000e+01
      vertex   -4.540669e+01 -2.500000e+00 5.552379e+01
    endloop
  endfacet
  facet normal -0.000000e+00 -1.000000e+00 0.000000e+00
    outer loop
      vertex   -4.540669e+01 -2.500000e+00 5.552379e+01
      vertex   -7.500000e+01 -2.500000e+00 9.400000e+01
      vertex   -4.631586e+01 -2.500000e+00 5.298283e+01
    endloop
  endfacet
  facet normal -0.000000e+00 -1.000000e+00 0.000000e+00
    outer loop
      vertex   -4.631586e+01 -2.500000e+00 5.298283e+01
      vertex   -7.500000e+01 -2.500000e+00 9.400000e+01
      vertex   -4.697160e+01 -2.500000e+00 5.036498e+01
    endloop
  endfacet
  facet normal -0.000000e+00 -1.000000e+00 0.000000e+00
    outer loop
      vertex   -4.697160e+01 -2.500000e+00 5.036498e+01
      vertex   -7.500000e+01 -2.500000e+00 9.400000e+01
      vertex   -4.736758e+01 -2.500000e+00 4.769547e+01
    endloop
  endfacet
  facet normal -0.000000e+00 -1.000000e+00 0.000000e+00
    outer loop
      vertex   -4.736758e+01 -2.500000e+00 4.769547e+01
      vertex   -7.500000e+01 -2.500000e+00 9.400000e+01
      vertex   -7.500000e+01 -2.500000e+00 6.200000e+00
    endloop
  endfacet
  facet normal 0.000000e+00 -1.000000e+00 0.000000e+00
    outer loop
      vertex   -4.736758e+01 -2.500000e+00 4.769547e+01
      vertex   -7.500000e+01 -2.500000e+00 6.200000e+00
      vertex   -4.750000e+01 -2.500000e+00 4.500000e+01
    endloop
  endfacet
  facet normal 0.000000e+00 -1.000000e+00 0.000000e+00
    outer loop
      vertex   -4.750000e+01 -2.500000e+00 4.500000e+01
      vertex   -7.500000e+01 -2.500000e+00 6.200000e+00
      vertex   -6.900000e+01 -2.500000e+00 6.200000e+00
    endloop
  endfacet
  facet normal 0.000000e+00 -1.000000e+00 0.000000e+00
    outer loop
      vertex   -4.750000e+01 -2.500000e+00 4.500000e+01
      vertex   -6.900000e+01 -2.500000e+00 6.200000e+00
      vertex   -6.900000e+01 -2.500000e+00 2.200000e+00
    endloop
  endfacet
  facet normal -0.000000e+00 -1.000000e+00 -0.000000e+00
    outer loop
      vertex   7.488471e+01 -2.500000e+00 9.517054e+01
      vertex   7.454328e+01 -2.500000e+00 9.629610e+01
      vertex   7.500000e+01 -2.500000e+00 9.400000e+01
    endloop
  endfacet
  facet normal 0.000000e+00 -1.000000e+00 0.000000e+00
    outer loop
      vertex   7.500000e+01 -2.500000e+00 9.400000e+01
      vertex   7.454328e+01 -2.500000e+00 9.629610e+01
      vertex   7.398882e+01 -2.500000e+00 9.733342e+01
    endloop
  endfacet
  facet normal 0.000000e+00 -1.000000e+00 0.000000e+00
    outer loop
      vertex   7.500000e+01 -2.500000e+00 9.400000e+01
      vertex   7.398882e+01 -2.500000e+00 9.733342e+01
      vertex   7.324264e+01 -2.500000e+00 9.824264e+01
    endloop
  endfacet
  facet normal -0.000000e+00 -1.000000e+00 -0.000000e+00
    outer loop
      vertex   7.324264e+01 -2.500000e+00 9.824264e+01
      vertex   7.233342e+01 -2.500000e+00 9.898882e+01
      vertex   7.500000e+01 -2.500000e+00 9.400000e+01
    endloop
  endfacet
  facet normal 0.000000e+00 -1.000000e+00 0.000000e+00
    outer loop
      vertex   7.500000e+01 -2.500000e+00 9.400000e+01
      vertex   7.233342e+01 -2.500000e+00 9.898882e+01
      vertex   7.129610e+01 -2.500000e+00 9.954328e+01
    endloop
  endfacet
  facet normal 0.000000e+00 -1.000000e+00 0.000000e+00
    outer loop
      vertex   7.500000e+01 -2.500000e+00 9.400000e+01
      vertex   7.129610e+01 -2.500000e+00 9.954328e+01
      vertex   7.017054e+01 -2.500000e+00 9.988471e+01
    endloop
  endfacet
  facet normal -0.000000e+00 -1.000000e+00 -0.000000e+00
    outer loop
      vertex   7.017054e+01 -2.500000e+00 9.988471e+01
      vertex   6.900000e+01 -2.500000e+00 1.000000e+02
      vertex   7.500000e+01 -2.500000e+00 9.400000e+01
    endloop
  endfacet
  facet normal 0.000000e+00 -1.000000e+00 0.000000e+00
    outer loop
      vertex   -6.900000e+01 -2.500000e+00 1.000000e+02
      vertex   -7.017054e+01 -2.500000e+00 9.988471e+01
      vertex   -7.500000e+01 -2.500000e+00 9.400000e+01
    endloop
  endfacet
  facet normal 0.000000e+00 -1.000000e+00 0.000000e+00
    outer loop
      vertex   -7.500000e+01 -2.500000e+00 9.400000e+01
      vertex   -7.017054e+01 -2.500000e+00 9.988471e+01
      vertex   -7.129610e+01 -2.500000e+00 9.954328e+01
    endloop
  endfacet
  facet normal 0.000000e+00 -1.000000e+00 0.000000e+00
    outer loop
      vertex   -7.500000e+01 -2.500000e+00 9.400000e+01
      vertex   -7.129610e+01 -2.500000e+00 9.954328e+01
      vertex   -7.233342e+01 -2.500000e+00 9.898882e+01
    endloop
  endfacet
  facet normal 0.000000e+00 -1.000000e+00 0.000000e+00
    outer loop
      vertex   -7.233342e+01 -2.500000e+00 9.898882e+01
      vertex   -7.324264e+01 -2.500000e+00 9.824264e+01
      vertex   -7.500000e+01 -2.500000e+00 9.400000e+01
    endloop
  endfacet
  facet normal 0.000000e+00 -1.000000e+00 0.000000e+00
    outer loop
      vertex   -7.500000e+01 -2.500000e+00 9.400000e+01
      vertex   -7.324264e+01 -2.500000e+00 9.824264e+01
      vertex   -7.398882e+01 -2.500000e+00 9.733342e+01
    endloop
  endfacet
  facet normal 0.000000e+00 -1.000000e+00 0.000000e+00
    outer loop
      vertex   -7.500000e+01 -2.500000e+00 9.400000e+01
      vertex   -7.398882e+01 -2.500000e+00 9.733342e+01
      vertex   -7.454328e+01 -2.500000e+00 9.629610e+01
    endloop
  endfacet
  facet normal 0.000000e+00 -1.000000e+00 0.000000e+00
    outer loop
      vertex   -7.454328e+01 -2.500000e+00 9.629610e+01
      vertex   -7.488471e+01 -2.500000e+00 9.517054e+01
      vertex   -7.500000e+01 -2.500000e+00 9.400000e+01
    endloop
  endfacet
  facet normal 0.000000e+00 -1.000000e+00 0.000000e+00
    outer loop
      vertex   -7.500000e+01 -2.500000e+00 2.200000e+00
      vertex   -6.900000e+01 -2.500000e+00 -2.200000e+00
      vertex   -6.900000e+01 -2.500000e+00 2.200000e+00
    endloop
  endfacet
  facet normal 0.000000e+00 -1.000000e+00 0.000000e+00
    outer loop
      vertex   -6.900000e+01 -2.500000e+00 2.200000e+00
      vertex   -6.900000e+01 -2.500000e+00 -2.200000e+00
      vertex   -4.750000e+01 -2.500000e+00 -3.750000e+01
    endloop
  endfacet
  facet normal 0.000000e+00 -1.000000e+00 0.000000e+00
    outer loop
      vertex   -6.900000e+01 -2.500000e+00 2.200000e+00
      vertex   -4.750000e+01 -2.500000e+00 -3.750000e+01
      vertex   -4.750000e+01 -2.500000e+00 4.500000e+01
    endloop
  endfacet
  facet normal 0.000000e+00 -1.000000e+00 0.000000e+00
    outer loop
      vertex   -7.500000e+01 -2.500000e+00 2.200000e+00
      vertex   -7.500000e+01 -2.500000e+00 -2.200000e+00
      vertex   -6.900000e+01 -2.500000e+00 -2.200000e+00
    endloop
  endfacet
  facet normal 2.129377e-15 -1.305262e-01 -9.914449e-01
    outer loop
      vertex   7.500000e+01 -1.388229e+00 -7.744889e+01
      vertex   6.666667e+01 -1.388229e+00 -7.744889e+01
      vertex   7.500000e+01 -1.000000e+00 -7.750000e+01
    endloop
  endfacet
  facet normal 3.482041e-15 -1.305262e-01 -9.914449e-01
    outer loop
      vertex   7.500000e+01 -1.000000e+00 -7.750000e+01
      vertex   6.666667e+01 -1.388229e+00 -7.744889e+01
      vertex   5.833333e+01 -1.388229e+00 -7.744889e+01
    endloop
  endfacet
  facet normal 1.794713e-15 -1.305262e-01 -9.914449e-01
    outer loop
      vertex   7.500000e+01 -1.000000e+00 -7.750000e+01
      vertex   5.833333e+01 -1.388229e+00 -7.744889e+01
      vertex   5.000000e+01 -1.388229e+00 -7.744889e+01
    endloop
  endfacet
  facet normal 1.881396e-15 -3.826834e-01 -9.238795e-01
    outer loop
      vertex   5.000000e+01 -1.388229e+00 -7.744889e+01
      vertex   5.833333e+01 -1.388229e+00 -7.744889e+01
      vertex   5.000000e+01 -1.750000e+00 -7.729904e+01
    endloop
  endfacet
  facet normal 3.293851e-15 -3.826834e-01 -9.238795e-01
    outer loop
      vertex   5.000000e+01 -1.388229e+00 -7.744889e+01
      vertex   5.000000e+01 -1.750000e+00 -7.729904e+01
      vertex   4.166667e+01 -1.750000e+00 -7.729904e+01
    endloop
  endfacet
  facet normal 2.932904e-15 -6.087614e-01 -7.933533e-01
    outer loop
      vertex   4.166667e+01 -1.750000e+00 -7.729904e+01
      vertex   5.000000e+01 -1.750000e+00 -7.729904e+01
      vertex   4.166667e+01 -2.060660e+00 -7.706066e+01
    endloop
  endfacet
  facet normal 1.352414e-15 -6.087614e-01 -7.933533e-01
    outer loop
      vertex   4.166667e+01 -1.750000e+00 -7.729904e+01
      vertex   4.166667e+01 -2.060660e+00 -7.706066e+01
      vertex   3.333333e+01 -2.060660e+00 -7.706066e+01
    endloop
  endfacet
  facet normal 1.038122e-15 -7.933533e-01 -6.087614e-01
    outer loop
      vertex   3.333333e+01 -2.060660e+00 -7.706066e+01
      vertex   4.166667e+01 -2.060660e+00 -7.706066e+01
      vertex   3.333333e+01 -2.299038e+00 -7.675000e+01
    endloop
  endfacet
  facet normal 1.947816e-15 -7.933533e-01 -6.087614e-01
    outer loop
      vertex   3.333333e+01 -2.060660e+00 -7.706066e+01
      vertex   3.333333e+01 -2.299038e+00 -7.675000e+01
      vertex   2.500000e+01 -2.299038e+00 -7.675000e+01
    endloop
  endfacet
  facet normal 1.157479e-15 -9.238795e-01 -3.826834e-01
    outer loop
      vertex   2.500000e+01 -2.299038e+00 -7.675000e+01
      vertex   3.333333e+01 -2.299038e+00 -7.675000e+01
      vertex   2.500000e+01 -2.448889e+00 -7.638823e+01
    endloop
  endfacet
  facet normal 4.550576e-16 -9.238795e-01 -3.826834e-01
    outer loop
      vertex   2.500000e+01 -2.299038e+00 -7.675000e+01
      vertex   2.500000e+01 -2.448889e+00 -7.638823e+01
      vertex   1.666667e+01 -2.448889e+00 -7.638823e+01
    endloop
  endfacet
  facet normal 1.124747e-17 -9.914449e-01 -1.305262e-01
    outer loop
      vertex   1.666667e+01 -2.448889e+00 -7.638823e+01
      vertex   2.500000e+01 -2.448889e+00 -7.638823e+01
      vertex   7.500000e+01 -2.500000e+00 -7.600000e+01
    endloop
  endfacet
  facet normal 2.338341e-16 -9.914449e-01 -1.305262e-01
    outer loop
      vertex   1.666667e+01 -2.448889e+00 -7.638823e+01
      vertex   7.500000e+01 -2.500000e+00 -7.600000e+01
      vertex   8.333333e+00 -2.448889e+00 -7.638823e+01
    endloop
  endfacet
  facet normal 2.338341e-16 -9.914449e-01 -1.305262e-01
    outer loop
      vertex   8.333333e+00 -2.448889e+00 -7.638823e+01
      vertex   7.500000e+01 -2.500000e+00 -7.600000e+01
      vertex   -4.440892e-15 -2.448889e+00 -7.638823e+01
    endloop
  endfacet
  facet normal 1.108245e-15 -9.238795e-01 -3.826834e-01
    outer loop
      vertex   8.333333e+00 -2.448889e+00 -7.638823e+01
      vertex   -4.440892e-15 -2.448889e+00 -7.638823e+01
      vertex   8.333333e+00 -2.299038e+00 -7.675000e+01
    endloop
  endfacet
  facet normal 1.157479e-15 -9.238795e-01 -3.826834e-01
    outer loop
      vertex   8.333333e+00 -2.299038e+00 -7.675000e+01
      vertex   -4.440892e-15 -2.448889e+00 -7.638823e+01
      vertex   -4.440892e-15 -2.299038e+00 -7.675000e+01
    endloop
  endfacet
  facet normal 1.949410e-15 -7.933533e-01 -6.087614e-01
    outer loop
      vertex   8.333333e+00 -2.299038e+00 -7.675000e+01
      vertex   -4.440892e-15 -2.299038e+00 -7.675000e+01
      vertex   8.333333e+00 -2.060660e+00 -7.706066e+01
    endloop
  endfacet
  facet normal 1.038122e-15 -7.933533e-01 -6.087614e-01
    outer loop
      vertex   8.333333e+00 -2.060660e+00 -7.706066e+01
      vertex   -4.440892e-15 -2.299038e+00 -7.675000e+01
      vertex   -4.440892e-15 -2.060660e+00 -7.706066e+01
    endloop
  endfacet
  facet normal 1.352907e-15 -6.087614e-01 -7.933533e-01
    outer loop
      vertex   8.333333e+00 -2.060660e+00 -7.706066e+01
      vertex   -4.440892e-15 -2.060660e+00 -7.706066e+01
      vertex   8.333333e+00 -1.750000e+00 -7.729904e+01
    endloop
  endfacet
  facet normal 1.579997e-15 -6.087614e-01 -7.933533e-01
    outer loop
      vertex   8.333333e+00 -1.750000e+00 -7.729904e+01
      vertex   -4.440892e-15 -2.060660e+00 -7.706066e+01
      vertex   -4.440892e-15 -1.750000e+00 -7.729904e+01
    endloop
  endfacet
  facet normal 1.718248e-15 -3.826834e-01 -9.238795e-01
    outer loop
      vertex   8.333333e+00 -1.750000e+00 -7.729904e+01
      vertex   -4.440892e-15 -1.750000e+00 -7.729904e+01
      vertex   8.333333e+00 -1.388229e+00 -7.744889e+01
    endloop
  endfacet
  facet normal 1.871199e-15 -3.826834e-01 -9.238795e-01
    outer loop
      vertex   8.333333e+00 -1.388229e+00 -7.744889e+01
      vertex   -4.440892e-15 -1.750000e+00 -7.729904e+01
      vertex   -4.440892e-15 -1.388229e+00 -7.744889e+01
    endloop
  endfacet
  facet normal 1.791573e-15 -1.305262e-01 -9.914449e-01
    outer loop
      vertex   8.333333e+00 -1.388229e+00 -7.744889e+01
      vertex   -4.440892e-15 -1.388229e+00 -7.744889e+01
      vertex   7.500000e+01 -1.000000e+00 -7.750000e+01
    endloop
  endfacet
  facet normal 2.160356e-15 -1.305262e-01 -9.914449e-01
    outer loop
      vertex   7.500000e+01 -1.000000e+00 -7.750000e+01
      vertex   -4.440892e-15 -1.388229e+00 -7.744889e+01
      vertex   -7.500000e+01 -1.000000e+00 -7.750000e+01
    endloop
  endfacet
  facet normal 3.478851e-15 -1.305262e-01 -9.914449e-01
    outer loop
      vertex   -7.500000e+01 -1.000000e+00 -7.750000e+01
      vertex   -4.440892e-15 -1.388229e+00 -7.744889e+01
      vertex   -8.333333e+00 -1.388229e+00 -7.744889e+01
    endloop
  endfacet
  facet normal 1.794713e-15 -1.305262e-01 -9.914449e-01
    outer loop
      vertex   -7.500000e+01 -1.000000e+00 -7.750000e+01
      vertex   -8.333333e+00 -1.388229e+00 -7.744889e+01
      vertex   -1.666667e+01 -1.388229e+00 -7.744889e+01
    endloop
  endfacet
  facet normal 1.881396e-15 -3.826834e-01 -9.238795e-01
    outer loop
      vertex   -1.666667e+01 -1.388229e+00 -7.744889e+01
      vertex   -8.333333e+00 -1.388229e+00 -7.744889e+01
      vertex   -1.666667e+01 -1.750000e+00 -7.729904e+01
    endloop
  endfacet
  facet normal 1.696897e-15 -3.826834e-01 -9.238795e-01
    outer loop
      vertex   -1.666667e+01 -1.388229e+00 -7.744889e+01
      vertex   -1.666667e+01 -1.750000e+00 -7.729904e+01
      vertex   -2.500000e+01 -1.750000e+00 -7.729904e+01
    endloop
  endfacet
  facet normal 1.547555e-15 -6.087614e-01 -7.933533e-01
    outer loop
      vertex   -2.500000e+01 -1.750000e+00 -7.729904e+01
      vertex   -1.666667e+01 -1.750000e+00 -7.729904e+01
      vertex   -2.500000e+01 -2.060660e+00 -7.706066e+01
    endloop
  endfacet
  facet normal 1.386437e-15 -6.087614e-01 -7.933533e-01
    outer loop
      vertex   -2.500000e+01 -1.750000e+00 -7.729904e+01
      vertex   -2.500000e+01 -2.060660e+00 -7.706066e+01
      vertex   -3.333333e+01 -2.060660e+00 -7.706066e+01
    endloop
  endfacet
  facet normal 1.080401e-15 -7.933533e-01 -6.087614e-01
    outer loop
      vertex   -3.333333e+01 -2.060660e+00 -7.706066e+01
      vertex   -2.500000e+01 -2.060660e+00 -7.706066e+01
      vertex   -3.333333e+01 -2.299038e+00 -7.675000e+01
    endloop
  endfacet
  facet normal 8.718393e-16 -7.933533e-01 -6.087614e-01
    outer loop
      vertex   -3.333333e+01 -2.060660e+00 -7.706066e+01
      vertex   -3.333333e+01 -2.299038e+00 -7.675000e+01
      vertex   -4.166667e+01 -2.299038e+00 -7.675000e+01
    endloop
  endfacet
  facet normal 4.556543e-16 -9.238795e-01 -3.826834e-01
    outer loop
      vertex   -4.166667e+01 -2.299038e+00 -7.675000e+01
      vertex   -3.333333e+01 -2.299038e+00 -7.675000e+01
      vertex   -4.166667e+01 -2.448889e+00 -7.638823e+01
    endloop
  endfacet
  facet normal 4.061495e-16 -9.238795e-01 -3.826834e-01
    outer loop
      vertex   -4.166667e+01 -2.299038e+00 -7.675000e+01
      vertex   -4.166667e+01 -2.448889e+00 -7.638823e+01
      vertex   -5.000000e+01 -2.448889e+00 -7.638823e+01
    endloop
  endfacet
  facet normal -4.158733e-17 -9.914449e-01 -1.305262e-01
    outer loop
      vertex   -5.000000e+01 -2.448889e+00 -7.638823e+01
      vertex   -4.166667e+01 -2.448889e+00 -7.638823e+01
      vertex   -7.500000e+01 -2.500000e+00 -7.600000e+01
    endloop
  endfacet
  facet normal 2.338341e-16 -9.914449e-01 -1.305262e-01
    outer loop
      vertex   -5.000000e+01 -2.448889e+00 -7.638823e+01
      vertex   -7.500000e+01 -2.500000e+00 -7.600000e+01
      vertex   -5.833333e+01 -2.448889e+00 -7.638823e+01
    endloop
  endfacet
  facet normal 2.338341e-16 -9.914449e-01 -1.305262e-01
    outer loop
      vertex   -5.833333e+01 -2.448889e+00 -7.638823e+01
      vertex   -7.500000e+01 -2.500000e+00 -7.600000e+01
      vertex   -6.666667e+01 -2.448889e+00 -7.638823e+01
    endloop
  endfacet
  facet normal 1.108245e-15 -9.238795e-01 -3.826834e-01
    outer loop
      vertex   -5.833333e+01 -2.448889e+00 -7.638823e+01
      vertex   -6.666667e+01 -2.448889e+00 -7.638823e+01
      vertex   -5.833333e+01 -2.299038e+00 -7.675000e+01
    endloop
  endfacet
  facet normal 1.157479e-15 -9.238795e-01 -3.826834e-01
    outer loop
      vertex   -5.833333e+01 -2.299038e+00 -7.675000e+01
      vertex   -6.666667e+01 -2.448889e+00 -7.638823e+01
      vertex   -6.666667e+01 -2.299038e+00 -7.675000e+01
    endloop
  endfacet
  facet normal 1.949410e-15 -7.933533e-01 -6.087614e-01
    outer loop
      vertex   -5.833333e+01 -2.299038e+00 -7.675000e+01
      vertex   -6.666667e+01 -2.299038e+00 -7.675000e+01
      vertex   -5.833333e+01 -2.060660e+00 -7.706066e+01
    endloop
  endfacet
  facet normal 1.038122e-15 -7.933533e-01 -6.087614e-01
    outer loop
      vertex   -5.833333e+01 -2.060660e+00 -7.706066e+01
      vertex   -6.666667e+01 -2.299038e+00 -7.675000e+01
      vertex   -6.666667e+01 -2.060660e+00 -7.706066e+01
    endloop
  endfacet
  facet normal 1.352907e-15 -6.087614e-01 -7.933533e-01
    outer loop
      vertex   -5.833333e+01 -2.060660e+00 -7.706066e+01
      vertex   -6.666667e+01 -2.060660e+00 -7.706066e+01
      vertex   -5.833333e+01 -1.750000e+00 -7.729904e+01
    endloop
  endfacet
  facet normal 2.932904e-15 -6.087614e-01 -7.933533e-01
    outer loop
      vertex   -5.833333e+01 -1.750000e+00 -7.729904e+01
      vertex   -6.666667e+01 -2.060660e+00 -7.706066e+01
      vertex   -6.666667e+01 -1.750000e+00 -7.729904e+01
    endloop
  endfacet
  facet normal 3.293743e-15 -3.826834e-01 -9.238795e-01
    outer loop
      vertex   -5.833333e+01 -1.750000e+00 -7.729904e+01
      vertex   -6.666667e+01 -1.750000e+00 -7.729904e+01
      vertex   -5.833333e+01 -1.388229e+00 -7.744889e+01
    endloop
  endfacet
  facet normal 1.871199e-15 -3.826834e-01 -9.238795e-01
    outer loop
      vertex   -5.833333e+01 -1.388229e+00 -7.744889e+01
      vertex   -6.666667e+01 -1.750000e+00 -7.729904e+01
      vertex   -6.666667e+01 -1.388229e+00 -7.744889e+01
    endloop
  endfacet
  facet normal 1.791573e-15 -1.305262e-01 -9.914449e-01
    outer loop
      vertex   -5.833333e+01 -1.388229e+00 -7.744889e+01
      vertex   -6.666667e+01 -1.388229e+00 -7.744889e+01
      vertex   -7.500000e+01 -1.000000e+00 -7.750000e+01
    endloop
  endfacet
  facet normal 3.039742e-15 -1.305262e-01 -9.914449e-01
    outer loop
      vertex   -7.500000e+01 -1.000000e+00 -7.750000e+01
      vertex   -6.666667e+01 -1.388229e+00 -7.744889e+01
      vertex   -7.500000e+01 -1.388229e+00 -7.744889e+01
    endloop
  endfacet
  facet normal 2.151709e-15 -3.826834e-01 -9.238795e-01
    outer loop
      vertex   -7.500000e+01 -1.388229e+00 -7.744889e+01
      vertex   -6.666667e+01 -1.388229e+00 -7.744889e+01
      vertex   -7.500000e+01 -1.750000e+00 -7.729904e+01
    endloop
  endfacet
  facet normal 2.773709e-15 -3.826834e-01 -9.238795e-01
    outer loop
      vertex   -7.500000e+01 -1.750000e+00 -7.729904e+01
      vertex   -6.666667e+01 -1.388229e+00 -7.744889e+01
      vertex   -6.666667e+01 -1.750000e+00 -7.729904e+01
    endloop
  endfacet
  facet normal 2.105651e-15 -6.087614e-01 -7.933533e-01
    outer loop
      vertex   -7.500000e+01 -1.750000e+00 -7.729904e+01
      vertex   -6.666667e+01 -1.750000e+00 -7.729904e+01
      vertex   -7.500000e+01 -2.060660e+00 -7.706066e+01
    endloop
  endfacet
  facet normal 2.803139e-15 -6.087614e-01 -7.933533e-01
    outer loop
      vertex   -7.500000e+01 -2.060660e+00 -7.706066e+01
      vertex   -6.666667e+01 -1.750000e+00 -7.729904e+01
      vertex   -6.666667e+01 -2.060660e+00 -7.706066e+01
    endloop
  endfacet
  facet normal 2.203080e-15 -7.933533e-01 -6.087614e-01
    outer loop
      vertex   -7.500000e+01 -2.060660e+00 -7.706066e+01
      vertex   -6.666667e+01 -2.060660e+00 -7.706066e+01
      vertex   -7.500000e+01 -2.299038e+00 -7.675000e+01
    endloop
  endfacet
  facet normal 1.503185e-15 -7.933533e-01 -6.087614e-01
    outer loop
      vertex   -7.500000e+01 -2.299038e+00 -7.675000e+01
      vertex   -6.666667e+01 -2.060660e+00 -7.706066e+01
      vertex   -6.666667e+01 -2.299038e+00 -7.675000e+01
    endloop
  endfacet
  facet normal 1.194167e-15 -9.238795e-01 -3.826834e-01
    outer loop
      vertex   -7.500000e+01 -2.299038e+00 -7.675000e+01
      vertex   -6.666667e+01 -2.299038e+00 -7.675000e+01
      vertex   -7.500000e+01 -2.448889e+00 -7.638823e+01
    endloop
  endfacet
  facet normal 8.369814e-16 -9.238795e-01 -3.826834e-01
    outer loop
      vertex   -7.500000e+01 -2.448889e+00 -7.638823e+01
      vertex   -6.666667e+01 -2.299038e+00 -7.675000e+01
      vertex   -6.666667e+01 -2.448889e+00 -7.638823e+01
    endloop
  endfacet
  facet normal 8.981916e-16 -9.914449e-01 -1.305262e-01
    outer loop
      vertex   -7.500000e+01 -2.448889e+00 -7.638823e+01
      vertex   -6.666667e+01 -2.448889e+00 -7.638823e+01
      vertex   -7.500000e+01 -2.500000e+00 -7.600000e+01
    endloop
  endfacet
  facet normal -5.198364e-16 -3.826834e-01 -9.238795e-01
    outer loop
      vertex   6.666667e+01 -1.388229e+00 -7.744889e+01
      vertex   7.500000e+01 -1.388229e+00 -7.744889e+01
      vertex   6.666667e+01 -1.750000e+00 -7.729904e+01
    endloop
  endfacet
  facet normal 1.478724e-15 -3.826834e-01 -9.238795e-01
    outer loop
      vertex   6.666667e+01 -1.750000e+00 -7.729904e+01
      vertex   7.500000e+01 -1.388229e+00 -7.744889e+01
      vertex   7.500000e+01 -1.750000e+00 -7.729904e+01
    endloop
  endfacet
  facet normal 4.562626e-17 -6.087614e-01 -7.933533e-01
    outer loop
      vertex   6.666667e+01 -1.750000e+00 -7.729904e+01
      vertex   7.500000e+01 -1.750000e+00 -7.729904e+01
      vertex   6.666667e+01 -2.060660e+00 -7.706066e+01
    endloop
  endfacet
  facet normal 1.320466e-15 -6.087614e-01 -7.933533e-01
    outer loop
      vertex   6.666667e+01 -2.060660e+00 -7.706066e+01
      vertex   7.500000e+01 -1.750000e+00 -7.729904e+01
      vertex   7.500000e+01 -2.060660e+00 -7.706066e+01
    endloop
  endfacet
  facet normal 9.958442e-16 -7.933533e-01 -6.087614e-01
    outer loop
      vertex   6.666667e+01 -2.060660e+00 -7.706066e+01
      vertex   7.500000e+01 -2.060660e+00 -7.706066e+01
      vertex   6.666667e+01 -2.299038e+00 -7.675000e+01
    endloop
  endfacet
  facet normal -1.314404e-16 -7.933533e-01 -6.087614e-01
    outer loop
      vertex   6.666667e+01 -2.299038e+00 -7.675000e+01
      vertex   7.500000e+01 -2.060660e+00 -7.706066e+01
      vertex   7.500000e+01 -2.299038e+00 -7.675000e+01
    endloop
  endfacet
  facet normal 9.595909e-16 -9.238795e-01 -3.826834e-01
    outer loop
      vertex   6.666667e+01 -2.299038e+00 -7.675000e+01
      vertex   7.500000e+01 -2.299038e+00 -7.675000e+01
      vertex   6.666667e+01 -2.448889e+00 -7.638823e+01
    endloop
  endfacet
  facet normal -7.027773e-16 -9.238795e-01 -3.826834e-01
    outer loop
      vertex   6.666667e+01 -2.448889e+00 -7.638823e+01
      vertex   7.500000e+01 -2.299038e+00 -7.675000e+01
      vertex   7.500000e+01 -2.448889e+00 -7.638823e+01
    endloop
  endfacet
  facet normal 1.634476e-15 -9.914449e-01 -1.305262e-01
    outer loop
      vertex   6.666667e+01 -2.448889e+00 -7.638823e+01
      vertex   7.500000e+01 -2.448889e+00 -7.638823e+01
      vertex   7.500000e+01 -2.500000e+00 -7.600000e+01
    endloop
  endfacet
  facet normal 2.967822e-16 -9.914449e-01 -1.305262e-01
    outer loop
      vertex   7.500000e+01 -2.500000e+00 -7.600000e+01
      vertex   -7.500000e+01 -2.500000e+00 -7.600000e+01
      vertex   -4.440892e-15 -2.448889e+00 -7.638823e+01
    endloop
  endfacet
  facet normal 2.338341e-16 -9.914449e-01 -1.305262e-01
    outer loop
      vertex   -4.440892e-15 -2.448889e+00 -7.638823e+01
      vertex   -7.500000e+01 -2.500000e+00 -7.600000e+01
      vertex   -8.333333e+00 -2.448889e+00 -7.638823e+01
    endloop
  endfacet
  facet normal 1.108245e-15 -9.238795e-01 -3.826834e-01
    outer loop
      vertex   -4.440892e-15 -2.448889e+00 -7.638823e+01
      vertex   -8.333333e+00 -2.448889e+00 -7.638823e+01
      vertex   -4.440892e-15 -2.299038e+00 -7.675000e+01
    endloop
  endfacet
  facet normal 1.157479e-15 -9.238795e-01 -3.826834e-01
    outer loop
      vertex   -4.440892e-15 -2.299038e+00 -7.675000e+01
      vertex   -8.333333e+00 -2.448889e+00 -7.638823e+01
      vertex   -8.333333e+00 -2.299038e+00 -7.675000e+01
    endloop
  endfacet
  facet normal 1.949410e-15 -7.933533e-01 -6.087614e-01
    outer loop
      vertex   -4.440892e-15 -2.299038e+00 -7.675000e+01
      vertex   -8.333333e+00 -2.299038e+00 -7.675000e+01
      vertex   -4.440892e-15 -2.060660e+00 -7.706066e+01
    endloop
  endfacet
  facet normal 2.118523e-15 -7.933533e-01 -6.087614e-01
    outer loop
      vertex   -4.440892e-15 -2.060660e+00 -7.706066e+01
      vertex   -8.333333e+00 -2.299038e+00 -7.675000e+01
      vertex   -8.333333e+00 -2.060660e+00 -7.706066e+01
    endloop
  endfacet
  facet normal 2.738256e-15 -6.087614e-01 -7.933533e-01
    outer loop
      vertex   -4.440892e-15 -2.060660e+00 -7.706066e+01
      vertex   -8.333333e+00 -2.060660e+00 -7.706066e+01
      vertex   -4.440892e-15 -1.750000e+00 -7.729904e+01
    endloop
  endfacet
  facet normal 2.900463e-15 -6.087614e-01 -7.933533e-01
    outer loop
      vertex   -4.440892e-15 -1.750000e+00 -7.729904e+01
      vertex   -8.333333e+00 -2.060660e+00 -7.706066e+01
      vertex   -8.333333e+00 -1.750000e+00 -7.729904e+01
    endloop
  endfacet
  facet normal 3.273349e-15 -3.826834e-01 -9.238795e-01
    outer loop
      vertex   -4.440892e-15 -1.750000e+00 -7.729904e+01
      vertex   -8.333333e+00 -1.750000e+00 -7.729904e+01
      vertex   -4.440892e-15 -1.388229e+00 -7.744889e+01
    endloop
  endfacet
  facet normal 3.436497e-15 -3.826834e-01 -9.238795e-01
    outer loop
      vertex   -4.440892e-15 -1.388229e+00 -7.744889e+01
      vertex   -8.333333e+00 -1.750000e+00 -7.729904e+01
      vertex   -8.333333e+00 -1.388229e+00 -7.744889e+01
    endloop
  endfacet
  facet normal 3.446694e-15 -3.826834e-01 -9.238795e-01
    outer loop
      vertex   5.833333e+01 -1.388229e+00 -7.744889e+01
      vertex   6.666667e+01 -1.388229e+00 -7.744889e+01
      vertex   5.833333e+01 -1.750000e+00 -7.729904e+01
    endloop
  endfacet
  facet normal 3.293743e-15 -3.826834e-01 -9.238795e-01
    outer loop
      vertex   5.833333e+01 -1.750000e+00 -7.729904e+01
      vertex   6.666667e+01 -1.388229e+00 -7.744889e+01
      vertex   6.666667e+01 -1.750000e+00 -7.729904e+01
    endloop
  endfacet
  facet normal 2.932904e-15 -6.087614e-01 -7.933533e-01
    outer loop
      vertex   5.833333e+01 -1.750000e+00 -7.729904e+01
      vertex   6.666667e+01 -1.750000e+00 -7.729904e+01
      vertex   5.833333e+01 -2.060660e+00 -7.706066e+01
    endloop
  endfacet
  facet normal 2.738256e-15 -6.087614e-01 -7.933533e-01
    outer loop
      vertex   5.833333e+01 -2.060660e+00 -7.706066e+01
      vertex   6.666667e+01 -1.750000e+00 -7.729904e+01
      vertex   6.666667e+01 -2.060660e+00 -7.706066e+01
    endloop
  endfacet
  facet normal 2.118523e-15 -7.933533e-01 -6.087614e-01
    outer loop
      vertex   5.833333e+01 -2.060660e+00 -7.706066e+01
      vertex   6.666667e+01 -2.060660e+00 -7.706066e+01
      vertex   5.833333e+01 -2.299038e+00 -7.675000e+01
    endloop
  endfacet
  facet normal 2.987532e-15 -7.933533e-01 -6.087614e-01
    outer loop
      vertex   5.833333e+01 -2.299038e+00 -7.675000e+01
      vertex   6.666667e+01 -2.060660e+00 -7.706066e+01
      vertex   6.666667e+01 -2.299038e+00 -7.675000e+01
    endloop
  endfacet
  facet normal 1.810071e-15 -9.238795e-01 -3.826834e-01
    outer loop
      vertex   5.833333e+01 -2.299038e+00 -7.675000e+01
      vertex   6.666667e+01 -2.299038e+00 -7.675000e+01
      vertex   5.833333e+01 -2.448889e+00 -7.638823e+01
    endloop
  endfacet
  facet normal 1.108245e-15 -9.238795e-01 -3.826834e-01
    outer loop
      vertex   5.833333e+01 -2.448889e+00 -7.638823e+01
      vertex   6.666667e+01 -2.299038e+00 -7.675000e+01
      vertex   6.666667e+01 -2.448889e+00 -7.638823e+01
    endloop
  endfacet
  facet normal 2.338341e-16 -9.914449e-01 -1.305262e-01
    outer loop
      vertex   5.833333e+01 -2.448889e+00 -7.638823e+01
      vertex   6.666667e+01 -2.448889e+00 -7.638823e+01
      vertex   7.500000e+01 -2.500000e+00 -7.600000e+01
    endloop
  endfacet
  facet normal 3.482286e-15 -1.305262e-01 -9.914449e-01
    outer loop
      vertex   5.000000e+01 -1.388229e+00 -7.744889e+01
      vertex   4.166667e+01 -1.388229e+00 -7.744889e+01
      vertex   7.500000e+01 -1.000000e+00 -7.750000e+01
    endloop
  endfacet
  facet normal 1.794713e-15 -1.305262e-01 -9.914449e-01
    outer loop
      vertex   7.500000e+01 -1.000000e+00 -7.750000e+01
      vertex   4.166667e+01 -1.388229e+00 -7.744889e+01
      vertex   3.333333e+01 -1.388229e+00 -7.744889e+01
    endloop
  endfacet
  facet normal 1.784081e-15 -1.305262e-01 -9.914449e-01
    outer loop
      vertex   7.500000e+01 -1.000000e+00 -7.750000e+01
      vertex   3.333333e+01 -1.388229e+00 -7.744889e+01
      vertex   2.500000e+01 -1.388229e+00 -7.744889e+01
    endloop
  endfacet
  facet normal 1.850806e-15 -3.826834e-01 -9.238795e-01
    outer loop
      vertex   2.500000e+01 -1.388229e+00 -7.744889e+01
      vertex   3.333333e+01 -1.388229e+00 -7.744889e+01
      vertex   2.500000e+01 -1.750000e+00 -7.729904e+01
    endloop
  endfacet
  facet normal 3.272587e-15 -3.826834e-01 -9.238795e-01
    outer loop
      vertex   2.500000e+01 -1.388229e+00 -7.744889e+01
      vertex   2.500000e+01 -1.750000e+00 -7.729904e+01
      vertex   1.666667e+01 -1.750000e+00 -7.729904e+01
    endloop
  endfacet
  facet normal 2.900463e-15 -6.087614e-01 -7.933533e-01
    outer loop
      vertex   1.666667e+01 -1.750000e+00 -7.729904e+01
      vertex   2.500000e+01 -1.750000e+00 -7.729904e+01
      vertex   1.666667e+01 -2.060660e+00 -7.706066e+01
    endloop
  endfacet
  facet normal 1.352414e-15 -6.087614e-01 -7.933533e-01
    outer loop
      vertex   1.666667e+01 -1.750000e+00 -7.729904e+01
      vertex   1.666667e+01 -2.060660e+00 -7.706066e+01
      vertex   8.333333e+00 -2.060660e+00 -7.706066e+01
    endloop
  endfacet
  facet normal 1.038122e-15 -7.933533e-01 -6.087614e-01
    outer loop
      vertex   8.333333e+00 -2.060660e+00 -7.706066e+01
      vertex   1.666667e+01 -2.060660e+00 -7.706066e+01
      vertex   8.333333e+00 -2.299038e+00 -7.675000e+01
    endloop
  endfacet
  facet normal 3.446694e-15 -3.826834e-01 -9.238795e-01
    outer loop
      vertex   5.000000e+01 -1.388229e+00 -7.744889e+01
      vertex   4.166667e+01 -1.750000e+00 -7.729904e+01
      vertex   4.166667e+01 -1.388229e+00 -7.744889e+01
    endloop
  endfacet
  facet normal 1.718161e-15 -3.826834e-01 -9.238795e-01
    outer loop
      vertex   4.166667e+01 -1.388229e+00 -7.744889e+01
      vertex   4.166667e+01 -1.750000e+00 -7.729904e+01
      vertex   3.333333e+01 -1.750000e+00 -7.729904e+01
    endloop
  endfacet
  facet normal 1.881396e-15 -3.826834e-01 -9.238795e-01
    outer loop
      vertex   4.166667e+01 -1.388229e+00 -7.744889e+01
      vertex   3.333333e+01 -1.750000e+00 -7.729904e+01
      vertex   3.333333e+01 -1.388229e+00 -7.744889e+01
    endloop
  endfacet
  facet normal 1.212069e-16 -3.826834e-01 -9.238795e-01
    outer loop
      vertex   3.333333e+01 -1.388229e+00 -7.744889e+01
      vertex   3.333333e+01 -1.750000e+00 -7.729904e+01
      vertex   2.500000e+01 -1.750000e+00 -7.729904e+01
    endloop
  endfacet
  facet normal 1.795051e-15 -1.305262e-01 -9.914449e-01
    outer loop
      vertex   8.333333e+00 -1.388229e+00 -7.744889e+01
      vertex   7.500000e+01 -1.000000e+00 -7.750000e+01
      vertex   1.666667e+01 -1.388229e+00 -7.744889e+01
    endloop
  endfacet
  facet normal 1.795051e-15 -1.305262e-01 -9.914449e-01
    outer loop
      vertex   1.666667e+01 -1.388229e+00 -7.744889e+01
      vertex   7.500000e+01 -1.000000e+00 -7.750000e+01
      vertex   2.500000e+01 -1.388229e+00 -7.744889e+01
    endloop
  endfacet
  facet normal 1.881396e-15 -3.826834e-01 -9.238795e-01
    outer loop
      vertex   1.666667e+01 -1.388229e+00 -7.744889e+01
      vertex   2.500000e+01 -1.388229e+00 -7.744889e+01
      vertex   1.666667e+01 -1.750000e+00 -7.729904e+01
    endloop
  endfacet
  facet normal 1.879770e-15 -3.826834e-01 -9.238795e-01
    outer loop
      vertex   8.333333e+00 -1.750000e+00 -7.729904e+01
      vertex   8.333333e+00 -1.388229e+00 -7.744889e+01
      vertex   1.666667e+01 -1.388229e+00 -7.744889e+01
    endloop
  endfacet
  facet normal 1.718248e-15 -3.826834e-01 -9.238795e-01
    outer loop
      vertex   8.333333e+00 -1.750000e+00 -7.729904e+01
      vertex   1.666667e+01 -1.388229e+00 -7.744889e+01
      vertex   1.666667e+01 -1.750000e+00 -7.729904e+01
    endloop
  endfacet
  facet normal 1.738642e-15 -3.826834e-01 -9.238795e-01
    outer loop
      vertex   -1.666667e+01 -1.750000e+00 -7.729904e+01
      vertex   -8.333333e+00 -1.388229e+00 -7.744889e+01
      vertex   -8.333333e+00 -1.750000e+00 -7.729904e+01
    endloop
  endfacet
  facet normal 1.791573e-15 -1.305262e-01 -9.914449e-01
    outer loop
      vertex   -1.666667e+01 -1.388229e+00 -7.744889e+01
      vertex   -2.500000e+01 -1.388229e+00 -7.744889e+01
      vertex   -7.500000e+01 -1.000000e+00 -7.750000e+01
    endloop
  endfacet
  facet normal 1.794713e-15 -1.305262e-01 -9.914449e-01
    outer loop
      vertex   -7.500000e+01 -1.000000e+00 -7.750000e+01
      vertex   -2.500000e+01 -1.388229e+00 -7.744889e+01
      vertex   -3.333333e+01 -1.388229e+00 -7.744889e+01
    endloop
  endfacet
  facet normal 3.482041e-15 -1.305262e-01 -9.914449e-01
    outer loop
      vertex   -7.500000e+01 -1.000000e+00 -7.750000e+01
      vertex   -3.333333e+01 -1.388229e+00 -7.744889e+01
      vertex   -4.166667e+01 -1.388229e+00 -7.744889e+01
    endloop
  endfacet
  facet normal 3.446694e-15 -3.826834e-01 -9.238795e-01
    outer loop
      vertex   -4.166667e+01 -1.388229e+00 -7.744889e+01
      vertex   -3.333333e+01 -1.388229e+00 -7.744889e+01
      vertex   -4.166667e+01 -1.750000e+00 -7.729904e+01
    endloop
  endfacet
  facet normal 3.272587e-15 -3.826834e-01 -9.238795e-01
    outer loop
      vertex   -4.166667e+01 -1.388229e+00 -7.744889e+01
      vertex   -4.166667e+01 -1.750000e+00 -7.729904e+01
      vertex   -5.000000e+01 -1.750000e+00 -7.729904e+01
    endloop
  endfacet
  facet normal 2.900463e-15 -6.087614e-01 -7.933533e-01
    outer loop
      vertex   -5.000000e+01 -1.750000e+00 -7.729904e+01
      vertex   -4.166667e+01 -1.750000e+00 -7.729904e+01
      vertex   -5.000000e+01 -2.060660e+00 -7.706066e+01
    endloop
  endfacet
  facet normal 1.386437e-15 -6.087614e-01 -7.933533e-01
    outer loop
      vertex   -5.000000e+01 -1.750000e+00 -7.729904e+01
      vertex   -5.000000e+01 -2.060660e+00 -7.706066e+01
      vertex   -5.833333e+01 -2.060660e+00 -7.706066e+01
    endloop
  endfacet
  facet normal 1.080401e-15 -7.933533e-01 -6.087614e-01
    outer loop
      vertex   -5.833333e+01 -2.060660e+00 -7.706066e+01
      vertex   -5.000000e+01 -2.060660e+00 -7.706066e+01
      vertex   -5.833333e+01 -2.299038e+00 -7.675000e+01
    endloop
  endfacet
  facet normal 1.871199e-15 -3.826834e-01 -9.238795e-01
    outer loop
      vertex   -1.666667e+01 -1.388229e+00 -7.744889e+01
      vertex   -2.500000e+01 -1.750000e+00 -7.729904e+01
      vertex   -2.500000e+01 -1.388229e+00 -7.744889e+01
    endloop
  endfacet
  facet normal 1.699023e-15 -3.826834e-01 -9.238795e-01
    outer loop
      vertex   -2.500000e+01 -1.388229e+00 -7.744889e+01
      vertex   -2.500000e+01 -1.750000e+00 -7.729904e+01
      vertex   -3.333333e+01 -1.750000e+00 -7.729904e+01
    endloop
  endfacet
  facet normal 1.881396e-15 -3.826834e-01 -9.238795e-01
    outer loop
      vertex   -2.500000e+01 -1.388229e+00 -7.744889e+01
      vertex   -3.333333e+01 -1.750000e+00 -7.729904e+01
      vertex   -3.333333e+01 -1.388229e+00 -7.744889e+01
    endloop
  endfacet
  facet normal 1.739426e-15 -3.826834e-01 -9.238795e-01
    outer loop
      vertex   -3.333333e+01 -1.388229e+00 -7.744889e+01
      vertex   -3.333333e+01 -1.750000e+00 -7.729904e+01
      vertex   -4.166667e+01 -1.750000e+00 -7.729904e+01
    endloop
  endfacet
  facet normal 1.795051e-15 -1.305262e-01 -9.914449e-01
    outer loop
      vertex   -5.833333e+01 -1.388229e+00 -7.744889e+01
      vertex   -7.500000e+01 -1.000000e+00 -7.750000e+01
      vertex   -5.000000e+01 -1.388229e+00 -7.744889e+01
    endloop
  endfacet
  facet normal 1.795051e-15 -1.305262e-01 -9.914449e-01
    outer loop
      vertex   -5.000000e+01 -1.388229e+00 -7.744889e+01
      vertex   -7.500000e+01 -1.000000e+00 -7.750000e+01
      vertex   -4.166667e+01 -1.388229e+00 -7.744889e+01
    endloop
  endfacet
  facet normal 1.881396e-15 -3.826834e-01 -9.238795e-01
    outer loop
      vertex   -5.000000e+01 -1.388229e+00 -7.744889e+01
      vertex   -4.166667e+01 -1.388229e+00 -7.744889e+01
      vertex   -5.000000e+01 -1.750000e+00 -7.729904e+01
    endloop
  endfacet
  facet normal 1.879770e-15 -3.826834e-01 -9.238795e-01
    outer loop
      vertex   -5.833333e+01 -1.750000e+00 -7.729904e+01
      vertex   -5.833333e+01 -1.388229e+00 -7.744889e+01
      vertex   -5.000000e+01 -1.388229e+00 -7.744889e+01
    endloop
  endfacet
  facet normal 1.427543e-16 -3.826834e-01 -9.238795e-01
    outer loop
      vertex   -5.833333e+01 -1.750000e+00 -7.729904e+01
      vertex   -5.000000e+01 -1.388229e+00 -7.744889e+01
      vertex   -5.000000e+01 -1.750000e+00 -7.729904e+01
    endloop
  endfacet
  facet normal 1.696897e-15 -3.826834e-01 -9.238795e-01
    outer loop
      vertex   5.833333e+01 -1.388229e+00 -7.744889e+01
      vertex   5.833333e+01 -1.750000e+00 -7.729904e+01
      vertex   5.000000e+01 -1.750000e+00 -7.729904e+01
    endloop
  endfacet
  facet normal 1.547555e-15 -6.087614e-01 -7.933533e-01
    outer loop
      vertex   5.000000e+01 -1.750000e+00 -7.729904e+01
      vertex   5.833333e+01 -1.750000e+00 -7.729904e+01
      vertex   5.000000e+01 -2.060660e+00 -7.706066e+01
    endloop
  endfacet
  facet normal 1.352414e-15 -6.087614e-01 -7.933533e-01
    outer loop
      vertex   5.000000e+01 -1.750000e+00 -7.729904e+01
      vertex   5.000000e+01 -2.060660e+00 -7.706066e+01
      vertex   4.166667e+01 -2.060660e+00 -7.706066e+01
    endloop
  endfacet
  facet normal 1.038122e-15 -7.933533e-01 -6.087614e-01
    outer loop
      vertex   4.166667e+01 -2.060660e+00 -7.706066e+01
      vertex   5.000000e+01 -2.060660e+00 -7.706066e+01
      vertex   4.166667e+01 -2.299038e+00 -7.675000e+01
    endloop
  endfacet
  facet normal 9.101151e-16 -7.933533e-01 -6.087614e-01
    outer loop
      vertex   4.166667e+01 -2.060660e+00 -7.706066e+01
      vertex   4.166667e+01 -2.299038e+00 -7.675000e+01
      vertex   3.333333e+01 -2.299038e+00 -7.675000e+01
    endloop
  endfacet
  facet normal 5.048885e-16 -9.238795e-01 -3.826834e-01
    outer loop
      vertex   3.333333e+01 -2.299038e+00 -7.675000e+01
      vertex   4.166667e+01 -2.299038e+00 -7.675000e+01
      vertex   3.333333e+01 -2.448889e+00 -7.638823e+01
    endloop
  endfacet
  facet normal 1.107874e-15 -9.238795e-01 -3.826834e-01
    outer loop
      vertex   3.333333e+01 -2.299038e+00 -7.675000e+01
      vertex   3.333333e+01 -2.448889e+00 -7.638823e+01
      vertex   2.500000e+01 -2.448889e+00 -7.638823e+01
    endloop
  endfacet
  facet normal 2.338341e-16 -9.914449e-01 -1.305262e-01
    outer loop
      vertex   2.500000e+01 -2.448889e+00 -7.638823e+01
      vertex   3.333333e+01 -2.448889e+00 -7.638823e+01
      vertex   7.500000e+01 -2.500000e+00 -7.600000e+01
    endloop
  endfacet
  facet normal 1.352907e-15 -6.087614e-01 -7.933533e-01
    outer loop
      vertex   5.000000e+01 -2.060660e+00 -7.706066e+01
      vertex   5.833333e+01 -1.750000e+00 -7.729904e+01
      vertex   5.833333e+01 -2.060660e+00 -7.706066e+01
    endloop
  endfacet
  facet normal 1.579997e-15 -6.087614e-01 -7.933533e-01
    outer loop
      vertex   4.166667e+01 -1.750000e+00 -7.729904e+01
      vertex   3.333333e+01 -2.060660e+00 -7.706066e+01
      vertex   3.333333e+01 -1.750000e+00 -7.729904e+01
    endloop
  endfacet
  facet normal 2.738851e-15 -6.087614e-01 -7.933533e-01
    outer loop
      vertex   3.333333e+01 -1.750000e+00 -7.729904e+01
      vertex   3.333333e+01 -2.060660e+00 -7.706066e+01
      vertex   2.500000e+01 -2.060660e+00 -7.706066e+01
    endloop
  endfacet
  facet normal 1.946480e-16 -6.087614e-01 -7.933533e-01
    outer loop
      vertex   3.333333e+01 -1.750000e+00 -7.729904e+01
      vertex   2.500000e+01 -2.060660e+00 -7.706066e+01
      vertex   2.500000e+01 -1.750000e+00 -7.729904e+01
    endloop
  endfacet
  facet normal 1.386437e-15 -6.087614e-01 -7.933533e-01
    outer loop
      vertex   2.500000e+01 -1.750000e+00 -7.729904e+01
      vertex   2.500000e+01 -2.060660e+00 -7.706066e+01
      vertex   1.666667e+01 -2.060660e+00 -7.706066e+01
    endloop
  endfacet
  facet normal 1.577816e-15 -6.087614e-01 -7.933533e-01
    outer loop
      vertex   8.333333e+00 -2.060660e+00 -7.706066e+01
      vertex   8.333333e+00 -1.750000e+00 -7.729904e+01
      vertex   1.666667e+01 -1.750000e+00 -7.729904e+01
    endloop
  endfacet
  facet normal 1.612438e-15 -6.087614e-01 -7.933533e-01
    outer loop
      vertex   -1.666667e+01 -1.750000e+00 -7.729904e+01
      vertex   -8.333333e+00 -1.750000e+00 -7.729904e+01
      vertex   -1.666667e+01 -2.060660e+00 -7.706066e+01
    endloop
  endfacet
  facet normal 1.352907e-15 -6.087614e-01 -7.933533e-01
    outer loop
      vertex   -1.666667e+01 -2.060660e+00 -7.706066e+01
      vertex   -8.333333e+00 -1.750000e+00 -7.729904e+01
      vertex   -8.333333e+00 -2.060660e+00 -7.706066e+01
    endloop
  endfacet
  facet normal 1.038122e-15 -7.933533e-01 -6.087614e-01
    outer loop
      vertex   -1.666667e+01 -2.060660e+00 -7.706066e+01
      vertex   -8.333333e+00 -2.060660e+00 -7.706066e+01
      vertex   -1.666667e+01 -2.299038e+00 -7.675000e+01
    endloop
  endfacet
  facet normal 8.690090e-16 -7.933533e-01 -6.087614e-01
    outer loop
      vertex   -1.666667e+01 -2.299038e+00 -7.675000e+01
      vertex   -8.333333e+00 -2.060660e+00 -7.706066e+01
      vertex   -8.333333e+00 -2.299038e+00 -7.675000e+01
    endloop
  endfacet
  facet normal 4.556543e-16 -9.238795e-01 -3.826834e-01
    outer loop
      vertex   -1.666667e+01 -2.299038e+00 -7.675000e+01
      vertex   -8.333333e+00 -2.299038e+00 -7.675000e+01
      vertex   -1.666667e+01 -2.448889e+00 -7.638823e+01
    endloop
  endfacet
  facet normal 4.556543e-16 -9.238795e-01 -3.826834e-01
    outer loop
      vertex   -1.666667e+01 -2.448889e+00 -7.638823e+01
      vertex   -8.333333e+00 -2.299038e+00 -7.675000e+01
      vertex   -8.333333e+00 -2.448889e+00 -7.638823e+01
    endloop
  endfacet
  facet normal 1.124747e-17 -9.914449e-01 -1.305262e-01
    outer loop
      vertex   -1.666667e+01 -2.448889e+00 -7.638823e+01
      vertex   -8.333333e+00 -2.448889e+00 -7.638823e+01
      vertex   -7.500000e+01 -2.500000e+00 -7.600000e+01
    endloop
  endfacet
  facet normal 1.547555e-15 -6.087614e-01 -7.933533e-01
    outer loop
      vertex   -2.500000e+01 -1.750000e+00 -7.729904e+01
      vertex   -3.333333e+01 -2.060660e+00 -7.706066e+01
      vertex   -3.333333e+01 -1.750000e+00 -7.729904e+01
    endloop
  endfacet
  facet normal 2.704828e-15 -6.087614e-01 -7.933533e-01
    outer loop
      vertex   -3.333333e+01 -1.750000e+00 -7.729904e+01
      vertex   -3.333333e+01 -2.060660e+00 -7.706066e+01
      vertex   -4.166667e+01 -2.060660e+00 -7.706066e+01
    endloop
  endfacet
  facet normal 1.612438e-15 -6.087614e-01 -7.933533e-01
    outer loop
      vertex   -3.333333e+01 -1.750000e+00 -7.729904e+01
      vertex   -4.166667e+01 -2.060660e+00 -7.706066e+01
      vertex   -4.166667e+01 -1.750000e+00 -7.729904e+01
    endloop
  endfacet
  facet normal 1.352414e-15 -6.087614e-01 -7.933533e-01
    outer loop
      vertex   -4.166667e+01 -1.750000e+00 -7.729904e+01
      vertex   -4.166667e+01 -2.060660e+00 -7.706066e+01
      vertex   -5.000000e+01 -2.060660e+00 -7.706066e+01
    endloop
  endfacet
  facet normal 2.254023e-16 -6.087614e-01 -7.933533e-01
    outer loop
      vertex   -5.833333e+01 -2.060660e+00 -7.706066e+01
      vertex   -5.833333e+01 -1.750000e+00 -7.729904e+01
      vertex   -5.000000e+01 -1.750000e+00 -7.729904e+01
    endloop
  endfacet
  facet normal 1.038122e-15 -7.933533e-01 -6.087614e-01
    outer loop
      vertex   5.000000e+01 -2.060660e+00 -7.706066e+01
      vertex   5.833333e+01 -2.060660e+00 -7.706066e+01
      vertex   5.000000e+01 -2.299038e+00 -7.675000e+01
    endloop
  endfacet
  facet normal 9.112873e-16 -7.933533e-01 -6.087614e-01
    outer loop
      vertex   5.000000e+01 -2.299038e+00 -7.675000e+01
      vertex   5.833333e+01 -2.060660e+00 -7.706066e+01
      vertex   5.833333e+01 -2.299038e+00 -7.675000e+01
    endloop
  endfacet
  facet normal 5.048885e-16 -9.238795e-01 -3.826834e-01
    outer loop
      vertex   5.000000e+01 -2.299038e+00 -7.675000e+01
      vertex   5.833333e+01 -2.299038e+00 -7.675000e+01
      vertex   5.000000e+01 -2.448889e+00 -7.638823e+01
    endloop
  endfacet
  facet normal 1.108245e-15 -9.238795e-01 -3.826834e-01
    outer loop
      vertex   5.000000e+01 -2.448889e+00 -7.638823e+01
      vertex   5.833333e+01 -2.299038e+00 -7.675000e+01
      vertex   5.833333e+01 -2.448889e+00 -7.638823e+01
    endloop
  endfacet
  facet normal 2.338341e-16 -9.914449e-01 -1.305262e-01
    outer loop
      vertex   5.000000e+01 -2.448889e+00 -7.638823e+01
      vertex   5.833333e+01 -2.448889e+00 -7.638823e+01
      vertex   7.500000e+01 -2.500000e+00 -7.600000e+01
    endloop
  endfacet
  facet normal 2.118523e-15 -7.933533e-01 -6.087614e-01
    outer loop
      vertex   3.333333e+01 -2.060660e+00 -7.706066e+01
      vertex   2.500000e+01 -2.299038e+00 -7.675000e+01
      vertex   2.500000e+01 -2.060660e+00 -7.706066e+01
    endloop
  endfacet
  facet normal 9.101151e-16 -7.933533e-01 -6.087614e-01
    outer loop
      vertex   2.500000e+01 -2.060660e+00 -7.706066e+01
      vertex   2.500000e+01 -2.299038e+00 -7.675000e+01
      vertex   1.666667e+01 -2.299038e+00 -7.675000e+01
    endloop
  endfacet
  facet normal 1.080401e-15 -7.933533e-01 -6.087614e-01
    outer loop
      vertex   2.500000e+01 -2.060660e+00 -7.706066e+01
      vertex   1.666667e+01 -2.299038e+00 -7.675000e+01
      vertex   1.666667e+01 -2.060660e+00 -7.706066e+01
    endloop
  endfacet
  facet normal 9.143680e-16 -7.933533e-01 -6.087614e-01
    outer loop
      vertex   1.666667e+01 -2.060660e+00 -7.706066e+01
      vertex   1.666667e+01 -2.299038e+00 -7.675000e+01
      vertex   8.333333e+00 -2.299038e+00 -7.675000e+01
    endloop
  endfacet
  facet normal 1.352414e-15 -6.087614e-01 -7.933533e-01
    outer loop
      vertex   -1.666667e+01 -1.750000e+00 -7.729904e+01
      vertex   -1.666667e+01 -2.060660e+00 -7.706066e+01
      vertex   -2.500000e+01 -2.060660e+00 -7.706066e+01
    endloop
  endfacet
  facet normal 1.038122e-15 -7.933533e-01 -6.087614e-01
    outer loop
      vertex   -2.500000e+01 -2.060660e+00 -7.706066e+01
      vertex   -1.666667e+01 -2.060660e+00 -7.706066e+01
      vertex   -2.500000e+01 -2.299038e+00 -7.675000e+01
    endloop
  endfacet
  facet normal 1.952069e-15 -7.933533e-01 -6.087614e-01
    outer loop
      vertex   -2.500000e+01 -2.060660e+00 -7.706066e+01
      vertex   -2.500000e+01 -2.299038e+00 -7.675000e+01
      vertex   -3.333333e+01 -2.299038e+00 -7.675000e+01
    endloop
  endfacet
  facet normal 1.157479e-15 -9.238795e-01 -3.826834e-01
    outer loop
      vertex   -3.333333e+01 -2.299038e+00 -7.675000e+01
      vertex   -2.500000e+01 -2.299038e+00 -7.675000e+01
      vertex   -3.333333e+01 -2.448889e+00 -7.638823e+01
    endloop
  endfacet
  facet normal 1.107874e-15 -9.238795e-01 -3.826834e-01
    outer loop
      vertex   -3.333333e+01 -2.299038e+00 -7.675000e+01
      vertex   -3.333333e+01 -2.448889e+00 -7.638823e+01
      vertex   -4.166667e+01 -2.448889e+00 -7.638823e+01
    endloop
  endfacet
  facet normal 2.338341e-16 -9.914449e-01 -1.305262e-01
    outer loop
      vertex   -4.166667e+01 -2.448889e+00 -7.638823e+01
      vertex   -3.333333e+01 -2.448889e+00 -7.638823e+01
      vertex   -7.500000e+01 -2.500000e+00 -7.600000e+01
    endloop
  endfacet
  facet normal 9.112873e-16 -7.933533e-01 -6.087614e-01
    outer loop
      vertex   -2.500000e+01 -2.299038e+00 -7.675000e+01
      vertex   -1.666667e+01 -2.060660e+00 -7.706066e+01
      vertex   -1.666667e+01 -2.299038e+00 -7.675000e+01
    endloop
  endfacet
  facet normal 2.076245e-15 -7.933533e-01 -6.087614e-01
    outer loop
      vertex   -3.333333e+01 -2.060660e+00 -7.706066e+01
      vertex   -4.166667e+01 -2.299038e+00 -7.675000e+01
      vertex   -4.166667e+01 -2.060660e+00 -7.706066e+01
    endloop
  endfacet
  facet normal 1.947816e-15 -7.933533e-01 -6.087614e-01
    outer loop
      vertex   -4.166667e+01 -2.060660e+00 -7.706066e+01
      vertex   -4.166667e+01 -2.299038e+00 -7.675000e+01
      vertex   -5.000000e+01 -2.299038e+00 -7.675000e+01
    endloop
  endfacet
  facet normal 1.038122e-15 -7.933533e-01 -6.087614e-01
    outer loop
      vertex   -4.166667e+01 -2.060660e+00 -7.706066e+01
      vertex   -5.000000e+01 -2.299038e+00 -7.675000e+01
      vertex   -5.000000e+01 -2.060660e+00 -7.706066e+01
    endloop
  endfacet
  facet normal 9.101151e-16 -7.933533e-01 -6.087614e-01
    outer loop
      vertex   -5.000000e+01 -2.060660e+00 -7.706066e+01
      vertex   -5.000000e+01 -2.299038e+00 -7.675000e+01
      vertex   -5.833333e+01 -2.299038e+00 -7.675000e+01
    endloop
  endfacet
  facet normal 1.909541e-15 -7.933533e-01 -6.087614e-01
    outer loop
      vertex   5.000000e+01 -2.060660e+00 -7.706066e+01
      vertex   5.000000e+01 -2.299038e+00 -7.675000e+01
      vertex   4.166667e+01 -2.299038e+00 -7.675000e+01
    endloop
  endfacet
  facet normal 1.108245e-15 -9.238795e-01 -3.826834e-01
    outer loop
      vertex   4.166667e+01 -2.299038e+00 -7.675000e+01
      vertex   5.000000e+01 -2.299038e+00 -7.675000e+01
      vertex   4.166667e+01 -2.448889e+00 -7.638823e+01
    endloop
  endfacet
  facet normal 1.107874e-15 -9.238795e-01 -3.826834e-01
    outer loop
      vertex   4.166667e+01 -2.299038e+00 -7.675000e+01
      vertex   4.166667e+01 -2.448889e+00 -7.638823e+01
      vertex   3.333333e+01 -2.448889e+00 -7.638823e+01
    endloop
  endfacet
  facet normal 2.338341e-16 -9.914449e-01 -1.305262e-01
    outer loop
      vertex   3.333333e+01 -2.448889e+00 -7.638823e+01
      vertex   4.166667e+01 -2.448889e+00 -7.638823e+01
      vertex   7.500000e+01 -2.500000e+00 -7.600000e+01
    endloop
  endfacet
  facet normal 1.108245e-15 -9.238795e-01 -3.826834e-01
    outer loop
      vertex   4.166667e+01 -2.448889e+00 -7.638823e+01
      vertex   5.000000e+01 -2.299038e+00 -7.675000e+01
      vertex   5.000000e+01 -2.448889e+00 -7.638823e+01
    endloop
  endfacet
  facet normal 5.060921e-16 -9.238795e-01 -3.826834e-01
    outer loop
      vertex   8.333333e+00 -2.448889e+00 -7.638823e+01
      vertex   8.333333e+00 -2.299038e+00 -7.675000e+01
      vertex   1.666667e+01 -2.299038e+00 -7.675000e+01
    endloop
  endfacet
  facet normal 1.108245e-15 -9.238795e-01 -3.826834e-01
    outer loop
      vertex   8.333333e+00 -2.448889e+00 -7.638823e+01
      vertex   1.666667e+01 -2.299038e+00 -7.675000e+01
      vertex   1.666667e+01 -2.448889e+00 -7.638823e+01
    endloop
  endfacet
  facet normal 5.060921e-16 -9.238795e-01 -3.826834e-01
    outer loop
      vertex   1.666667e+01 -2.448889e+00 -7.638823e+01
      vertex   1.666667e+01 -2.299038e+00 -7.675000e+01
      vertex   2.500000e+01 -2.299038e+00 -7.675000e+01
    endloop
  endfacet
  facet normal 5.048885e-16 -9.238795e-01 -3.826834e-01
    outer loop
      vertex   -2.500000e+01 -2.299038e+00 -7.675000e+01
      vertex   -1.666667e+01 -2.299038e+00 -7.675000e+01
      vertex   -2.500000e+01 -2.448889e+00 -7.638823e+01
    endloop
  endfacet
  facet normal 1.059011e-15 -9.238795e-01 -3.826834e-01
    outer loop
      vertex   -2.500000e+01 -2.448889e+00 -7.638823e+01
      vertex   -1.666667e+01 -2.299038e+00 -7.675000e+01
      vertex   -1.666667e+01 -2.448889e+00 -7.638823e+01
    endloop
  endfacet
  facet normal 1.809993e-16 -9.914449e-01 -1.305262e-01
    outer loop
      vertex   -2.500000e+01 -2.448889e+00 -7.638823e+01
      vertex   -1.666667e+01 -2.448889e+00 -7.638823e+01
      vertex   -7.500000e+01 -2.500000e+00 -7.600000e+01
    endloop
  endfacet
  facet normal 5.060921e-16 -9.238795e-01 -3.826834e-01
    outer loop
      vertex   -5.833333e+01 -2.448889e+00 -7.638823e+01
      vertex   -5.833333e+01 -2.299038e+00 -7.675000e+01
      vertex   -5.000000e+01 -2.299038e+00 -7.675000e+01
    endloop
  endfacet
  facet normal 1.108245e-15 -9.238795e-01 -3.826834e-01
    outer loop
      vertex   -5.833333e+01 -2.448889e+00 -7.638823e+01
      vertex   -5.000000e+01 -2.299038e+00 -7.675000e+01
      vertex   -5.000000e+01 -2.448889e+00 -7.638823e+01
    endloop
  endfacet
  facet normal 1.156782e-15 -9.238795e-01 -3.826834e-01
    outer loop
      vertex   -5.000000e+01 -2.448889e+00 -7.638823e+01
      vertex   -5.000000e+01 -2.299038e+00 -7.675000e+01
      vertex   -4.166667e+01 -2.299038e+00 -7.675000e+01
    endloop
  endfacet
  facet normal 2.339081e-16 -9.914449e-01 -1.305262e-01
    outer loop
      vertex   7.500000e+01 -2.500000e+00 -7.600000e+01
      vertex   4.166667e+01 -2.448889e+00 -7.638823e+01
      vertex   5.000000e+01 -2.448889e+00 -7.638823e+01
    endloop
  endfacet
  facet normal 2.870690e-16 -9.914449e-01 -1.305262e-01
    outer loop
      vertex   -7.500000e+01 -2.500000e+00 -7.600000e+01
      vertex   -3.333333e+01 -2.448889e+00 -7.638823e+01
      vertex   -2.500000e+01 -2.448889e+00 -7.638823e+01
    endloop
  endfacet
  facet normal 1.157479e-15 -9.238795e-01 -3.826834e-01
    outer loop
      vertex   -2.500000e+01 -2.448889e+00 -7.638823e+01
      vertex   -3.333333e+01 -2.448889e+00 -7.638823e+01
      vertex   -2.500000e+01 -2.299038e+00 -7.675000e+01
    endloop
  endfacet
  facet normal 1.000000e+00 -0.000000e+00 0.000000e+00
    outer loop
      vertex   7.500000e+01 -2.500000e+00 -7.600000e+01
      vertex   7.500000e+01 -2.448889e+00 -7.638823e+01
      vertex   7.500000e+01 -2.500000e+00 9.400000e+01
    endloop
  endfacet
  facet normal 1.000000e+00 0.000000e+00 0.000000e+00
    outer loop
      vertex   7.500000e+01 -2.500000e+00 9.400000e+01
      vertex   7.500000e+01 -2.448889e+00 -7.638823e+01
      vertex   7.500000e+01 -2.299038e+00 -7.675000e+01
    endloop
  endfacet
  facet normal 1.000000e+00 0.000000e+00 0.000000e+00
    outer loop
      vertex   7.500000e+01 -2.500000e+00 9.400000e+01
      vertex   7.500000e+01 -2.299038e+00 -7.675000e+01
      vertex   7.500000e+01 -2.060660e+00 -7.706066e+01
    endloop
  endfacet
  facet normal 1.000000e+00 -0.000000e+00 -0.000000e+00
    outer loop
      vertex   7.500000e+01 -2.060660e+00 -7.706066e+01
      vertex   7.500000e+01 -1.750000e+00 -7.729904e+01
      vertex   7.500000e+01 -2.500000e+00 9.400000e+01
    endloop
  endfacet
  facet normal 1.000000e+00 0.000000e+00 0.000000e+00
    outer loop
      vertex   7.500000e+01 -2.500000e+00 9.400000e+01
      vertex   7.500000e+01 -1.750000e+00 -7.729904e+01
      vertex   7.500000e+01 -1.388229e+00 -7.744889e+01
    endloop
  endfacet
  facet normal 1.000000e+00 -0.000000e+00 0.000000e+00
    outer loop
      vertex   7.500000e+01 -2.500000e+00 9.400000e+01
      vertex   7.500000e+01 -1.388229e+00 -7.744889e+01
      vertex   7.500000e+01 0.000000e+00 9.400000e+01
    endloop
  endfacet
  facet normal 1.000000e+00 -2.875611e-06 2.328394e-08
    outer loop
      vertex   7.500000e+01 0.000000e+00 9.400000e+01
      vertex   7.500000e+01 -1.388229e+00 -7.744889e+01
      vertex   7.500000e+01 -1.000000e+00 -7.750000e+01
    endloop
  endfacet
  facet normal 1.000000e+00 0.000000e+00 6.516528e-09
    outer loop
      vertex   7.500000e+01 0.000000e+00 9.400000e+01
      vertex   7.500000e+01 -1.000000e+00 -7.750000e+01
      vertex   7.500000e+01 0.000000e+00 -7.750000e+01
    endloop
  endfacet
  facet normal 1.000000e+00 -0.000000e+00 0.000000e+00
    outer loop
      vertex   4.150000e+01 0.000000e+00 -2.900000e+01
      vertex   4.150000e+01 0.000000e+00 -3.300000e+01
      vertex   4.150000e+01 3.000000e+00 -2.900000e+01
    endloop
  endfacet
  facet normal 1.000000e+00 0.000000e+00 0.000000e+00
    outer loop
      vertex   4.150000e+01 3.000000e+00 -2.900000e+01
      vertex   4.150000e+01 0.000000e+00 -3.300000e+01
      vertex   4.150000e+01 3.000000e+00 -3.300000e+01
    endloop
  endfacet
  facet normal 0.000000e+00 0.000000e+00 -1.000000e+00
    outer loop
      vertex   4.550000e+01 0.000000e+00 -2.900000e+01
      vertex   4.150000e+01 0.000000e+00 -2.900000e+01
      vertex   4.550000e+01 3.000000e+00 -2.900000e+01
    endloop
  endfacet
  facet normal -0.000000e+00 0.000000e+00 -1.000000e+00
    outer loop
      vertex   4.550000e+01 3.000000e+00 -2.900000e+01
      vertex   4.150000e+01 0.000000e+00 -2.900000e+01
      vertex   4.150000e+01 3.000000e+00 -2.900000e+01
    endloop
  endfacet
  facet normal -1.000000e+00 0.000000e+00 0.000000e+00
    outer loop
      vertex   4.550000e+01 0.000000e+00 -3.300000e+01
      vertex   4.550000e+01 0.000000e+00 -2.900000e+01
      vertex   4.550000e+01 3.000000e+00 -3.300000e+01
    endloop
  endfacet
  facet normal -1.000000e+00 0.000000e+00 0.000000e+00
    outer loop
      vertex   4.550000e+01 3.000000e+00 -3.300000e+01
      vertex   4.550000e+01 0.000000e+00 -2.900000e+01
      vertex   4.550000e+01 3.000000e+00 -2.900000e+01
    endloop
  endfacet
  facet normal 0.000000e+00 0.000000e+00 1.000000e+00
    outer loop
      vertex   4.150000e+01 0.000000e+00 -3.300000e+01
      vertex   4.550000e+01 0.000000e+00 -3.300000e+01
      vertex   4.150000e+01 3.000000e+00 -3.300000e+01
    endloop
  endfacet
  facet normal -0.000000e+00 0.000000e+00 1.000000e+00
    outer loop
      vertex   4.150000e+01 3.000000e+00 -3.300000e+01
      vertex   4.550000e+01 0.000000e+00 -3.300000e+01
      vertex   4.550000e+01 3.000000e+00 -3.300000e+01
    endloop
  endfacet
  facet normal -1.000000e+00 0.000000e+00 0.000000e+00
    outer loop
      vertex   3.950000e+01 0.000000e+00 -3.500000e+01
      vertex   3.950000e+01 0.000000e+00 -2.700000e+01
      vertex   3.950000e+01 3.000000e+00 -3.500000e+01
    endloop
  endfacet
  facet normal -1.000000e+00 0.000000e+00 0.000000e+00
    outer loop
      vertex   3.950000e+01 3.000000e+00 -3.500000e+01
      vertex   3.950000e+01 0.000000e+00 -2.700000e+01
      vertex   3.950000e+01 3.000000e+00 -2.700000e+01
    endloop
  endfacet
  facet normal -7.105427e-16 0.000000e+00 -1.000000e+00
    outer loop
      vertex   5.750000e+01 0.000000e+00 -3.500000e+01
      vertex   4.750000e+01 0.000000e+00 -3.500000e+01
      vertex   5.750000e+01 3.000000e+00 -3.500000e+01
    endloop
  endfacet
  facet normal -3.947460e-16 -1.052656e-15 -1.000000e+00
    outer loop
      vertex   5.750000e+01 3.000000e+00 -3.500000e+01
      vertex   4.750000e+01 0.000000e+00 -3.500000e+01
      vertex   3.950000e+01 3.000000e+00 -3.500000e+01
    endloop
  endfacet
  facet normal 0.000000e+00 0.000000e+00 -1.000000e+00
    outer loop
      vertex   3.950000e+01 3.000000e+00 -3.500000e+01
      vertex   4.750000e+01 0.000000e+00 -3.500000e+01
      vertex   3.950000e+01 0.000000e+00 -3.500000e+01
    endloop
  endfacet
  facet normal 1.000000e+00 -0.000000e+00 0.000000e+00
    outer loop
      vertex   5.750000e+01 0.000000e+00 -2.700000e+01
      vertex   5.750000e+01 0.000000e+00 -3.500000e+01
      vertex   5.750000e+01 3.000000e+00 -2.700000e+01
    endloop
  endfacet
  facet normal 1.000000e+00 0.000000e+00 0.000000e+00
    outer loop
      vertex   5.750000e+01 3.000000e+00 -2.700000e+01
      vertex   5.750000e+01 0.000000e+00 -3.500000e+01
      vertex   5.750000e+01 3.000000e+00 -3.500000e+01
    endloop
  endfacet
  facet normal 0.000000e+00 0.000000e+00 1.000000e+00
    outer loop
      vertex   3.950000e+01 0.000000e+00 -2.700000e+01
      vertex   4.750000e+01 0.000000e+00 -2.700000e+01
      vertex   3.950000e+01 3.000000e+00 -2.700000e+01
    endloop
  endfacet
  facet normal -0.000000e+00 0.000000e+00 1.000000e+00
    outer loop
      vertex   3.950000e+01 3.000000e+00 -2.700000e+01
      vertex   4.750000e+01 0.000000e+00 -2.700000e+01
      vertex   5.750000e+01 3.000000e+00 -2.700000e+01
    endloop
  endfacet
  facet normal 0.000000e+00 0.000000e+00 1.000000e+00
    outer loop
      vertex   5.750000e+01 3.000000e+00 -2.700000e+01
      vertex   4.750000e+01 0.000000e+00 -2.700000e+01
      vertex   5.750000e+01 0.000000e+00 -2.700000e+01
    endloop
  endfacet
  facet normal 0.000000e+00 1.000000e+00 0.000000e+00
    outer loop
      vertex   4.550000e+01 3.000000e+00 -3.300000e+01
      vertex   3.950000e+01 3.000000e+00 -3.500000e+01
      vertex   4.150000e+01 3.000000e+00 -3.300000e+01
    endloop
  endfacet
  facet normal 0.000000e+00 1.000000e+00 0.000000e+00
    outer loop
      vertex   4.150000e+01 3.000000e+00 -3.300000e+01
      vertex   3.950000e+01 3.000000e+00 -3.500000e+01
      vertex   3.950000e+01 3.000000e+00 -2.700000e+01
    endloop
  endfacet
  facet normal 0.000000e+00 1.000000e+00 -0.000000e+00
    outer loop
      vertex   4.150000e+01 3.000000e+00 -3.300000e+01
      vertex   3.950000e+01 3.000000e+00 -2.700000e+01
      vertex   4.150000e+01 3.000000e+00 -2.900000e+01
    endloop
  endfacet
  facet normal 0.000000e+00 1.000000e+00 -0.000000e+00
    outer loop
      vertex   4.150000e+01 3.000000e+00 -2.900000e+01
      vertex   3.950000e+01 3.000000e+00 -2.700000e+01
      vertex   4.550000e+01 3.000000e+00 -2.900000e+01
    endloop
  endfacet
  facet normal 0.000000e+00 1.000000e+00 -0.000000e+00
    outer loop
      vertex   4.550000e+01 3.000000e+00 -2.900000e+01
      vertex   3.950000e+01 3.000000e+00 -2.700000e+01
      vertex   5.750000e+01 3.000000e+00 -2.700000e+01
    endloop
  endfacet
  facet normal -0.000000e+00 1.000000e+00 0.000000e+00
    outer loop
      vertex   4.550000e+01 3.000000e+00 -2.900000e+01
      vertex   5.750000e+01 3.000000e+00 -2.700000e+01
      vertex   5.750000e+01 3.000000e+00 -3.500000e+01
    endloop
  endfacet
  facet normal -0.000000e+00 1.000000e+00 0.000000e+00
    outer loop
      vertex   3.950000e+01 3.000000e+00 -3.500000e+01
      vertex   4.550000e+01 3.000000e+00 -3.300000e+01
      vertex   5.750000e+01 3.000000e+00 -3.500000e+01
    endloop
  endfacet
  facet normal 0.000000e+00 1.000000e+00 0.000000e+00
    outer loop
      vertex   5.750000e+01 3.000000e+00 -3.500000e+01
      vertex   4.550000e+01 3.000000e+00 -3.300000e+01
      vertex   4.550000e+01 3.000000e+00 -2.900000e+01
    endloop
  endfacet
  facet normal 0.000000e+00 -1.000000e+00 -0.000000e+00
    outer loop
      vertex   4.750000e+01 0.000000e+00 -2.700000e+01
      vertex   4.550000e+01 0.000000e+00 -3.300000e+01
      vertex   4.750000e+01 0.000000e+00 -3.500000e+01
    endloop
  endfacet
  facet normal 0.000000e+00 -1.000000e+00 0.000000e+00
    outer loop
      vertex   4.750000e+01 0.000000e+00 -3.500000e+01
      vertex   4.550000e+01 0.000000e+00 -3.300000e+01
      vertex   4.150000e+01 0.000000e+00 -3.300000e+01
    endloop
  endfacet
  facet normal 0.000000e+00 -1.000000e+00 0.000000e+00
    outer loop
      vertex   4.750000e+01 0.000000e+00 -3.500000e+01
      vertex   4.150000e+01 0.000000e+00 -3.300000e+01
      vertex   3.950000e+01 0.000000e+00 -3.500000e+01
    endloop
  endfacet
  facet normal 0.000000e+00 -1.000000e+00 0.000000e+00
    outer loop
      vertex   3.950000e+01 0.000000e+00 -3.500000e+01
      vertex   4.150000e+01 0.000000e+00 -3.300000e+01
      vertex   3.950000e+01 0.000000e+00 -2.700000e+01
    endloop
  endfacet
  facet normal 0.000000e+00 -1.000000e+00 0.000000e+00
    outer loop
      vertex   3.950000e+01 0.000000e+00 -2.700000e+01
      vertex   4.150000e+01 0.000000e+00 -3.300000e+01
      vertex   4.150000e+01 0.000000e+00 -2.900000e+01
    endloop
  endfacet
  facet normal 0.000000e+00 -1.000000e+00 0.000000e+00
    outer loop
      vertex   3.950000e+01 0.000000e+00 -2.700000e+01
      vertex   4.150000e+01 0.000000e+00 -2.900000e+01
      vertex   4.550000e+01 0.000000e+00 -2.900000e+01
    endloop
  endfacet
  facet normal 0.000000e+00 -1.000000e+00 0.000000e+00
    outer loop
      vertex   4.550000e+01 0.000000e+00 -3.300000e+01
      vertex   4.750000e+01 0.000000e+00 -2.700000e+01
      vertex   4.550000e+01 0.000000e+00 -2.900000e+01
    endloop
  endfacet
  facet normal 0.000000e+00 -1.000000e+00 0.000000e+00
    outer loop
      vertex   4.550000e+01 0.000000e+00 -2.900000e+01
      vertex   4.750000e+01 0.000000e+00 -2.700000e+01
      vertex   3.950000e+01 0.000000e+00 -2.700000e+01
    endloop
  endfacet
  facet normal 1.000000e+00 -0.000000e+00 0.000000e+00
    outer loop
      vertex   -4.550000e+01 0.000000e+00 4.050000e+01
      vertex   -4.550000e+01 0.000000e+00 3.650000e+01
      vertex   -4.550000e+01 3.000000e+00 4.050000e+01
    endloop
  endfacet
  facet normal 1.000000e+00 0.000000e+00 0.000000e+00
    outer loop
      vertex   -4.550000e+01 3.000000e+00 4.050000e+01
      vertex   -4.550000e+01 0.000000e+00 3.650000e+01
      vertex   -4.550000e+01 3.000000e+00 3.650000e+01
    endloop
  endfacet
  facet normal 0.000000e+00 0.000000e+00 -1.000000e+00
    outer loop
      vertex   -4.150000e+01 0.000000e+00 4.050000e+01
      vertex   -4.550000e+01 0.000000e+00 4.050000e+01
      vertex   -4.150000e+01 3.000000e+00 4.050000e+01
    endloop
  endfacet
  facet normal -0.000000e+00 0.000000e+00 -1.000000e+00
    outer loop
      vertex   -4.150000e+01 3.000000e+00 4.050000e+01
      vertex   -4.550000e+01 0.000000e+00 4.050000e+01
      vertex   -4.550000e+01 3.000000e+00 4.050000e+01
    endloop
  endfacet
  facet normal -1.000000e+00 0.000000e+00 0.000000e+00
    outer loop
      vertex   -4.150000e+01 0.000000e+00 3.650000e+01
      vertex   -4.150000e+01 0.000000e+00 4.050000e+01
      vertex   -4.150000e+01 3.000000e+00 3.650000e+01
    endloop
  endfacet
  facet normal -1.000000e+00 0.000000e+00 0.000000e+00
    outer loop
      vertex   -4.150000e+01 3.000000e+00 3.650000e+01
      vertex   -4.150000e+01 0.000000e+00 4.050000e+01
      vertex   -4.150000e+01 3.000000e+00 4.050000e+01
    endloop
  endfacet
  facet normal 1.776357e-15 -0.000000e+00 1.000000e+00
    outer loop
      vertex   -4.550000e+01 0.000000e+00 3.650000e+01
      vertex   -4.150000e+01 0.000000e+00 3.650000e+01
      vertex   -4.550000e+01 3.000000e+00 3.650000e+01
    endloop
  endfacet
  facet normal 1.776357e-15 0.000000e+00 1.000000e+00
    outer loop
      vertex   -4.550000e+01 3.000000e+00 3.650000e+01
      vertex   -4.150000e+01 0.000000e+00 3.650000e+01
      vertex   -4.150000e+01 3.000000e+00 3.650000e+01
    endloop
  endfacet
  facet normal -1.000000e+00 0.000000e+00 8.881784e-16
    outer loop
      vertex   -5.750000e+01 0.000000e+00 3.450000e+01
      vertex   -5.750000e+01 0.000000e+00 4.250000e+01
      vertex   -5.750000e+01 3.000000e+00 3.450000e+01
    endloop
  endfacet
  facet normal -1.000000e+00 0.000000e+00 8.881784e-16
    outer loop
      vertex   -5.750000e+01 3.000000e+00 3.450000e+01
      vertex   -5.750000e+01 0.000000e+00 4.250000e+01
      vertex   -5.750000e+01 3.000000e+00 4.250000e+01
    endloop
  endfacet
  facet normal -8.881784e-16 0.000000e+00 -1.000000e+00
    outer loop
      vertex   -3.950000e+01 0.000000e+00 3.450000e+01
      vertex   -4.750000e+01 0.000000e+00 3.450000e+01
      vertex   -3.950000e+01 3.000000e+00 3.450000e+01
    endloop
  endfacet
  facet normal -3.947460e-16 -1.315820e-15 -1.000000e+00
    outer loop
      vertex   -3.950000e+01 3.000000e+00 3.450000e+01
      vertex   -4.750000e+01 0.000000e+00 3.450000e+01
      vertex   -5.750000e+01 3.000000e+00 3.450000e+01
    endloop
  endfacet
  facet normal 0.000000e+00 0.000000e+00 -1.000000e+00
    outer loop
      vertex   -5.750000e+01 3.000000e+00 3.450000e+01
      vertex   -4.750000e+01 0.000000e+00 3.450000e+01
      vertex   -5.750000e+01 0.000000e+00 3.450000e+01
    endloop
  endfacet
  facet normal 1.000000e+00 -0.000000e+00 0.000000e+00
    outer loop
      vertex   -3.950000e+01 0.000000e+00 4.250000e+01
      vertex   -3.950000e+01 0.000000e+00 3.450000e+01
      vertex   -3.950000e+01 3.000000e+00 4.250000e+01
    endloop
  endfacet
  facet normal 1.000000e+00 0.000000e+00 0.000000e+00
    outer loop
      vertex   -3.950000e+01 3.000000e+00 4.250000e+01
      vertex   -3.950000e+01 0.000000e+00 3.450000e+01
      vertex   -3.950000e+01 3.000000e+00 3.450000e+01
    endloop
  endfacet
  facet normal 0.000000e+00 0.000000e+00 1.000000e+00
    outer loop
      vertex   -5.750000e+01 0.000000e+00 4.250000e+01
      vertex   -4.750000e+01 0.000000e+00 4.250000e+01
      vertex   -5.750000e+01 3.000000e+00 4.250000e+01
    endloop
  endfacet
  facet normal -0.000000e+00 0.000000e+00 1.000000e+00
    outer loop
      vertex   -5.750000e+01 3.000000e+00 4.250000e+01
      vertex   -4.750000e+01 0.000000e+00 4.250000e+01
      vertex   -3.950000e+01 3.000000e+00 4.250000e+01
    endloop
  endfacet
  facet normal 0.000000e+00 0.000000e+00 1.000000e+00
    outer loop
      vertex   -3.950000e+01 3.000000e+00 4.250000e+01
      vertex   -4.750000e+01 0.000000e+00 4.250000e+01
      vertex   -3.950000e+01 0.000000e+00 4.250000e+01
    endloop
  endfacet
  facet normal 0.000000e+00 1.000000e+00 0.000000e+00
    outer loop
      vertex   -4.150000e+01 3.000000e+00 3.650000e+01
      vertex   -3.950000e+01 3.000000e+00 3.450000e+01
      vertex   -4.550000e+01 3.000000e+00 3.650000e+01
    endloop
  endfacet
  facet normal 0.000000e+00 1.000000e+00 0.000000e+00
    outer loop
      vertex   -4.550000e+01 3.000000e+00 3.650000e+01
      vertex   -3.950000e+01 3.000000e+00 3.450000e+01
      vertex   -5.750000e+01 3.000000e+00 3.450000e+01
    endloop
  endfacet
  facet normal 0.000000e+00 1.000000e+00 0.000000e+00
    outer loop
      vertex   -4.550000e+01 3.000000e+00 3.650000e+01
      vertex   -5.750000e+01 3.000000e+00 3.450000e+01
      vertex   -5.750000e+01 3.000000e+00 4.250000e+01
    endloop
  endfacet
  facet normal -0.000000e+00 1.000000e+00 0.000000e+00
    outer loop
      vertex   -4.150000e+01 3.000000e+00 3.650000e+01
      vertex   -4.150000e+01 3.000000e+00 4.050000e+01
      vertex   -3.950000e+01 3.000000e+00 3.450000e+01
    endloop
  endfacet
  facet normal 0.000000e+00 1.000000e+00 -0.000000e+00
    outer loop
      vertex   -3.950000e+01 3.000000e+00 3.450000e+01
      vertex   -4.150000e+01 3.000000e+00 4.050000e+01
      vertex   -3.950000e+01 3.000000e+00 4.250000e+01
    endloop
  endfacet
  facet normal 0.000000e+00 1.000000e+00 0.000000e+00
    outer loop
      vertex   -3.950000e+01 3.000000e+00 4.250000e+01
      vertex   -4.150000e+01 3.000000e+00 4.050000e+01
      vertex   -4.550000e+01 3.000000e+00 4.050000e+01
    endloop
  endfacet
  facet normal 0.000000e+00 1.000000e+00 0.000000e+00
    outer loop
      vertex   -3.950000e+01 3.000000e+00 4.250000e+01
      vertex   -4.550000e+01 3.000000e+00 4.050000e+01
      vertex   -5.750000e+01 3.000000e+00 4.250000e+01
    endloop
  endfacet
  facet normal 0.000000e+00 1.000000e+00 0.000000e+00
    outer loop
      vertex   -5.750000e+01 3.000000e+00 4.250000e+01
      vertex   -4.550000e+01 3.000000e+00 4.050000e+01
      vertex   -4.550000e+01 3.000000e+00 3.650000e+01
    endloop
  endfacet
  facet normal 0.000000e+00 -1.000000e+00 0.000000e+00
    outer loop
      vertex   -4.750000e+01 0.000000e+00 3.450000e+01
      vertex   -4.550000e+01 0.000000e+00 3.650000e+01
      vertex   -4.750000e+01 0.000000e+00 4.250000e+01
    endloop
  endfacet
  facet normal 0.000000e+00 -1.000000e+00 0.000000e+00
    outer loop
      vertex   -4.750000e+01 0.000000e+00 4.250000e+01
      vertex   -4.550000e+01 0.000000e+00 3.650000e+01
      vertex   -4.550000e+01 0.000000e+00 4.050000e+01
    endloop
  endfacet
  facet normal 0.000000e+00 -1.000000e+00 0.000000e+00
    outer loop
      vertex   -4.750000e+01 0.000000e+00 4.250000e+01
      vertex   -4.550000e+01 0.000000e+00 4.050000e+01
      vertex   -4.150000e+01 0.000000e+00 4.050000e+01
    endloop
  endfacet
  facet normal 0.000000e+00 -1.000000e+00 0.000000e+00
    outer loop
      vertex   -4.750000e+01 0.000000e+00 3.450000e+01
      vertex   -3.950000e+01 0.000000e+00 3.450000e+01
      vertex   -4.550000e+01 0.000000e+00 3.650000e+01
    endloop
  endfacet
  facet normal 0.000000e+00 -1.000000e+00 0.000000e+00
    outer loop
      vertex   -4.550000e+01 0.000000e+00 3.650000e+01
      vertex   -3.950000e+01 0.000000e+00 3.450000e+01
      vertex   -4.150000e+01 0.000000e+00 3.650000e+01
    endloop
  endfacet
  facet normal 0.000000e+00 -1.000000e+00 0.000000e+00
    outer loop
      vertex   -4.150000e+01 0.000000e+00 3.650000e+01
      vertex   -3.950000e+01 0.000000e+00 3.450000e+01
      vertex   -3.950000e+01 0.000000e+00 4.250000e+01
    endloop
  endfacet
  facet normal 0.000000e+00 -1.000000e+00 0.000000e+00
    outer loop
      vertex   -4.150000e+01 0.000000e+00 3.650000e+01
      vertex   -3.950000e+01 0.000000e+00 4.250000e+01
      vertex   -4.150000e+01 0.000000e+00 4.050000e+01
    endloop
  endfacet
  facet normal 0.000000e+00 -1.000000e+00 0.000000e+00
    outer loop
      vertex   -4.150000e+01 0.000000e+00 4.050000e+01
      vertex   -3.950000e+01 0.000000e+00 4.250000e+01
      vertex   -4.750000e+01 0.000000e+00 4.250000e+01
    endloop
  endfacet
  facet normal 1.000000e+00 -0.000000e+00 0.000000e+00
    outer loop
      vertex   -4.550000e+01 0.000000e+00 -2.900000e+01
      vertex   -4.550000e+01 0.000000e+00 -3.300000e+01
      vertex   -4.550000e+01 3.000000e+00 -2.900000e+01
    endloop
  endfacet
  facet normal 1.000000e+00 0.000000e+00 0.000000e+00
    outer loop
      vertex   -4.550000e+01 3.000000e+00 -2.900000e+01
      vertex   -4.550000e+01 0.000000e+00 -3.300000e+01
      vertex   -4.550000e+01 3.000000e+00 -3.300000e+01
    endloop
  endfacet
  facet normal 0.000000e+00 0.000000e+00 -1.000000e+00
    outer loop
      vertex   -4.150000e+01 0.000000e+00 -2.900000e+01
      vertex   -4.550000e+01 0.000000e+00 -2.900000e+01
      vertex   -4.150000e+01 3.000000e+00 -2.900000e+01
    endloop
  endfacet
  facet normal -0.000000e+00 0.000000e+00 -1.000000e+00
    outer loop
      vertex   -4.150000e+01 3.000000e+00 -2.900000e+01
      vertex   -4.550000e+01 0.000000e+00 -2.900000e+01
      vertex   -4.550000e+01 3.000000e+00 -2.900000e+01
    endloop
  endfacet
  facet normal -1.000000e+00 0.000000e+00 0.000000e+00
    outer loop
      vertex   -4.150000e+01 0.000000e+00 -3.300000e+01
      vertex   -4.150000e+01 0.000000e+00 -2.900000e+01
      vertex   -4.150000e+01 3.000000e+00 -3.300000e+01
    endloop
  endfacet
  facet normal -1.000000e+00 0.000000e+00 0.000000e+00
    outer loop
      vertex   -4.150000e+01 3.000000e+00 -3.300000e+01
      vertex   -4.150000e+01 0.000000e+00 -2.900000e+01
      vertex   -4.150000e+01 3.000000e+00 -2.900000e+01
    endloop
  endfacet
  facet normal 0.000000e+00 0.000000e+00 1.000000e+00
    outer loop
      vertex   -4.550000e+01 0.000000e+00 -3.300000e+01
      vertex   -4.150000e+01 0.000000e+00 -3.300000e+01
      vertex   -4.550000e+01 3.000000e+00 -3.300000e+01
    endloop
  endfacet
  facet normal -0.000000e+00 0.000000e+00 1.000000e+00
    outer loop
      vertex   -4.550000e+01 3.000000e+00 -3.300000e+01
      vertex   -4.150000e+01 0.000000e+00 -3.300000e+01
      vertex   -4.150000e+01 3.000000e+00 -3.300000e+01
    endloop
  endfacet
  facet normal -1.000000e+00 0.000000e+00 0.000000e+00
    outer loop
      vertex   -5.750000e+01 0.000000e+00 -3.500000e+01
      vertex   -5.750000e+01 0.000000e+00 -2.700000e+01
      vertex   -5.750000e+01 3.000000e+00 -3.500000e+01
    endloop
  endfacet
  facet normal -1.000000e+00 0.000000e+00 0.000000e+00
    outer loop
      vertex   -5.750000e+01 3.000000e+00 -3.500000e+01
      vertex   -5.750000e+01 0.000000e+00 -2.700000e+01
      vertex   -5.750000e+01 3.000000e+00 -2.700000e+01
    endloop
  endfacet
  facet normal 0.000000e+00 0.000000e+00 -1.000000e+00
    outer loop
      vertex   -3.950000e+01 0.000000e+00 -3.500000e+01
      vertex   -4.750000e+01 0.000000e+00 -3.500000e+01
      vertex   -3.950000e+01 3.000000e+00 -3.500000e+01
    endloop
  endfacet
  facet normal -0.000000e+00 0.000000e+00 -1.000000e+00
    outer loop
      vertex   -3.950000e+01 3.000000e+00 -3.500000e+01
      vertex   -4.750000e+01 0.000000e+00 -3.500000e+01
      vertex   -5.750000e+01 3.000000e+00 -3.500000e+01
    endloop
  endfacet
  facet normal 0.000000e+00 0.000000e+00 -1.000000e+00
    outer loop
      vertex   -5.750000e+01 3.000000e+00 -3.500000e+01
      vertex   -4.750000e+01 0.000000e+00 -3.500000e+01
      vertex   -5.750000e+01 0.000000e+00 -3.500000e+01
    endloop
  endfacet
  facet normal 1.000000e+00 -0.000000e+00 0.000000e+00
    outer loop
      vertex   -3.950000e+01 0.000000e+00 -2.700000e+01
      vertex   -3.950000e+01 0.000000e+00 -3.500000e+01
      vertex   -3.950000e+01 3.000000e+00 -2.700000e+01
    endloop
  endfacet
  facet normal 1.000000e+00 0.000000e+00 0.000000e+00
    outer loop
      vertex   -3.950000e+01 3.000000e+00 -2.700000e+01
      vertex   -3.950000e+01 0.000000e+00 -3.500000e+01
      vertex   -3.950000e+01 3.000000e+00 -3.500000e+01
    endloop
  endfacet
  facet normal 0.000000e+00 0.000000e+00 1.000000e+00
    outer loop
      vertex   -5.750000e+01 0.000000e+00 -2.700000e+01
      vertex   -4.750000e+01 0.000000e+00 -2.700000e+01
      vertex   -5.750000e+01 3.000000e+00 -2.700000e+01
    endloop
  endfacet
  facet normal -0.000000e+00 0.000000e+00 1.000000e+00
    outer loop
      vertex   -5.750000e+01 3.000000e+00 -2.700000e+01
      vertex   -4.750000e+01 0.000000e+00 -2.700000e+01
      vertex   -3.950000e+01 3.000000e+00 -2.700000e+01
    endloop
  endfacet
  facet normal 0.000000e+00 0.000000e+00 1.000000e+00
    outer loop
      vertex   -3.950000e+01 3.000000e+00 -2.700000e+01
      vertex   -4.750000e+01 0.000000e+00 -2.700000e+01
      vertex   -3.950000e+01 0.000000e+00 -2.700000e+01
    endloop
  endfacet
  facet normal 0.000000e+00 1.000000e+00 0.000000e+00
    outer loop
      vertex   -4.150000e+01 3.000000e+00 -3.300000e+01
      vertex   -3.950000e+01 3.000000e+00 -3.500000e+01
      vertex   -4.550000e+01 3.000000e+00 -3.300000e+01
    endloop
  endfacet
  facet normal 0.000000e+00 1.000000e+00 0.000000e+00
    outer loop
      vertex   -4.550000e+01 3.000000e+00 -3.300000e+01
      vertex   -3.950000e+01 3.000000e+00 -3.500000e+01
      vertex   -5.750000e+01 3.000000e+00 -3.500000e+01
    endloop
  endfacet
  facet normal 0.000000e+00 1.000000e+00 0.000000e+00
    outer loop
      vertex   -4.550000e+01 3.000000e+00 -3.300000e+01
      vertex   -5.750000e+01 3.000000e+00 -3.500000e+01
      vertex   -5.750000e+01 3.000000e+00 -2.700000e+01
    endloop
  endfacet
  facet normal -0.000000e+00 1.000000e+00 0.000000e+00
    outer loop
      vertex   -4.150000e+01 3.000000e+00 -3.300000e+01
      vertex   -4.150000e+01 3.000000e+00 -2.900000e+01
      vertex   -3.950000e+01 3.000000e+00 -3.500000e+01
    endloop
  endfacet
  facet normal 0.000000e+00 1.000000e+00 -0.000000e+00
    outer loop
      vertex   -3.950000e+01 3.000000e+00 -3.500000e+01
      vertex   -4.150000e+01 3.000000e+00 -2.900000e+01
      vertex   -3.950000e+01 3.000000e+00 -2.700000e+01
    endloop
  endfacet
  facet normal 0.000000e+00 1.000000e+00 0.000000e+00
    outer loop
      vertex   -3.950000e+01 3.000000e+00 -2.700000e+01
      vertex   -4.150000e+01 3.000000e+00 -2.900000e+01
      vertex   -4.550000e+01 3.000000e+00 -2.900000e+01
    endloop
  endfacet
  facet normal 0.000000e+00 1.000000e+00 0.000000e+00
    outer loop
      vertex   -3.950000e+01 3.000000e+00 -2.700000e+01
      vertex   -4.550000e+01 3.000000e+00 -2.900000e+01
      vertex   -5.750000e+01 3.000000e+00 -2.700000e+01
    endloop
  endfacet
  facet normal 0.000000e+00 1.000000e+00 0.000000e+00
    outer loop
      vertex   -5.750000e+01 3.000000e+00 -2.700000e+01
      vertex   -4.550000e+01 3.000000e+00 -2.900000e+01
      vertex   -4.550000e+01 3.000000e+00 -3.300000e+01
    endloop
  endfacet
  facet normal 0.000000e+00 -1.000000e+00 0.000000e+00
    outer loop
      vertex   -4.750000e+01 0.000000e+00 -3.500000e+01
      vertex   -4.550000e+01 0.000000e+00 -3.300000e+01
      vertex   -4.750000e+01 0.000000e+00 -2.700000e+01
    endloop
  endfacet
  facet normal 0.000000e+00 -1.000000e+00 0.000000e+00
    outer loop
      vertex   -4.750000e+01 0.000000e+00 -2.700000e+01
      vertex   -4.550000e+01 0.000000e+00 -3.300000e+01
      vertex   -4.550000e+01 0.000000e+00 -2.900000e+01
    endloop
  endfacet
  facet normal 0.000000e+00 -1.000000e+00 0.000000e+00
    outer loop
      vertex   -4.750000e+01 0.000000e+00 -2.700000e+01
      vertex   -4.550000e+01 0.000000e+00 -2.900000e+01
      vertex   -4.150000e+01 0.000000e+00 -2.900000e+01
    endloop
  endfacet
  facet normal 0.000000e+00 -1.000000e+00 0.000000e+00
    outer loop
      vertex   -4.750000e+01 0.000000e+00 -3.500000e+01
      vertex   -3.950000e+01 0.000000e+00 -3.500000e+01
      vertex   -4.550000e+01 0.000000e+00 -3.300000e+01
    endloop
  endfacet
  facet normal 0.000000e+00 -1.000000e+00 0.000000e+00
    outer loop
      vertex   -4.550000e+01 0.000000e+00 -3.300000e+01
      vertex   -3.950000e+01 0.000000e+00 -3.500000e+01
      vertex   -4.150000e+01 0.000000e+00 -3.300000e+01
    endloop
  endfacet
  facet normal 0.000000e+00 -1.000000e+00 0.000000e+00
    outer loop
      vertex   -4.150000e+01 0.000000e+00 -3.300000e+01
      vertex   -3.950000e+01 0.000000e+00 -3.500000e+01
      vertex   -3.950000e+01 0.000000e+00 -2.700000e+01
    endloop
  endfacet
  facet normal 0.000000e+00 -1.000000e+00 0.000000e+00
    outer loop
      vertex   -4.150000e+01 0.000000e+00 -3.300000e+01
      vertex   -3.950000e+01 0.000000e+00 -2.700000e+01
      vertex   -4.150000e+01 0.000000e+00 -2.900000e+01
    endloop
  endfacet
  facet normal 0.000000e+00 -1.000000e+00 0.000000e+00
    outer loop
      vertex   -4.150000e+01 0.000000e+00 -2.900000e+01
      vertex   -3.950000e+01 0.000000e+00 -2.700000e+01
      vertex   -4.750000e+01 0.000000e+00 -2.700000e+01
    endloop
  endfacet
  facet normal 1.000000e+00 -0.000000e+00 0.000000e+00
    outer loop
      vertex   4.150000e+01 0.000000e+00 4.050000e+01
      vertex   4.150000e+01 0.000000e+00 3.650000e+01
      vertex   4.150000e+01 3.000000e+00 4.050000e+01
    endloop
  endfacet
  facet normal 1.000000e+00 0.000000e+00 0.000000e+00
    outer loop
      vertex   4.150000e+01 3.000000e+00 4.050000e+01
      vertex   4.150000e+01 0.000000e+00 3.650000e+01
      vertex   4.150000e+01 3.000000e+00 3.650000e+01
    endloop
  endfacet
  facet normal 0.000000e+00 0.000000e+00 -1.000000e+00
    outer loop
      vertex   4.550000e+01 0.000000e+00 4.050000e+01
      vertex   4.150000e+01 0.000000e+00 4.050000e+01
      vertex   4.550000e+01 3.000000e+00 4.050000e+01
    endloop
  endfacet
  facet normal -0.000000e+00 0.000000e+00 -1.000000e+00
    outer loop
      vertex   4.550000e+01 3.000000e+00 4.050000e+01
      vertex   4.150000e+01 0.000000e+00 4.050000e+01
      vertex   4.150000e+01 3.000000e+00 4.050000e+01
    endloop
  endfacet
  facet normal -1.000000e+00 0.000000e+00 0.000000e+00
    outer loop
      vertex   4.550000e+01 0.000000e+00 3.650000e+01
      vertex   4.550000e+01 0.000000e+00 4.050000e+01
      vertex   4.550000e+01 3.000000e+00 3.650000e+01
    endloop
  endfacet
  facet normal -1.000000e+00 0.000000e+00 0.000000e+00
    outer loop
      vertex   4.550000e+01 3.000000e+00 3.650000e+01
      vertex   4.550000e+01 0.000000e+00 4.050000e+01
      vertex   4.550000e+01 3.000000e+00 4.050000e+01
    endloop
  endfacet
  facet normal 0.000000e+00 0.000000e+00 1.000000e+00
    outer loop
      vertex   4.150000e+01 0.000000e+00 3.650000e+01
      vertex   4.550000e+01 0.000000e+00 3.650000e+01
      vertex   4.150000e+01 3.000000e+00 3.650000e+01
    endloop
  endfacet
  facet normal -0.000000e+00 0.000000e+00 1.000000e+00
    outer loop
      vertex   4.150000e+01 3.000000e+00 3.650000e+01
      vertex   4.550000e+01 0.000000e+00 3.650000e+01
      vertex   4.550000e+01 3.000000e+00 3.650000e+01
    endloop
  endfacet
  facet normal -1.000000e+00 0.000000e+00 0.000000e+00
    outer loop
      vertex   3.950000e+01 0.000000e+00 3.450000e+01
      vertex   3.950000e+01 0.000000e+00 4.250000e+01
      vertex   3.950000e+01 3.000000e+00 3.450000e+01
    endloop
  endfacet
  facet normal -1.000000e+00 0.000000e+00 0.000000e+00
    outer loop
      vertex   3.950000e+01 3.000000e+00 3.450000e+01
      vertex   3.950000e+01 0.000000e+00 4.250000e+01
      vertex   3.950000e+01 3.000000e+00 4.250000e+01
    endloop
  endfacet
  facet normal 0.000000e+00 0.000000e+00 -1.000000e+00
    outer loop
      vertex   5.750000e+01 0.000000e+00 3.450000e+01
      vertex   4.750000e+01 0.000000e+00 3.450000e+01
      vertex   5.750000e+01 3.000000e+00 3.450000e+01
    endloop
  endfacet
  facet normal -0.000000e+00 0.000000e+00 -1.000000e+00
    outer loop
      vertex   5.750000e+01 3.000000e+00 3.450000e+01
      vertex   4.750000e+01 0.000000e+00 3.450000e+01
      vertex   3.950000e+01 3.000000e+00 3.450000e+01
    endloop
  endfacet
  facet normal 0.000000e+00 0.000000e+00 -1.000000e+00
    outer loop
      vertex   3.950000e+01 3.000000e+00 3.450000e+01
      vertex   4.750000e+01 0.000000e+00 3.450000e+01
      vertex   3.950000e+01 0.000000e+00 3.450000e+01
    endloop
  endfacet
  facet normal 1.000000e+00 -0.000000e+00 0.000000e+00
    outer loop
      vertex   5.750000e+01 0.000000e+00 4.250000e+01
      vertex   5.750000e+01 0.000000e+00 3.450000e+01
      vertex   5.750000e+01 3.000000e+00 4.250000e+01
    endloop
  endfacet
  facet normal 1.000000e+00 0.000000e+00 0.000000e+00
    outer loop
      vertex   5.750000e+01 3.000000e+00 4.250000e+01
      vertex   5.750000e+01 0.000000e+00 3.450000e+01
      vertex   5.750000e+01 3.000000e+00 3.450000e+01
    endloop
  endfacet
  facet normal 0.000000e+00 0.000000e+00 1.000000e+00
    outer loop
      vertex   3.950000e+01 0.000000e+00 4.250000e+01
      vertex   4.750000e+01 0.000000e+00 4.250000e+01
      vertex   3.950000e+01 3.000000e+00 4.250000e+01
    endloop
  endfacet
  facet normal -0.000000e+00 0.000000e+00 1.000000e+00
    outer loop
      vertex   3.950000e+01 3.000000e+00 4.250000e+01
      vertex   4.750000e+01 0.000000e+00 4.250000e+01
      vertex   5.750000e+01 3.000000e+00 4.250000e+01
    endloop
  endfacet
  facet normal 0.000000e+00 0.000000e+00 1.000000e+00
    outer loop
      vertex   5.750000e+01 3.000000e+00 4.250000e+01
      vertex   4.750000e+01 0.000000e+00 4.250000e+01
      vertex   5.750000e+01 0.000000e+00 4.250000e+01
    endloop
  endfacet
  facet normal 0.000000e+00 1.000000e+00 0.000000e+00
    outer loop
      vertex   4.550000e+01 3.000000e+00 3.650000e+01
      vertex   3.950000e+01 3.000000e+00 3.450000e+01
      vertex   4.150000e+01 3.000000e+00 3.650000e+01
    endloop
  endfacet
  facet normal 0.000000e+00 1.000000e+00 0.000000e+00
    outer loop
      vertex   4.150000e+01 3.000000e+00 3.650000e+01
      vertex   3.950000e+01 3.000000e+00 3.450000e+01
      vertex   3.950000e+01 3.000000e+00 4.250000e+01
    endloop
  endfacet
  facet normal 0.000000e+00 1.000000e+00 -0.000000e+00
    outer loop
      vertex   4.150000e+01 3.000000e+00 3.650000e+01
      vertex   3.950000e+01 3.000000e+00 4.250000e+01
      vertex   4.150000e+01 3.000000e+00 4.050000e+01
    endloop
  endfacet
  facet normal 0.000000e+00 1.000000e+00 -0.000000e+00
    outer loop
      vertex   4.150000e+01 3.000000e+00 4.050000e+01
      vertex   3.950000e+01 3.000000e+00 4.250000e+01
      vertex   4.550000e+01 3.000000e+00 4.050000e+01
    endloop
  endfacet
  facet normal 0.000000e+00 1.000000e+00 -0.000000e+00
    outer loop
      vertex   4.550000e+01 3.000000e+00 4.050000e+01
      vertex   3.950000e+01 3.000000e+00 4.250000e+01
      vertex   5.750000e+01 3.000000e+00 4.250000e+01
    endloop
  endfacet
  facet normal -0.000000e+00 1.000000e+00 0.000000e+00
    outer loop
      vertex   4.550000e+01 3.000000e+00 4.050000e+01
      vertex   5.750000e+01 3.000000e+00 4.250000e+01
      vertex   5.750000e+01 3.000000e+00 3.450000e+01
    endloop
  endfacet
  facet normal 0.000000e+00 1.000000e+00 0.000000e+00
    outer loop
      vertex   3.950000e+01 3.000000e+00 3.450000e+01
      vertex   4.550000e+01 3.000000e+00 3.650000e+01
      vertex   5.750000e+01 3.000000e+00 3.450000e+01
    endloop
  endfacet
  facet normal 0.000000e+00 1.000000e+00 0.000000e+00
    outer loop
      vertex   5.750000e+01 3.000000e+00 3.450000e+01
      vertex   4.550000e+01 3.000000e+00 3.650000e+01
      vertex   4.550000e+01 3.000000e+00 4.050000e+01
    endloop
  endfacet
  facet normal 0.000000e+00 -1.000000e+00 -0.000000e+00
    outer loop
      vertex   4.750000e+01 0.000000e+00 4.250000e+01
      vertex   4.550000e+01 0.000000e+00 3.650000e+01
      vertex   4.750000e+01 0.000000e+00 3.450000e+01
    endloop
  endfacet
  facet normal 0.000000e+00 -1.000000e+00 0.000000e+00
    outer loop
      vertex   4.750000e+01 0.000000e+00 3.450000e+01
      vertex   4.550000e+01 0.000000e+00 3.650000e+01
      vertex   4.150000e+01 0.000000e+00 3.650000e+01
    endloop
  endfacet
  facet normal 0.000000e+00 -1.000000e+00 0.000000e+00
    outer loop
      vertex   4.750000e+01 0.000000e+00 3.450000e+01
      vertex   4.150000e+01 0.000000e+00 3.650000e+01
      vertex   3.950000e+01 0.000000e+00 3.450000e+01
    endloop
  endfacet
  facet normal 0.000000e+00 -1.000000e+00 0.000000e+00
    outer loop
      vertex   3.950000e+01 0.000000e+00 3.450000e+01
      vertex   4.150000e+01 0.000000e+00 3.650000e+01
      vertex   3.950000e+01 0.000000e+00 4.250000e+01
    endloop
  endfacet
  facet normal 0.000000e+00 -1.000000e+00 0.000000e+00
    outer loop
      vertex   3.950000e+01 0.000000e+00 4.250000e+01
      vertex   4.150000e+01 0.000000e+00 3.650000e+01
      vertex   4.150000e+01 0.000000e+00 4.050000e+01
    endloop
  endfacet
  facet normal 0.000000e+00 -1.000000e+00 0.000000e+00
    outer loop
      vertex   3.950000e+01 0.000000e+00 4.250000e+01
      vertex   4.150000e+01 0.000000e+00 4.050000e+01
      vertex   4.550000e+01 0.000000e+00 4.050000e+01
    endloop
  endfacet
  facet normal 0.000000e+00 -1.000000e+00 0.000000e+00
    outer loop
      vertex   4.550000e+01 0.000000e+00 3.650000e+01
      vertex   4.750000e+01 0.000000e+00 4.250000e+01
      vertex   4.550000e+01 0.000000e+00 4.050000e+01
    endloop
  endfacet
  facet normal 0.000000e+00 -1.000000e+00 0.000000e+00
    outer loop
      vertex   4.550000e+01 0.000000e+00 4.050000e+01
      vertex   4.750000e+01 0.000000e+00 4.250000e+01
      vertex   3.950000e+01 0.000000e+00 4.250000e+01
    endloop
  endfacet
  facet normal 0.000000e+00 0.000000e+00 1.000000e+00
    outer loop
      vertex   2.000000e+01 0.000000e+00 -6.500000e+01
      vertex   -2.000000e+01 0.000000e+00 -6.500000e+01
      vertex   2.000000e+01 -2.500000e+00 -6.500000e+01
    endloop
  endfacet
  facet normal 0.000000e+00 0.000000e+00 1.000000e+00
    outer loop
      vertex   2.000000e+01 -2.500000e+00 -6.500000e+01
      vertex   -2.000000e+01 0.000000e+00 -6.500000e+01
      vertex   -2.000000e+01 -2.500000e+00 -6.500000e+01
    endloop
  endfacet
  facet normal -9.987955e-01 -2.838747e-15 4.906767e-02
    outer loop
      vertex   4.750000e+01 -2.500000e+00 -3.750000e+01
      vertex   4.750000e+01 0.000000e+00 -3.750000e+01
      vertex   4.736758e+01 -2.500000e+00 -4.019547e+01
    endloop
  endfacet
  facet normal -9.987955e-01 0.000000e+00 4.906767e-02
    outer loop
      vertex   4.736758e+01 -2.500000e+00 -4.019547e+01
      vertex   4.750000e+01 0.000000e+00 -3.750000e+01
      vertex   4.736758e+01 0.000000e+00 -4.019547e+01
    endloop
  endfacet
  facet normal -9.891765e-01 0.000000e+00 1.467305e-01
    outer loop
      vertex   4.736758e+01 -2.500000e+00 -4.019547e+01
      vertex   4.736758e+01 0.000000e+00 -4.019547e+01
      vertex   4.697160e+01 0.000000e+00 -4.286498e+01
    endloop
  endfacet
  facet normal -9.891765e-01 0.000000e+00 1.467305e-01
    outer loop
      vertex   4.736758e+01 -2.500000e+00 -4.019547e+01
      vertex   4.697160e+01 0.000000e+00 -4.286498e+01
      vertex   4.697160e+01 -2.500000e+00 -4.286498e+01
    endloop
  endfacet
  facet normal -9.700313e-01 0.000000e+00 2.429802e-01
    outer loop
      vertex   4.697160e+01 -2.500000e+00 -4.286498e+01
      vertex   4.697160e+01 0.000000e+00 -4.286498e+01
      vertex   4.631586e+01 0.000000e+00 -4.548283e+01
    endloop
  endfacet
  facet normal -9.700313e-01 0.000000e+00 2.429802e-01
    outer loop
      vertex   4.697160e+01 -2.500000e+00 -4.286498e+01
      vertex   4.631586e+01 0.000000e+00 -4.548283e+01
      vertex   4.631586e+01 -2.500000e+00 -4.548283e+01
    endloop
  endfacet
  facet normal -9.415441e-01 0.000000e+00 3.368899e-01
    outer loop
      vertex   4.631586e+01 -2.500000e+00 -4.548283e+01
      vertex   4.631586e+01 0.000000e+00 -4.548283e+01
      vertex   4.540669e+01 0.000000e+00 -4.802379e+01
    endloop
  endfacet
  facet normal -9.415441e-01 0.000000e+00 3.368899e-01
    outer loop
      vertex   4.631586e+01 -2.500000e+00 -4.548283e+01
      vertex   4.540669e+01 0.000000e+00 -4.802379e+01
      vertex   4.540669e+01 -2.500000e+00 -4.802379e+01
    endloop
  endfacet
  facet normal -9.039893e-01 0.000000e+00 4.275551e-01
    outer loop
      vertex   4.540669e+01 -2.500000e+00 -4.802379e+01
      vertex   4.540669e+01 0.000000e+00 -4.802379e+01
      vertex   4.425283e+01 0.000000e+00 -5.046341e+01
    endloop
  endfacet
  facet normal -9.039893e-01 -5.134128e-15 4.275551e-01
    outer loop
      vertex   4.540669e+01 -2.500000e+00 -4.802379e+01
      vertex   4.425283e+01 0.000000e+00 -5.046341e+01
      vertex   4.425283e+01 -2.500000e+00 -5.046341e+01
    endloop
  endfacet
  facet normal -8.577286e-01 -4.875623e-15 5.141027e-01
    outer loop
      vertex   4.425283e+01 -2.500000e+00 -5.046341e+01
      vertex   4.425283e+01 0.000000e+00 -5.046341e+01
      vertex   4.286541e+01 0.000000e+00 -5.277818e+01
    endloop
  endfacet
  facet normal -8.577286e-01 0.000000e+00 5.141027e-01
    outer loop
      vertex   4.425283e+01 -2.500000e+00 -5.046341e+01
      vertex   4.286541e+01 0.000000e+00 -5.277818e+01
      vertex   4.286541e+01 -2.500000e+00 -5.277818e+01
    endloop
  endfacet
  facet normal -8.032075e-01 0.000000e+00 5.956993e-01
    outer loop
      vertex   4.286541e+01 -2.500000e+00 -5.277818e+01
      vertex   4.286541e+01 0.000000e+00 -5.277818e+01
      vertex   4.125779e+01 0.000000e+00 -5.494582e+01
    endloop
  endfacet
  facet normal -8.032075e-01 0.000000e+00 5.956993e-01
    outer loop
      vertex   4.286541e+01 -2.500000e+00 -5.277818e+01
      vertex   4.125779e+01 0.000000e+00 -5.494582e+01
      vertex   4.125779e+01 -2.500000e+00 -5.494582e+01
    endloop
  endfacet
  facet normal -7.409511e-01 0.000000e+00 6.715590e-01
    outer loop
      vertex   4.125779e+01 -2.500000e+00 -5.494582e+01
      vertex   4.125779e+01 0.000000e+00 -5.494582e+01
      vertex   3.944544e+01 0.000000e+00 -5.694544e+01
    endloop
  endfacet
  facet normal -7.409511e-01 0.000000e+00 6.715590e-01
    outer loop
      vertex   4.125779e+01 -2.500000e+00 -5.494582e+01
      vertex   3.944544e+01 0.000000e+00 -5.694544e+01
      vertex   3.944544e+01 -2.500000e+00 -5.694544e+01
    endloop
  endfacet
  facet normal -6.715590e-01 0.000000e+00 7.409511e-01
    outer loop
      vertex   3.944544e+01 -2.500000e+00 -5.694544e+01
      vertex   3.944544e+01 0.000000e+00 -5.694544e+01
      vertex   3.744582e+01 0.000000e+00 -5.875779e+01
    endloop
  endfacet
  facet normal -6.715590e-01 0.000000e+00 7.409511e-01
    outer loop
      vertex   3.944544e+01 -2.500000e+00 -5.694544e+01
      vertex   3.744582e+01 0.000000e+00 -5.875779e+01
      vertex   3.744582e+01 -2.500000e+00 -5.875779e+01
    endloop
  endfacet
  facet normal -5.956993e-01 0.000000e+00 8.032075e-01
    outer loop
      vertex   3.744582e+01 -2.500000e+00 -5.875779e+01
      vertex   3.744582e+01 0.000000e+00 -5.875779e+01
      vertex   3.527818e+01 0.000000e+00 -6.036541e+01
    endloop
  endfacet
  facet normal -5.956993e-01 0.000000e+00 8.032075e-01
    outer loop
      vertex   3.744582e+01 -2.500000e+00 -5.875779e+01
      vertex   3.527818e+01 0.000000e+00 -6.036541e+01
      vertex   3.527818e+01 -2.500000e+00 -6.036541e+01
    endloop
  endfacet
  facet normal -5.141027e-01 0.000000e+00 8.577286e-01
    outer loop
      vertex   3.527818e+01 -2.500000e+00 -6.036541e+01
      vertex   3.527818e+01 0.000000e+00 -6.036541e+01
      vertex   3.296341e+01 0.000000e+00 -6.175283e+01
    endloop
  endfacet
  facet normal -5.141027e-01 0.000000e+00 8.577286e-01
    outer loop
      vertex   3.527818e+01 -2.500000e+00 -6.036541e+01
      vertex   3.296341e+01 0.000000e+00 -6.175283e+01
      vertex   3.296341e+01 -2.500000e+00 -6.175283e+01
    endloop
  endfacet
  facet normal -4.275551e-01 0.000000e+00 9.039893e-01
    outer loop
      vertex   3.296341e+01 -2.500000e+00 -6.175283e+01
      vertex   3.296341e+01 0.000000e+00 -6.175283e+01
      vertex   3.052379e+01 0.000000e+00 -6.290669e+01
    endloop
  endfacet
  facet normal -4.275551e-01 0.000000e+00 9.039893e-01
    outer loop
      vertex   3.296341e+01 -2.500000e+00 -6.175283e+01
      vertex   3.052379e+01 0.000000e+00 -6.290669e+01
      vertex   3.052379e+01 -2.500000e+00 -6.290669e+01
    endloop
  endfacet
  facet normal -3.368899e-01 0.000000e+00 9.415441e-01
    outer loop
      vertex   3.052379e+01 -2.500000e+00 -6.290669e+01
      vertex   3.052379e+01 0.000000e+00 -6.290669e+01
      vertex   2.798283e+01 0.000000e+00 -6.381586e+01
    endloop
  endfacet
  facet normal -3.368899e-01 0.000000e+00 9.415441e-01
    outer loop
      vertex   3.052379e+01 -2.500000e+00 -6.290669e+01
      vertex   2.798283e+01 0.000000e+00 -6.381586e+01
      vertex   2.798283e+01 -2.500000e+00 -6.381586e+01
    endloop
  endfacet
  facet normal -2.429802e-01 0.000000e+00 9.700313e-01
    outer loop
      vertex   2.798283e+01 -2.500000e+00 -6.381586e+01
      vertex   2.798283e+01 0.000000e+00 -6.381586e+01
      vertex   2.536498e+01 0.000000e+00 -6.447160e+01
    endloop
  endfacet
  facet normal -2.429802e-01 0.000000e+00 9.700313e-01
    outer loop
      vertex   2.798283e+01 -2.500000e+00 -6.381586e+01
      vertex   2.536498e+01 0.000000e+00 -6.447160e+01
      vertex   2.536498e+01 -2.500000e+00 -6.447160e+01
    endloop
  endfacet
  facet normal -1.467305e-01 0.000000e+00 9.891765e-01
    outer loop
      vertex   2.536498e+01 -2.500000e+00 -6.447160e+01
      vertex   2.536498e+01 0.000000e+00 -6.447160e+01
      vertex   2.269547e+01 0.000000e+00 -6.486758e+01
    endloop
  endfacet
  facet normal -1.467305e-01 0.000000e+00 9.891765e-01
    outer loop
      vertex   2.536498e+01 -2.500000e+00 -6.447160e+01
      vertex   2.269547e+01 0.000000e+00 -6.486758e+01
      vertex   2.269547e+01 -2.500000e+00 -6.486758e+01
    endloop
  endfacet
  facet normal -4.906767e-02 0.000000e+00 9.987955e-01
    outer loop
      vertex   2.269547e+01 -2.500000e+00 -6.486758e+01
      vertex   2.269547e+01 0.000000e+00 -6.486758e+01
      vertex   2.000000e+01 -2.500000e+00 -6.500000e+01
    endloop
  endfacet
  facet normal -4.906767e-02 1.394587e-16 9.987955e-01
    outer loop
      vertex   2.000000e+01 -2.500000e+00 -6.500000e+01
      vertex   2.269547e+01 0.000000e+00 -6.486758e+01
      vertex   2.000000e+01 0.000000e+00 -6.500000e+01
    endloop
  endfacet
  facet normal -1.000000e+00 -2.842171e-15 0.000000e+00
    outer loop
      vertex   4.750000e+01 0.000000e+00 -3.750000e+01
      vertex   4.750000e+01 -2.500000e+00 -3.750000e+01
      vertex   4.750000e+01 0.000000e+00 -3.500000e+01
    endloop
  endfacet
  facet normal -1.000000e+00 -2.842171e-15 0.000000e+00
    outer loop
      vertex   4.750000e+01 0.000000e+00 -3.500000e+01
      vertex   4.750000e+01 -2.500000e+00 -3.750000e+01
      vertex   4.750000e+01 0.000000e+00 -2.700000e+01
    endloop
  endfacet
  facet normal -1.000000e+00 -2.842171e-15 0.000000e+00
    outer loop
      vertex   4.750000e+01 0.000000e+00 -2.700000e+01
      vertex   4.750000e+01 -2.500000e+00 -3.750000e+01
      vertex   4.750000e+01 -2.500000e+00 4.500000e+01
    endloop
  endfacet
  facet normal -1.000000e+00 -2.842171e-15 0.000000e+00
    outer loop
      vertex   4.750000e+01 0.000000e+00 -2.700000e+01
      vertex   4.750000e+01 -2.500000e+00 4.500000e+01
      vertex   4.750000e+01 0.000000e+00 3.450000e+01
    endloop
  endfacet
  facet normal -1.000000e+00 -2.842171e-15 0.000000e+00
    outer loop
      vertex   4.750000e+01 0.000000e+00 3.450000e+01
      vertex   4.750000e+01 -2.500000e+00 4.500000e+01
      vertex   4.750000e+01 0.000000e+00 4.250000e+01
    endloop
  endfacet
  facet normal -1.000000e+00 -1.615587e-29 2.842171e-15
    outer loop
      vertex   4.750000e+01 0.000000e+00 4.250000e+01
      vertex   4.750000e+01 -2.500000e+00 4.500000e+01
      vertex   4.750000e+01 0.000000e+00 4.500000e+01
    endloop
  endfacet
  facet normal -4.906767e-02 0.000000e+00 -9.987955e-01
    outer loop
      vertex   2.000000e+01 -2.500000e+00 7.250000e+01
      vertex   2.000000e+01 0.000000e+00 7.250000e+01
      vertex   2.269547e+01 -2.500000e+00 7.236758e+01
    endloop
  endfacet
  facet normal -4.906767e-02 6.972936e-17 -9.987955e-01
    outer loop
      vertex   2.269547e+01 -2.500000e+00 7.236758e+01
      vertex   2.000000e+01 0.000000e+00 7.250000e+01
      vertex   2.269547e+01 0.000000e+00 7.236758e+01
    endloop
  endfacet
  facet normal -1.467305e-01 2.085165e-16 -9.891765e-01
    outer loop
      vertex   2.269547e+01 -2.500000e+00 7.236758e+01
      vertex   2.269547e+01 0.000000e+00 7.236758e+01
      vertex   2.536498e+01 0.000000e+00 7.197160e+01
    endloop
  endfacet
  facet normal -1.467305e-01 0.000000e+00 -9.891765e-01
    outer loop
      vertex   2.269547e+01 -2.500000e+00 7.236758e+01
      vertex   2.536498e+01 0.000000e+00 7.197160e+01
      vertex   2.536498e+01 -2.500000e+00 7.197160e+01
    endloop
  endfacet
  facet normal -2.429802e-01 0.000000e+00 -9.700313e-01
    outer loop
      vertex   2.536498e+01 -2.500000e+00 7.197160e+01
      vertex   2.536498e+01 0.000000e+00 7.197160e+01
      vertex   2.798283e+01 0.000000e+00 7.131586e+01
    endloop
  endfacet
  facet normal -2.429802e-01 0.000000e+00 -9.700313e-01
    outer loop
      vertex   2.536498e+01 -2.500000e+00 7.197160e+01
      vertex   2.798283e+01 0.000000e+00 7.131586e+01
      vertex   2.798283e+01 -2.500000e+00 7.131586e+01
    endloop
  endfacet
  facet normal -3.368899e-01 0.000000e+00 -9.415441e-01
    outer loop
      vertex   2.798283e+01 -2.500000e+00 7.131586e+01
      vertex   2.798283e+01 0.000000e+00 7.131586e+01
      vertex   3.052379e+01 0.000000e+00 7.040669e+01
    endloop
  endfacet
  facet normal -3.368899e-01 0.000000e+00 -9.415441e-01
    outer loop
      vertex   2.798283e+01 -2.500000e+00 7.131586e+01
      vertex   3.052379e+01 0.000000e+00 7.040669e+01
      vertex   3.052379e+01 -2.500000e+00 7.040669e+01
    endloop
  endfacet
  facet normal -4.275551e-01 0.000000e+00 -9.039893e-01
    outer loop
      vertex   3.052379e+01 -2.500000e+00 7.040669e+01
      vertex   3.052379e+01 0.000000e+00 7.040669e+01
      vertex   3.296341e+01 0.000000e+00 6.925283e+01
    endloop
  endfacet
  facet normal -4.275551e-01 0.000000e+00 -9.039893e-01
    outer loop
      vertex   3.052379e+01 -2.500000e+00 7.040669e+01
      vertex   3.296341e+01 0.000000e+00 6.925283e+01
      vertex   3.296341e+01 -2.500000e+00 6.925283e+01
    endloop
  endfacet
  facet normal -5.141027e-01 0.000000e+00 -8.577286e-01
    outer loop
      vertex   3.296341e+01 -2.500000e+00 6.925283e+01
      vertex   3.296341e+01 0.000000e+00 6.925283e+01
      vertex   3.527818e+01 0.000000e+00 6.786541e+01
    endloop
  endfacet
  facet normal -5.141027e-01 0.000000e+00 -8.577286e-01
    outer loop
      vertex   3.296341e+01 -2.500000e+00 6.925283e+01
      vertex   3.527818e+01 0.000000e+00 6.786541e+01
      vertex   3.527818e+01 -2.500000e+00 6.786541e+01
    endloop
  endfacet
  facet normal -5.956993e-01 0.000000e+00 -8.032075e-01
    outer loop
      vertex   3.527818e+01 -2.500000e+00 6.786541e+01
      vertex   3.527818e+01 0.000000e+00 6.786541e+01
      vertex   3.744582e+01 0.000000e+00 6.625779e+01
    endloop
  endfacet
  facet normal -5.956993e-01 0.000000e+00 -8.032075e-01
    outer loop
      vertex   3.527818e+01 -2.500000e+00 6.786541e+01
      vertex   3.744582e+01 0.000000e+00 6.625779e+01
      vertex   3.744582e+01 -2.500000e+00 6.625779e+01
    endloop
  endfacet
  facet normal -6.715590e-01 0.000000e+00 -7.409511e-01
    outer loop
      vertex   3.744582e+01 -2.500000e+00 6.625779e+01
      vertex   3.744582e+01 0.000000e+00 6.625779e+01
      vertex   3.944544e+01 0.000000e+00 6.444544e+01
    endloop
  endfacet
  facet normal -6.715590e-01 0.000000e+00 -7.409511e-01
    outer loop
      vertex   3.744582e+01 -2.500000e+00 6.625779e+01
      vertex   3.944544e+01 0.000000e+00 6.444544e+01
      vertex   3.944544e+01 -2.500000e+00 6.444544e+01
    endloop
  endfacet
  facet normal -7.409511e-01 0.000000e+00 -6.715590e-01
    outer loop
      vertex   3.944544e+01 -2.500000e+00 6.444544e+01
      vertex   3.944544e+01 0.000000e+00 6.444544e+01
      vertex   4.125779e+01 0.000000e+00 6.244582e+01
    endloop
  endfacet
  facet normal -7.409511e-01 0.000000e+00 -6.715590e-01
    outer loop
      vertex   3.944544e+01 -2.500000e+00 6.444544e+01
      vertex   4.125779e+01 0.000000e+00 6.244582e+01
      vertex   4.125779e+01 -2.500000e+00 6.244582e+01
    endloop
  endfacet
  facet normal -8.032075e-01 0.000000e+00 -5.956993e-01
    outer loop
      vertex   4.125779e+01 -2.500000e+00 6.244582e+01
      vertex   4.125779e+01 0.000000e+00 6.244582e+01
      vertex   4.286541e+01 0.000000e+00 6.027818e+01
    endloop
  endfacet
  facet normal -8.032075e-01 0.000000e+00 -5.956993e-01
    outer loop
      vertex   4.125779e+01 -2.500000e+00 6.244582e+01
      vertex   4.286541e+01 0.000000e+00 6.027818e+01
      vertex   4.286541e+01 -2.500000e+00 6.027818e+01
    endloop
  endfacet
  facet normal -8.577286e-01 0.000000e+00 -5.141027e-01
    outer loop
      vertex   4.286541e+01 -2.500000e+00 6.027818e+01
      vertex   4.286541e+01 0.000000e+00 6.027818e+01
      vertex   4.425283e+01 0.000000e+00 5.796341e+01
    endloop
  endfacet
  facet normal -8.577286e-01 0.000000e+00 -5.141027e-01
    outer loop
      vertex   4.286541e+01 -2.500000e+00 6.027818e+01
      vertex   4.425283e+01 0.000000e+00 5.796341e+01
      vertex   4.425283e+01 -2.500000e+00 5.796341e+01
    endloop
  endfacet
  facet normal -9.039893e-01 0.000000e+00 -4.275551e-01
    outer loop
      vertex   4.425283e+01 -2.500000e+00 5.796341e+01
      vertex   4.425283e+01 0.000000e+00 5.796341e+01
      vertex   4.540669e+01 0.000000e+00 5.552379e+01
    endloop
  endfacet
  facet normal -9.039893e-01 0.000000e+00 -4.275551e-01
    outer loop
      vertex   4.425283e+01 -2.500000e+00 5.796341e+01
      vertex   4.540669e+01 0.000000e+00 5.552379e+01
      vertex   4.540669e+01 -2.500000e+00 5.552379e+01
    endloop
  endfacet
  facet normal -9.415441e-01 0.000000e+00 -3.368899e-01
    outer loop
      vertex   4.540669e+01 -2.500000e+00 5.552379e+01
      vertex   4.540669e+01 0.000000e+00 5.552379e+01
      vertex   4.631586e+01 0.000000e+00 5.298283e+01
    endloop
  endfacet
  facet normal -9.415441e-01 0.000000e+00 -3.368899e-01
    outer loop
      vertex   4.540669e+01 -2.500000e+00 5.552379e+01
      vertex   4.631586e+01 0.000000e+00 5.298283e+01
      vertex   4.631586e+01 -2.500000e+00 5.298283e+01
    endloop
  endfacet
  facet normal -9.700313e-01 0.000000e+00 -2.429802e-01
    outer loop
      vertex   4.631586e+01 -2.500000e+00 5.298283e+01
      vertex   4.631586e+01 0.000000e+00 5.298283e+01
      vertex   4.697160e+01 0.000000e+00 5.036498e+01
    endloop
  endfacet
  facet normal -9.700313e-01 0.000000e+00 -2.429802e-01
    outer loop
      vertex   4.631586e+01 -2.500000e+00 5.298283e+01
      vertex   4.697160e+01 0.000000e+00 5.036498e+01
      vertex   4.697160e+01 -2.500000e+00 5.036498e+01
    endloop
  endfacet
  facet normal -9.891765e-01 0.000000e+00 -1.467305e-01
    outer loop
      vertex   4.697160e+01 -2.500000e+00 5.036498e+01
      vertex   4.697160e+01 0.000000e+00 5.036498e+01
      vertex   4.736758e+01 0.000000e+00 4.769547e+01
    endloop
  endfacet
  facet normal -9.891765e-01 0.000000e+00 -1.467305e-01
    outer loop
      vertex   4.697160e+01 -2.500000e+00 5.036498e+01
      vertex   4.736758e+01 0.000000e+00 4.769547e+01
      vertex   4.736758e+01 -2.500000e+00 4.769547e+01
    endloop
  endfacet
  facet normal -9.987955e-01 0.000000e+00 -4.906767e-02
    outer loop
      vertex   4.736758e+01 -2.500000e+00 4.769547e+01
      vertex   4.736758e+01 0.000000e+00 4.769547e+01
      vertex   4.750000e+01 -2.500000e+00 4.500000e+01
    endloop
  endfacet
  facet normal -9.987955e-01 2.789174e-16 -4.906767e-02
    outer loop
      vertex   4.750000e+01 -2.500000e+00 4.500000e+01
      vertex   4.736758e+01 0.000000e+00 4.769547e+01
      vertex   4.750000e+01 0.000000e+00 4.500000e+01
    endloop
  endfacet
  facet normal 7.105427e-16 1.009742e-30 -1.000000e+00
    outer loop
      vertex   -2.000000e+01 0.000000e+00 7.250000e+01
      vertex   2.000000e+01 0.000000e+00 7.250000e+01
      vertex   -2.000000e+01 -2.500000e+00 7.250000e+01
    endloop
  endfacet
  facet normal 7.105427e-16 0.000000e+00 -1.000000e+00
    outer loop
      vertex   -2.000000e+01 -2.500000e+00 7.250000e+01
      vertex   2.000000e+01 0.000000e+00 7.250000e+01
      vertex   2.000000e+01 -2.500000e+00 7.250000e+01
    endloop
  endfacet
  facet normal 9.987955e-01 0.000000e+00 -4.906767e-02
    outer loop
      vertex   -4.750000e+01 -2.500000e+00 4.500000e+01
      vertex   -4.750000e+01 0.000000e+00 4.500000e+01
      vertex   -4.736758e+01 -2.500000e+00 4.769547e+01
    endloop
  endfacet
  facet normal 9.987955e-01 0.000000e+00 -4.906767e-02
    outer loop
      vertex   -4.736758e+01 -2.500000e+00 4.769547e+01
      vertex   -4.750000e+01 0.000000e+00 4.500000e+01
      vertex   -4.736758e+01 0.000000e+00 4.769547e+01
    endloop
  endfacet
  facet normal 9.891765e-01 0.000000e+00 -1.467305e-01
    outer loop
      vertex   -4.736758e+01 -2.500000e+00 4.769547e+01
      vertex   -4.736758e+01 0.000000e+00 4.769547e+01
      vertex   -4.697160e+01 0.000000e+00 5.036498e+01
    endloop
  endfacet
  facet normal 9.891765e-01 0.000000e+00 -1.467305e-01
    outer loop
      vertex   -4.736758e+01 -2.500000e+00 4.769547e+01
      vertex   -4.697160e+01 0.000000e+00 5.036498e+01
      vertex   -4.697160e+01 -2.500000e+00 5.036498e+01
    endloop
  endfacet
  facet normal 9.700313e-01 0.000000e+00 -2.429802e-01
    outer loop
      vertex   -4.697160e+01 -2.500000e+00 5.036498e+01
      vertex   -4.697160e+01 0.000000e+00 5.036498e+01
      vertex   -4.631586e+01 0.000000e+00 5.298283e+01
    endloop
  endfacet
  facet normal 9.700313e-01 2.764530e-15 -2.429802e-01
    outer loop
      vertex   -4.697160e+01 -2.500000e+00 5.036498e+01
      vertex   -4.631586e+01 0.000000e+00 5.298283e+01
      vertex   -4.631586e+01 -2.500000e+00 5.298283e+01
    endloop
  endfacet
  facet normal 9.415441e-01 2.676029e-15 -3.368899e-01
    outer loop
      vertex   -4.631586e+01 -2.500000e+00 5.298283e+01
      vertex   -4.631586e+01 0.000000e+00 5.298283e+01
      vertex   -4.540669e+01 0.000000e+00 5.552379e+01
    endloop
  endfacet
  facet normal 9.415441e-01 0.000000e+00 -3.368899e-01
    outer loop
      vertex   -4.631586e+01 -2.500000e+00 5.298283e+01
      vertex   -4.540669e+01 0.000000e+00 5.552379e+01
      vertex   -4.540669e+01 -2.500000e+00 5.552379e+01
    endloop
  endfacet
  facet normal 9.039893e-01 0.000000e+00 -4.275551e-01
    outer loop
      vertex   -4.540669e+01 -2.500000e+00 5.552379e+01
      vertex   -4.540669e+01 0.000000e+00 5.552379e+01
      vertex   -4.425283e+01 0.000000e+00 5.796341e+01
    endloop
  endfacet
  facet normal 9.039893e-01 -2.567064e-15 -4.275551e-01
    outer loop
      vertex   -4.540669e+01 -2.500000e+00 5.552379e+01
      vertex   -4.425283e+01 0.000000e+00 5.796341e+01
      vertex   -4.425283e+01 -2.500000e+00 5.796341e+01
    endloop
  endfacet
  facet normal 8.577286e-01 -2.437811e-15 -5.141027e-01
    outer loop
      vertex   -4.425283e+01 -2.500000e+00 5.796341e+01
      vertex   -4.425283e+01 0.000000e+00 5.796341e+01
      vertex   -4.286541e+01 0.000000e+00 6.027818e+01
    endloop
  endfacet
  facet normal 8.577286e-01 0.000000e+00 -5.141027e-01
    outer loop
      vertex   -4.425283e+01 -2.500000e+00 5.796341e+01
      vertex   -4.286541e+01 0.000000e+00 6.027818e+01
      vertex   -4.286541e+01 -2.500000e+00 6.027818e+01
    endloop
  endfacet
  facet normal 8.032075e-01 0.000000e+00 -5.956993e-01
    outer loop
      vertex   -4.286541e+01 -2.500000e+00 6.027818e+01
      vertex   -4.286541e+01 0.000000e+00 6.027818e+01
      vertex   -4.125779e+01 0.000000e+00 6.244582e+01
    endloop
  endfacet
  facet normal 8.032075e-01 0.000000e+00 -5.956993e-01
    outer loop
      vertex   -4.286541e+01 -2.500000e+00 6.027818e+01
      vertex   -4.125779e+01 0.000000e+00 6.244582e+01
      vertex   -4.125779e+01 -2.500000e+00 6.244582e+01
    endloop
  endfacet
  facet normal 7.409511e-01 0.000000e+00 -6.715590e-01
    outer loop
      vertex   -4.125779e+01 -2.500000e+00 6.244582e+01
      vertex   -4.125779e+01 0.000000e+00 6.244582e+01
      vertex   -3.944544e+01 0.000000e+00 6.444544e+01
    endloop
  endfacet
  facet normal 7.409511e-01 0.000000e+00 -6.715590e-01
    outer loop
      vertex   -4.125779e+01 -2.500000e+00 6.244582e+01
      vertex   -3.944544e+01 0.000000e+00 6.444544e+01
      vertex   -3.944544e+01 -2.500000e+00 6.444544e+01
    endloop
  endfacet
  facet normal 6.715590e-01 0.000000e+00 -7.409511e-01
    outer loop
      vertex   -3.944544e+01 -2.500000e+00 6.444544e+01
      vertex   -3.944544e+01 0.000000e+00 6.444544e+01
      vertex   -3.744582e+01 0.000000e+00 6.625779e+01
    endloop
  endfacet
  facet normal 6.715590e-01 0.000000e+00 -7.409511e-01
    outer loop
      vertex   -3.944544e+01 -2.500000e+00 6.444544e+01
      vertex   -3.744582e+01 0.000000e+00 6.625779e+01
      vertex   -3.744582e+01 -2.500000e+00 6.625779e+01
    endloop
  endfacet
  facet normal 5.956993e-01 0.000000e+00 -8.032075e-01
    outer loop
      vertex   -3.744582e+01 -2.500000e+00 6.625779e+01
      vertex   -3.744582e+01 0.000000e+00 6.625779e+01
      vertex   -3.527818e+01 0.000000e+00 6.786541e+01
    endloop
  endfacet
  facet normal 5.956993e-01 0.000000e+00 -8.032075e-01
    outer loop
      vertex   -3.744582e+01 -2.500000e+00 6.625779e+01
      vertex   -3.527818e+01 0.000000e+00 6.786541e+01
      vertex   -3.527818e+01 -2.500000e+00 6.786541e+01
    endloop
  endfacet
  facet normal 5.141027e-01 0.000000e+00 -8.577286e-01
    outer loop
      vertex   -3.527818e+01 -2.500000e+00 6.786541e+01
      vertex   -3.527818e+01 0.000000e+00 6.786541e+01
      vertex   -3.296341e+01 0.000000e+00 6.925283e+01
    endloop
  endfacet
  facet normal 5.141027e-01 0.000000e+00 -8.577286e-01
    outer loop
      vertex   -3.527818e+01 -2.500000e+00 6.786541e+01
      vertex   -3.296341e+01 0.000000e+00 6.925283e+01
      vertex   -3.296341e+01 -2.500000e+00 6.925283e+01
    endloop
  endfacet
  facet normal 4.275551e-01 0.000000e+00 -9.039893e-01
    outer loop
      vertex   -3.296341e+01 -2.500000e+00 6.925283e+01
      vertex   -3.296341e+01 0.000000e+00 6.925283e+01
      vertex   -3.052379e+01 0.000000e+00 7.040669e+01
    endloop
  endfacet
  facet normal 4.275551e-01 0.000000e+00 -9.039893e-01
    outer loop
      vertex   -3.296341e+01 -2.500000e+00 6.925283e+01
      vertex   -3.052379e+01 0.000000e+00 7.040669e+01
      vertex   -3.052379e+01 -2.500000e+00 7.040669e+01
    endloop
  endfacet
  facet normal 3.368899e-01 0.000000e+00 -9.415441e-01
    outer loop
      vertex   -3.052379e+01 -2.500000e+00 7.040669e+01
      vertex   -3.052379e+01 0.000000e+00 7.040669e+01
      vertex   -2.798283e+01 0.000000e+00 7.131586e+01
    endloop
  endfacet
  facet normal 3.368899e-01 0.000000e+00 -9.415441e-01
    outer loop
      vertex   -3.052379e+01 -2.500000e+00 7.040669e+01
      vertex   -2.798283e+01 0.000000e+00 7.131586e+01
      vertex   -2.798283e+01 -2.500000e+00 7.131586e+01
    endloop
  endfacet
  facet normal 2.429802e-01 0.000000e+00 -9.700313e-01
    outer loop
      vertex   -2.798283e+01 -2.500000e+00 7.131586e+01
      vertex   -2.798283e+01 0.000000e+00 7.131586e+01
      vertex   -2.536498e+01 0.000000e+00 7.197160e+01
    endloop
  endfacet
  facet normal 2.429802e-01 0.000000e+00 -9.700313e-01
    outer loop
      vertex   -2.798283e+01 -2.500000e+00 7.131586e+01
      vertex   -2.536498e+01 0.000000e+00 7.197160e+01
      vertex   -2.536498e+01 -2.500000e+00 7.197160e+01
    endloop
  endfacet
  facet normal 1.467305e-01 0.000000e+00 -9.891765e-01
    outer loop
      vertex   -2.536498e+01 -2.500000e+00 7.197160e+01
      vertex   -2.536498e+01 0.000000e+00 7.197160e+01
      vertex   -2.269547e+01 0.000000e+00 7.236758e+01
    endloop
  endfacet
  facet normal 1.467305e-01 0.000000e+00 -9.891765e-01
    outer loop
      vertex   -2.536498e+01 -2.500000e+00 7.197160e+01
      vertex   -2.269547e+01 0.000000e+00 7.236758e+01
      vertex   -2.269547e+01 -2.500000e+00 7.236758e+01
    endloop
  endfacet
  facet normal 4.906767e-02 0.000000e+00 -9.987955e-01
    outer loop
      vertex   -2.269547e+01 -2.500000e+00 7.236758e+01
      vertex   -2.269547e+01 0.000000e+00 7.236758e+01
      vertex   -2.000000e+01 -2.500000e+00 7.250000e+01
    endloop
  endfacet
  facet normal 4.906767e-02 6.972936e-17 -9.987955e-01
    outer loop
      vertex   -2.000000e+01 -2.500000e+00 7.250000e+01
      vertex   -2.269547e+01 0.000000e+00 7.236758e+01
      vertex   -2.000000e+01 0.000000e+00 7.250000e+01
    endloop
  endfacet
  facet normal 1.000000e+00 0.000000e+00 0.000000e+00
    outer loop
      vertex   -4.750000e+01 0.000000e+00 4.500000e+01
      vertex   -4.750000e+01 -2.500000e+00 4.500000e+01
      vertex   -4.750000e+01 0.000000e+00 4.250000e+01
    endloop
  endfacet
  facet normal 1.000000e+00 0.000000e+00 0.000000e+00
    outer loop
      vertex   -4.750000e+01 0.000000e+00 4.250000e+01
      vertex   -4.750000e+01 -2.500000e+00 4.500000e+01
      vertex   -4.750000e+01 0.000000e+00 3.450000e+01
    endloop
  endfacet
  facet normal 1.000000e+00 1.446923e-15 3.445056e-16
    outer loop
      vertex   -4.750000e+01 0.000000e+00 3.450000e+01
      vertex   -4.750000e+01 -2.500000e+00 4.500000e+01
      vertex   -4.750000e+01 -2.500000e+00 -3.750000e+01
    endloop
  endfacet
  facet normal 1.000000e+00 -1.940995e-15 4.621416e-16
    outer loop
      vertex   -4.750000e+01 0.000000e+00 3.450000e+01
      vertex   -4.750000e+01 -2.500000e+00 -3.750000e+01
      vertex   -4.750000e+01 0.000000e+00 -2.700000e+01
    endloop
  endfacet
  facet normal 1.000000e+00 0.000000e+00 0.000000e+00
    outer loop
      vertex   -4.750000e+01 0.000000e+00 -2.700000e+01
      vertex   -4.750000e+01 -2.500000e+00 -3.750000e+01
      vertex   -4.750000e+01 0.000000e+00 -3.500000e+01
    endloop
  endfacet
  facet normal 1.000000e+00 0.000000e+00 0.000000e+00
    outer loop
      vertex   -4.750000e+01 0.000000e+00 -3.500000e+01
      vertex   -4.750000e+01 -2.500000e+00 -3.750000e+01
      vertex   -4.750000e+01 0.000000e+00 -3.750000e+01
    endloop
  endfacet
  facet normal 4.906767e-02 -0.000000e+00 9.987955e-01
    outer loop
      vertex   -2.000000e+01 -2.500000e+00 -6.500000e+01
      vertex   -2.000000e+01 0.000000e+00 -6.500000e+01
      vertex   -2.269547e+01 -2.500000e+00 -6.486758e+01
    endloop
  endfacet
  facet normal 4.906767e-02 -1.394587e-16 9.987955e-01
    outer loop
      vertex   -2.269547e+01 -2.500000e+00 -6.486758e+01
      vertex   -2.000000e+01 0.000000e+00 -6.500000e+01
      vertex   -2.269547e+01 0.000000e+00 -6.486758e+01
    endloop
  endfacet
  facet normal 1.467305e-01 -4.170331e-16 9.891765e-01
    outer loop
      vertex   -2.269547e+01 -2.500000e+00 -6.486758e+01
      vertex   -2.269547e+01 0.000000e+00 -6.486758e+01
      vertex   -2.536498e+01 0.000000e+00 -6.447160e+01
    endloop
  endfacet
  facet normal 1.467305e-01 0.000000e+00 9.891765e-01
    outer loop
      vertex   -2.269547e+01 -2.500000e+00 -6.486758e+01
      vertex   -2.536498e+01 0.000000e+00 -6.447160e+01
      vertex   -2.536498e+01 -2.500000e+00 -6.447160e+01
    endloop
  endfacet
  facet normal 2.429802e-01 -0.000000e+00 9.700313e-01
    outer loop
      vertex   -2.536498e+01 -2.500000e+00 -6.447160e+01
      vertex   -2.536498e+01 0.000000e+00 -6.447160e+01
      vertex   -2.798283e+01 0.000000e+00 -6.381586e+01
    endloop
  endfacet
  facet normal 2.429802e-01 0.000000e+00 9.700313e-01
    outer loop
      vertex   -2.536498e+01 -2.500000e+00 -6.447160e+01
      vertex   -2.798283e+01 0.000000e+00 -6.381586e+01
      vertex   -2.798283e+01 -2.500000e+00 -6.381586e+01
    endloop
  endfacet
  facet normal 3.368899e-01 -0.000000e+00 9.415441e-01
    outer loop
      vertex   -2.798283e+01 -2.500000e+00 -6.381586e+01
      vertex   -2.798283e+01 0.000000e+00 -6.381586e+01
      vertex   -3.052379e+01 0.000000e+00 -6.290669e+01
    endloop
  endfacet
  facet normal 3.368899e-01 -2.698708e-15 9.415441e-01
    outer loop
      vertex   -2.798283e+01 -2.500000e+00 -6.381586e+01
      vertex   -3.052379e+01 0.000000e+00 -6.290669e+01
      vertex   -3.052379e+01 -2.500000e+00 -6.290669e+01
    endloop
  endfacet
  facet normal 4.275551e-01 -2.569292e-15 9.039893e-01
    outer loop
      vertex   -3.052379e+01 -2.500000e+00 -6.290669e+01
      vertex   -3.052379e+01 0.000000e+00 -6.290669e+01
      vertex   -3.296341e+01 0.000000e+00 -6.175283e+01
    endloop
  endfacet
  facet normal 4.275551e-01 0.000000e+00 9.039893e-01
    outer loop
      vertex   -3.052379e+01 -2.500000e+00 -6.290669e+01
      vertex   -3.296341e+01 0.000000e+00 -6.175283e+01
      vertex   -3.296341e+01 -2.500000e+00 -6.175283e+01
    endloop
  endfacet
  facet normal 5.141027e-01 -0.000000e+00 8.577286e-01
    outer loop
      vertex   -3.296341e+01 -2.500000e+00 -6.175283e+01
      vertex   -3.296341e+01 0.000000e+00 -6.175283e+01
      vertex   -3.527818e+01 0.000000e+00 -6.036541e+01
    endloop
  endfacet
  facet normal 5.141027e-01 0.000000e+00 8.577286e-01
    outer loop
      vertex   -3.296341e+01 -2.500000e+00 -6.175283e+01
      vertex   -3.527818e+01 0.000000e+00 -6.036541e+01
      vertex   -3.527818e+01 -2.500000e+00 -6.036541e+01
    endloop
  endfacet
  facet normal 5.956993e-01 -0.000000e+00 8.032075e-01
    outer loop
      vertex   -3.527818e+01 -2.500000e+00 -6.036541e+01
      vertex   -3.527818e+01 0.000000e+00 -6.036541e+01
      vertex   -3.744582e+01 0.000000e+00 -5.875779e+01
    endloop
  endfacet
  facet normal 5.956993e-01 0.000000e+00 8.032075e-01
    outer loop
      vertex   -3.527818e+01 -2.500000e+00 -6.036541e+01
      vertex   -3.744582e+01 0.000000e+00 -5.875779e+01
      vertex   -3.744582e+01 -2.500000e+00 -5.875779e+01
    endloop
  endfacet
  facet normal 6.715590e-01 -0.000000e+00 7.409511e-01
    outer loop
      vertex   -3.744582e+01 -2.500000e+00 -5.875779e+01
      vertex   -3.744582e+01 0.000000e+00 -5.875779e+01
      vertex   -3.944544e+01 0.000000e+00 -5.694544e+01
    endloop
  endfacet
  facet normal 6.715590e-01 0.000000e+00 7.409511e-01
    outer loop
      vertex   -3.744582e+01 -2.500000e+00 -5.875779e+01
      vertex   -3.944544e+01 0.000000e+00 -5.694544e+01
      vertex   -3.944544e+01 -2.500000e+00 -5.694544e+01
    endloop
  endfacet
  facet normal 7.409511e-01 -0.000000e+00 6.715590e-01
    outer loop
      vertex   -3.944544e+01 -2.500000e+00 -5.694544e+01
      vertex   -3.944544e+01 0.000000e+00 -5.694544e+01
      vertex   -4.125779e+01 0.000000e+00 -5.494582e+01
    endloop
  endfacet
  facet normal 7.409511e-01 0.000000e+00 6.715590e-01
    outer loop
      vertex   -3.944544e+01 -2.500000e+00 -5.694544e+01
      vertex   -4.125779e+01 0.000000e+00 -5.494582e+01
      vertex   -4.125779e+01 -2.500000e+00 -5.494582e+01
    endloop
  endfacet
  facet normal 8.032075e-01 -0.000000e+00 5.956993e-01
    outer loop
      vertex   -4.125779e+01 -2.500000e+00 -5.494582e+01
      vertex   -4.125779e+01 0.000000e+00 -5.494582e+01
      vertex   -4.286541e+01 0.000000e+00 -5.277818e+01
    endloop
  endfacet
  facet normal 8.032075e-01 0.000000e+00 5.956993e-01
    outer loop
      vertex   -4.125779e+01 -2.500000e+00 -5.494582e+01
      vertex   -4.286541e+01 0.000000e+00 -5.277818e+01
      vertex   -4.286541e+01 -2.500000e+00 -5.277818e+01
    endloop
  endfacet
  facet normal 8.577286e-01 -0.000000e+00 5.141027e-01
    outer loop
      vertex   -4.286541e+01 -2.500000e+00 -5.277818e+01
      vertex   -4.286541e+01 0.000000e+00 -5.277818e+01
      vertex   -4.425283e+01 0.000000e+00 -5.046341e+01
    endloop
  endfacet
  facet normal 8.577286e-01 0.000000e+00 5.141027e-01
    outer loop
      vertex   -4.286541e+01 -2.500000e+00 -5.277818e+01
      vertex   -4.425283e+01 0.000000e+00 -5.046341e+01
      vertex   -4.425283e+01 -2.500000e+00 -5.046341e+01
    endloop
  endfacet
  facet normal 9.039893e-01 -0.000000e+00 4.275551e-01
    outer loop
      vertex   -4.425283e+01 -2.500000e+00 -5.046341e+01
      vertex   -4.425283e+01 0.000000e+00 -5.046341e+01
      vertex   -4.540669e+01 0.000000e+00 -4.802379e+01
    endloop
  endfacet
  facet normal 9.039893e-01 0.000000e+00 4.275551e-01
    outer loop
      vertex   -4.425283e+01 -2.500000e+00 -5.046341e+01
      vertex   -4.540669e+01 0.000000e+00 -4.802379e+01
      vertex   -4.540669e+01 -2.500000e+00 -4.802379e+01
    endloop
  endfacet
  facet normal 9.415441e-01 -0.000000e+00 3.368899e-01
    outer loop
      vertex   -4.540669e+01 -2.500000e+00 -4.802379e+01
      vertex   -4.540669e+01 0.000000e+00 -4.802379e+01
      vertex   -4.631586e+01 0.000000e+00 -4.548283e+01
    endloop
  endfacet
  facet normal 9.415441e-01 0.000000e+00 3.368899e-01
    outer loop
      vertex   -4.540669e+01 -2.500000e+00 -4.802379e+01
      vertex   -4.631586e+01 0.000000e+00 -4.548283e+01
      vertex   -4.631586e+01 -2.500000e+00 -4.548283e+01
    endloop
  endfacet
  facet normal 9.700313e-01 -0.000000e+00 2.429802e-01
    outer loop
      vertex   -4.631586e+01 -2.500000e+00 -4.548283e+01
      vertex   -4.631586e+01 0.000000e+00 -4.548283e+01
      vertex   -4.697160e+01 0.000000e+00 -4.286498e+01
    endloop
  endfacet
  facet normal 9.700313e-01 0.000000e+00 2.429802e-01
    outer loop
      vertex   -4.631586e+01 -2.500000e+00 -4.548283e+01
      vertex   -4.697160e+01 0.000000e+00 -4.286498e+01
      vertex   -4.697160e+01 -2.500000e+00 -4.286498e+01
    endloop
  endfacet
  facet normal 9.891765e-01 -0.000000e+00 1.467305e-01
    outer loop
      vertex   -4.697160e+01 -2.500000e+00 -4.286498e+01
      vertex   -4.697160e+01 0.000000e+00 -4.286498e+01
      vertex   -4.736758e+01 0.000000e+00 -4.019547e+01
    endloop
  endfacet
  facet normal 9.891765e-01 0.000000e+00 1.467305e-01
    outer loop
      vertex   -4.697160e+01 -2.500000e+00 -4.286498e+01
      vertex   -4.736758e+01 0.000000e+00 -4.019547e+01
      vertex   -4.736758e+01 -2.500000e+00 -4.019547e+01
    endloop
  endfacet
  facet normal 9.987955e-01 -0.000000e+00 4.906767e-02
    outer loop
      vertex   -4.736758e+01 -2.500000e+00 -4.019547e+01
      vertex   -4.736758e+01 0.000000e+00 -4.019547e+01
      vertex   -4.750000e+01 -2.500000e+00 -3.750000e+01
    endloop
  endfacet
  facet normal 9.987955e-01 -0.000000e+00 4.906767e-02
    outer loop
      vertex   -4.750000e+01 -2.500000e+00 -3.750000e+01
      vertex   -4.736758e+01 0.000000e+00 -4.019547e+01
      vertex   -4.750000e+01 0.000000e+00 -3.750000e+01
    endloop
  endfacet
  facet normal -1.000000e+00 -2.883737e-06 -3.832755e-08
    outer loop
      vertex   -7.500000e+01 -1.388229e+00 -7.744889e+01
      vertex   -7.500000e+01 -2.500000e+00 6.200000e+00
      vertex   -7.500000e+01 -1.000000e+00 -7.750000e+01
    endloop
  endfacet
  facet normal -1.000000e+00 -2.877970e-07 8.194674e-09
    outer loop
      vertex   -7.500000e+01 -1.000000e+00 -7.750000e+01
      vertex   -7.500000e+01 -2.500000e+00 6.200000e+00
      vertex   -7.500000e+01 0.000000e+00 9.400000e+01
    endloop
  endfacet
  facet normal -1.000000e+00 0.000000e+00 6.516558e-09
    outer loop
      vertex   -7.500000e+01 -1.000000e+00 -7.750000e+01
      vertex   -7.500000e+01 0.000000e+00 9.400000e+01
      vertex   -7.500000e+01 0.000000e+00 -7.750000e+01
    endloop
  endfacet
  facet normal -1.000000e+00 -2.162001e-15 -5.219532e-15
    outer loop
      vertex   -7.500000e+01 -1.750000e+00 -7.729904e+01
      vertex   -7.500000e+01 -2.500000e+00 -6.200000e+00
      vertex   -7.500000e+01 -1.388229e+00 -7.744889e+01
    endloop
  endfacet
  facet normal -1.000000e+00 1.046576e-13 -3.552714e-15
    outer loop
      vertex   -7.500000e+01 -1.388229e+00 -7.744889e+01
      vertex   -7.500000e+01 -2.500000e+00 -6.200000e+00
      vertex   -7.500000e+01 -2.500000e+00 -2.200000e+00
    endloop
  endfacet
  facet normal -1.000000e+00 3.451187e-13 0.000000e+00
    outer loop
      vertex   -7.500000e+01 -1.388229e+00 -7.744889e+01
      vertex   -7.500000e+01 -2.500000e+00 -2.200000e+00
      vertex   -7.500000e+01 -2.500000e+00 2.200000e+00
    endloop
  endfacet
  facet normal -1.000000e+00 -4.020128e-15 -5.239133e-15
    outer loop
      vertex   -7.500000e+01 -1.750000e+00 -7.729904e+01
      vertex   -7.500000e+01 -2.060660e+00 -7.706066e+01
      vertex   -7.500000e+01 -2.500000e+00 -6.200000e+00
    endloop
  endfacet
  facet normal -1.000000e+00 -6.850642e-15 -5.256682e-15
    outer loop
      vertex   -7.500000e+01 -2.500000e+00 -6.200000e+00
      vertex   -7.500000e+01 -2.060660e+00 -7.706066e+01
      vertex   -7.500000e+01 -2.299038e+00 -7.675000e+01
    endloop
  endfacet
  facet normal -1.000000e+00 -1.273119e-14 -5.273433e-15
    outer loop
      vertex   -7.500000e+01 -2.500000e+00 -6.200000e+00
      vertex   -7.500000e+01 -2.299038e+00 -7.675000e+01
      vertex   -7.500000e+01 -2.448889e+00 -7.638823e+01
    endloop
  endfacet
  facet normal -1.000000e+00 7.228979e-12 0.000000e+00
    outer loop
      vertex   -7.500000e+01 -2.448889e+00 -7.638823e+01
      vertex   -7.500000e+01 -2.500000e+00 -7.600000e+01
      vertex   -7.500000e+01 -2.500000e+00 -6.200000e+00
    endloop
  endfacet
  facet normal -1.000000e+00 3.451187e-13 0.000000e+00
    outer loop
      vertex   -7.500000e+01 -2.500000e+00 2.200000e+00
      vertex   -7.500000e+01 -2.500000e+00 6.200000e+00
      vertex   -7.500000e+01 -1.388229e+00 -7.744889e+01
    endloop
  endfacet
  facet normal -1.000000e+00 0.000000e+00 0.000000e+00
    outer loop
      vertex   -7.500000e+01 -2.500000e+00 6.200000e+00
      vertex   -7.500000e+01 -2.500000e+00 9.400000e+01
      vertex   -7.500000e+01 0.000000e+00 9.400000e+01
    endloop
  endfacet
  facet normal -9.801714e-02 0.000000e+00 9.951847e-01
    outer loop
      vertex   -6.900000e+01 -2.500000e+00 1.000000e+02
      vertex   -6.900000e+01 0.000000e+00 1.000000e+02
      vertex   -7.017054e+01 -2.500000e+00 9.988471e+01
    endloop
  endfacet
  facet normal -9.801714e-02 0.000000e+00 9.951847e-01
    outer loop
      vertex   -7.017054e+01 -2.500000e+00 9.988471e+01
      vertex   -6.900000e+01 0.000000e+00 1.000000e+02
      vertex   -7.017054e+01 0.000000e+00 9.988471e+01
    endloop
  endfacet
  facet normal -2.902847e-01 0.000000e+00 9.569403e-01
    outer loop
      vertex   -7.017054e+01 -2.500000e+00 9.988471e+01
      vertex   -7.017054e+01 0.000000e+00 9.988471e+01
      vertex   -7.129610e+01 0.000000e+00 9.954328e+01
    endloop
  endfacet
  facet normal -2.902847e-01 0.000000e+00 9.569403e-01
    outer loop
      vertex   -7.017054e+01 -2.500000e+00 9.988471e+01
      vertex   -7.129610e+01 0.000000e+00 9.954328e+01
      vertex   -7.129610e+01 -2.500000e+00 9.954328e+01
    endloop
  endfacet
  facet normal -4.713967e-01 0.000000e+00 8.819213e-01
    outer loop
      vertex   -7.129610e+01 -2.500000e+00 9.954328e+01
      vertex   -7.129610e+01 0.000000e+00 9.954328e+01
      vertex   -7.233342e+01 0.000000e+00 9.898882e+01
    endloop
  endfacet
  facet normal -4.713967e-01 0.000000e+00 8.819213e-01
    outer loop
      vertex   -7.129610e+01 -2.500000e+00 9.954328e+01
      vertex   -7.233342e+01 0.000000e+00 9.898882e+01
      vertex   -7.233342e+01 -2.500000e+00 9.898882e+01
    endloop
  endfacet
  facet normal -6.343933e-01 0.000000e+00 7.730105e-01
    outer loop
      vertex   -7.233342e+01 -2.500000e+00 9.898882e+01
      vertex   -7.233342e+01 0.000000e+00 9.898882e+01
      vertex   -7.324264e+01 0.000000e+00 9.824264e+01
    endloop
  endfacet
  facet normal -6.343933e-01 0.000000e+00 7.730105e-01
    outer loop
      vertex   -7.233342e+01 -2.500000e+00 9.898882e+01
      vertex   -7.324264e+01 0.000000e+00 9.824264e+01
      vertex   -7.324264e+01 -2.500000e+00 9.824264e+01
    endloop
  endfacet
  facet normal -7.730105e-01 0.000000e+00 6.343933e-01
    outer loop
      vertex   -7.324264e+01 -2.500000e+00 9.824264e+01
      vertex   -7.324264e+01 0.000000e+00 9.824264e+01
      vertex   -7.398882e+01 0.000000e+00 9.733342e+01
    endloop
  endfacet
  facet normal -7.730105e-01 0.000000e+00 6.343933e-01
    outer loop
      vertex   -7.324264e+01 -2.500000e+00 9.824264e+01
      vertex   -7.398882e+01 0.000000e+00 9.733342e+01
      vertex   -7.398882e+01 -2.500000e+00 9.733342e+01
    endloop
  endfacet
  facet normal -8.819213e-01 0.000000e+00 4.713967e-01
    outer loop
      vertex   -7.398882e+01 -2.500000e+00 9.733342e+01
      vertex   -7.398882e+01 0.000000e+00 9.733342e+01
      vertex   -7.454328e+01 0.000000e+00 9.629610e+01
    endloop
  endfacet
  facet normal -8.819213e-01 0.000000e+00 4.713967e-01
    outer loop
      vertex   -7.398882e+01 -2.500000e+00 9.733342e+01
      vertex   -7.454328e+01 0.000000e+00 9.629610e+01
      vertex   -7.454328e+01 -2.500000e+00 9.629610e+01
    endloop
  endfacet
  facet normal -9.569403e-01 0.000000e+00 2.902847e-01
    outer loop
      vertex   -7.454328e+01 -2.500000e+00 9.629610e+01
      vertex   -7.454328e+01 0.000000e+00 9.629610e+01
      vertex   -7.488471e+01 0.000000e+00 9.517054e+01
    endloop
  endfacet
  facet normal -9.569403e-01 0.000000e+00 2.902847e-01
    outer loop
      vertex   -7.454328e+01 -2.500000e+00 9.629610e+01
      vertex   -7.488471e+01 0.000000e+00 9.517054e+01
      vertex   -7.488471e+01 -2.500000e+00 9.517054e+01
    endloop
  endfacet
  facet normal -9.951847e-01 0.000000e+00 9.801714e-02
    outer loop
      vertex   -7.488471e+01 -2.500000e+00 9.517054e+01
      vertex   -7.488471e+01 0.000000e+00 9.517054e+01
      vertex   -7.500000e+01 -2.500000e+00 9.400000e+01
    endloop
  endfacet
  facet normal -9.951847e-01 0.000000e+00 9.801714e-02
    outer loop
      vertex   -7.500000e+01 -2.500000e+00 9.400000e+01
      vertex   -7.488471e+01 0.000000e+00 9.517054e+01
      vertex   -7.500000e+01 0.000000e+00 9.400000e+01
    endloop
  endfacet
  facet normal -3.089316e-16 0.000000e+00 1.000000e+00
    outer loop
      vertex   6.900000e+01 0.000000e+00 1.000000e+02
      vertex   -6.900000e+01 0.000000e+00 1.000000e+02
      vertex   6.900000e+01 -2.500000e+00 1.000000e+02
    endloop
  endfacet
  facet normal -3.089316e-16 0.000000e+00 1.000000e+00
    outer loop
      vertex   6.900000e+01 -2.500000e+00 1.000000e+02
      vertex   -6.900000e+01 0.000000e+00 1.000000e+02
      vertex   -6.900000e+01 -2.500000e+00 1.000000e+02
    endloop
  endfacet
  facet normal 9.951847e-01 -0.000000e+00 9.801714e-02
    outer loop
      vertex   7.500000e+01 -2.500000e+00 9.400000e+01
      vertex   7.500000e+01 0.000000e+00 9.400000e+01
      vertex   7.488471e+01 -2.500000e+00 9.517054e+01
    endloop
  endfacet
  facet normal 9.951847e-01 -0.000000e+00 9.801714e-02
    outer loop
      vertex   7.488471e+01 -2.500000e+00 9.517054e+01
      vertex   7.500000e+01 0.000000e+00 9.400000e+01
      vertex   7.488471e+01 0.000000e+00 9.517054e+01
    endloop
  endfacet
  facet normal 9.569403e-01 -0.000000e+00 2.902847e-01
    outer loop
      vertex   7.488471e+01 -2.500000e+00 9.517054e+01
      vertex   7.488471e+01 0.000000e+00 9.517054e+01
      vertex   7.454328e+01 0.000000e+00 9.629610e+01
    endloop
  endfacet
  facet normal 9.569403e-01 0.000000e+00 2.902847e-01
    outer loop
      vertex   7.488471e+01 -2.500000e+00 9.517054e+01
      vertex   7.454328e+01 0.000000e+00 9.629610e+01
      vertex   7.454328e+01 -2.500000e+00 9.629610e+01
    endloop
  endfacet
  facet normal 8.819213e-01 -0.000000e+00 4.713967e-01
    outer loop
      vertex   7.454328e+01 -2.500000e+00 9.629610e+01
      vertex   7.454328e+01 0.000000e+00 9.629610e+01
      vertex   7.398882e+01 0.000000e+00 9.733342e+01
    endloop
  endfacet
  facet normal 8.819213e-01 0.000000e+00 4.713967e-01
    outer loop
      vertex   7.454328e+01 -2.500000e+00 9.629610e+01
      vertex   7.398882e+01 0.000000e+00 9.733342e+01
      vertex   7.398882e+01 -2.500000e+00 9.733342e+01
    endloop
  endfacet
  facet normal 7.730105e-01 -0.000000e+00 6.343933e-01
    outer loop
      vertex   7.398882e+01 -2.500000e+00 9.733342e+01
      vertex   7.398882e+01 0.000000e+00 9.733342e+01
      vertex   7.324264e+01 0.000000e+00 9.824264e+01
    endloop
  endfacet
  facet normal 7.730105e-01 0.000000e+00 6.343933e-01
    outer loop
      vertex   7.398882e+01 -2.500000e+00 9.733342e+01
      vertex   7.324264e+01 0.000000e+00 9.824264e+01
      vertex   7.324264e+01 -2.500000e+00 9.824264e+01
    endloop
  endfacet
  facet normal 6.343933e-01 -0.000000e+00 7.730105e-01
    outer loop
      vertex   7.324264e+01 -2.500000e+00 9.824264e+01
      vertex   7.324264e+01 0.000000e+00 9.824264e+01
      vertex   7.233342e+01 0.000000e+00 9.898882e+01
    endloop
  endfacet
  facet normal 6.343933e-01 0.000000e+00 7.730105e-01
    outer loop
      vertex   7.324264e+01 -2.500000e+00 9.824264e+01
      vertex   7.233342e+01 0.000000e+00 9.898882e+01
      vertex   7.233342e+01 -2.500000e+00 9.898882e+01
    endloop
  endfacet
  facet normal 4.713967e-01 -0.000000e+00 8.819213e-01
    outer loop
      vertex   7.233342e+01 -2.500000e+00 9.898882e+01
      vertex   7.233342e+01 0.000000e+00 9.898882e+01
      vertex   7.129610e+01 0.000000e+00 9.954328e+01
    endloop
  endfacet
  facet normal 4.713967e-01 0.000000e+00 8.819213e-01
    outer loop
      vertex   7.233342e+01 -2.500000e+00 9.898882e+01
      vertex   7.129610e+01 0.000000e+00 9.954328e+01
      vertex   7.129610e+01 -2.500000e+00 9.954328e+01
    endloop
  endfacet
  facet normal 2.902847e-01 -0.000000e+00 9.569403e-01
    outer loop
      vertex   7.129610e+01 -2.500000e+00 9.954328e+01
      vertex   7.129610e+01 0.000000e+00 9.954328e+01
      vertex   7.017054e+01 0.000000e+00 9.988471e+01
    endloop
  endfacet
  facet normal 2.902847e-01 0.000000e+00 9.569403e-01
    outer loop
      vertex   7.129610e+01 -2.500000e+00 9.954328e+01
      vertex   7.017054e+01 0.000000e+00 9.988471e+01
      vertex   7.017054e+01 -2.500000e+00 9.988471e+01
    endloop
  endfacet
  facet normal 9.801714e-02 -0.000000e+00 9.951847e-01
    outer loop
      vertex   7.017054e+01 -2.500000e+00 9.988471e+01
      vertex   7.017054e+01 0.000000e+00 9.988471e+01
      vertex   6.900000e+01 -2.500000e+00 1.000000e+02
    endloop
  endfacet
  facet normal 9.801714e-02 -0.000000e+00 9.951847e-01
    outer loop
      vertex   6.900000e+01 -2.500000e+00 1.000000e+02
      vertex   7.017054e+01 0.000000e+00 9.988471e+01
      vertex   6.900000e+01 0.000000e+00 1.000000e+02
    endloop
  endfacet
  facet normal 2.178998e-15 0.000000e+00 -1.000000e+00
    outer loop
      vertex   7.500000e+01 -1.000000e+00 -7.750000e+01
      vertex   -7.500000e+01 -1.000000e+00 -7.750000e+01
      vertex   7.500000e+01 0.000000e+00 -7.750000e+01
    endloop
  endfacet
  facet normal 2.178998e-15 0.000000e+00 -1.000000e+00
    outer loop
      vertex   7.500000e+01 0.000000e+00 -7.750000e+01
      vertex   -7.500000e+01 -1.000000e+00 -7.750000e+01
      vertex   -7.500000e+01 0.000000e+00 -7.750000e+01
    endloop
  endfacet
  facet normal 0.000000e+00 1.000000e+00 0.000000e+00
    outer loop
      vertex   4.750000e+01 0.000000e+00 -2.700000e+01
      vertex   5.750000e+01 0.000000e+00 3.450000e+01
      vertex   5.750000e+01 0.000000e+00 -2.700000e+01
    endloop
  endfacet
  facet normal -0.000000e+00 1.000000e+00 0.000000e+00
    outer loop
      vertex   5.750000e+01 0.000000e+00 -2.700000e+01
      vertex   5.750000e+01 0.000000e+00 3.450000e+01
      vertex   7.500000e+01 0.000000e+00 -7.750000e+01
    endloop
  endfacet
  facet normal 0.000000e+00 1.000000e+00 0.000000e+00
    outer loop
      vertex   5.750000e+01 0.000000e+00 -2.700000e+01
      vertex   7.500000e+01 0.000000e+00 -7.750000e+01
      vertex   5.750000e+01 0.000000e+00 -3.500000e+01
    endloop
  endfacet
  facet normal 0.000000e+00 1.000000e+00 0.000000e+00
    outer loop
      vertex   5.750000e+01 0.000000e+00 -3.500000e+01
      vertex   7.500000e+01 0.000000e+00 -7.750000e+01
      vertex   4.540669e+01 0.000000e+00 -4.802379e+01
    endloop
  endfacet
  facet normal 0.000000e+00 1.000000e+00 0.000000e+00
    outer loop
      vertex   5.750000e+01 0.000000e+00 -3.500000e+01
      vertex   4.540669e+01 0.000000e+00 -4.802379e+01
      vertex   4.631586e+01 0.000000e+00 -4.548283e+01
    endloop
  endfacet
  facet normal 0.000000e+00 1.000000e+00 0.000000e+00
    outer loop
      vertex   4.750000e+01 0.000000e+00 -2.700000e+01
      vertex   4.750000e+01 0.000000e+00 3.450000e+01
      vertex   5.750000e+01 0.000000e+00 3.450000e+01
    endloop
  endfacet
  facet normal 0.000000e+00 1.000000e+00 0.000000e+00
    outer loop
      vertex   7.500000e+01 0.000000e+00 -7.750000e+01
      vertex   5.750000e+01 0.000000e+00 3.450000e+01
      vertex   7.500000e+01 0.000000e+00 9.400000e+01
    endloop
  endfacet
  facet normal 0.000000e+00 1.000000e+00 0.000000e+00
    outer loop
      vertex   7.500000e+01 0.000000e+00 9.400000e+01
      vertex   5.750000e+01 0.000000e+00 3.450000e+01
      vertex   5.750000e+01 0.000000e+00 4.250000e+01
    endloop
  endfacet
  facet normal 0.000000e+00 1.000000e+00 0.000000e+00
    outer loop
      vertex   7.500000e+01 0.000000e+00 9.400000e+01
      vertex   5.750000e+01 0.000000e+00 4.250000e+01
      vertex   4.540669e+01 0.000000e+00 5.552379e+01
    endloop
  endfacet
  facet normal 0.000000e+00 1.000000e+00 0.000000e+00
    outer loop
      vertex   4.540669e+01 0.000000e+00 5.552379e+01
      vertex   5.750000e+01 0.000000e+00 4.250000e+01
      vertex   4.631586e+01 0.000000e+00 5.298283e+01
    endloop
  endfacet
  facet normal 0.000000e+00 1.000000e+00 0.000000e+00
    outer loop
      vertex   4.631586e+01 0.000000e+00 5.298283e+01
      vertex   5.750000e+01 0.000000e+00 4.250000e+01
      vertex   4.697160e+01 0.000000e+00 5.036498e+01
    endloop
  endfacet
  facet normal 0.000000e+00 1.000000e+00 0.000000e+00
    outer loop
      vertex   4.697160e+01 0.000000e+00 5.036498e+01
      vertex   5.750000e+01 0.000000e+00 4.250000e+01
      vertex   4.736758e+01 0.000000e+00 4.769547e+01
    endloop
  endfacet
  facet normal 0.000000e+00 1.000000e+00 0.000000e+00
    outer loop
      vertex   4.736758e+01 0.000000e+00 4.769547e+01
      vertex   5.750000e+01 0.000000e+00 4.250000e+01
      vertex   4.750000e+01 0.000000e+00 4.500000e+01
    endloop
  endfacet
  facet normal 0.000000e+00 1.000000e+00 0.000000e+00
    outer loop
      vertex   4.750000e+01 0.000000e+00 4.500000e+01
      vertex   5.750000e+01 0.000000e+00 4.250000e+01
      vertex   4.750000e+01 0.000000e+00 4.250000e+01
    endloop
  endfacet
  facet normal 0.000000e+00 1.000000e+00 -0.000000e+00
    outer loop
      vertex   4.540669e+01 0.000000e+00 5.552379e+01
      vertex   4.425283e+01 0.000000e+00 5.796341e+01
      vertex   7.500000e+01 0.000000e+00 9.400000e+01
    endloop
  endfacet
  facet normal 0.000000e+00 1.000000e+00 0.000000e+00
    outer loop
      vertex   7.500000e+01 0.000000e+00 9.400000e+01
      vertex   4.425283e+01 0.000000e+00 5.796341e+01
      vertex   4.286541e+01 0.000000e+00 6.027818e+01
    endloop
  endfacet
  facet normal 0.000000e+00 1.000000e+00 0.000000e+00
    outer loop
      vertex   7.500000e+01 0.000000e+00 9.400000e+01
      vertex   4.286541e+01 0.000000e+00 6.027818e+01
      vertex   6.900000e+01 0.000000e+00 1.000000e+02
    endloop
  endfacet
  facet normal 0.000000e+00 1.000000e+00 0.000000e+00
    outer loop
      vertex   6.900000e+01 0.000000e+00 1.000000e+02
      vertex   4.286541e+01 0.000000e+00 6.027818e+01
      vertex   4.125779e+01 0.000000e+00 6.244582e+01
    endloop
  endfacet
  facet normal 0.000000e+00 1.000000e+00 0.000000e+00
    outer loop
      vertex   6.900000e+01 0.000000e+00 1.000000e+02
      vertex   4.125779e+01 0.000000e+00 6.244582e+01
      vertex   3.944544e+01 0.000000e+00 6.444544e+01
    endloop
  endfacet
  facet normal 0.000000e+00 1.000000e+00 -0.000000e+00
    outer loop
      vertex   3.944544e+01 0.000000e+00 6.444544e+01
      vertex   3.744582e+01 0.000000e+00 6.625779e+01
      vertex   6.900000e+01 0.000000e+00 1.000000e+02
    endloop
  endfacet
  facet normal 0.000000e+00 1.000000e+00 0.000000e+00
    outer loop
      vertex   6.900000e+01 0.000000e+00 1.000000e+02
      vertex   3.744582e+01 0.000000e+00 6.625779e+01
      vertex   3.527818e+01 0.000000e+00 6.786541e+01
    endloop
  endfacet
  facet normal 0.000000e+00 1.000000e+00 0.000000e+00
    outer loop
      vertex   6.900000e+01 0.000000e+00 1.000000e+02
      vertex   3.527818e+01 0.000000e+00 6.786541e+01
      vertex   3.296341e+01 0.000000e+00 6.925283e+01
    endloop
  endfacet
  facet normal 0.000000e+00 1.000000e+00 -0.000000e+00
    outer loop
      vertex   3.296341e+01 0.000000e+00 6.925283e+01
      vertex   3.052379e+01 0.000000e+00 7.040669e+01
      vertex   6.900000e+01 0.000000e+00 1.000000e+02
    endloop
  endfacet
  facet normal 0.000000e+00 1.000000e+00 0.000000e+00
    outer loop
      vertex   6.900000e+01 0.000000e+00 1.000000e+02
      vertex   3.052379e+01 0.000000e+00 7.040669e+01
      vertex   2.798283e+01 0.000000e+00 7.131586e+01
    endloop
  endfacet
  facet normal 0.000000e+00 1.000000e+00 0.000000e+00
    outer loop
      vertex   6.900000e+01 0.000000e+00 1.000000e+02
      vertex   2.798283e+01 0.000000e+00 7.131586e+01
      vertex   2.536498e+01 0.000000e+00 7.197160e+01
    endloop
  endfacet
  facet normal 0.000000e+00 1.000000e+00 -0.000000e+00
    outer loop
      vertex   2.536498e+01 0.000000e+00 7.197160e+01
      vertex   2.269547e+01 0.000000e+00 7.236758e+01
      vertex   6.900000e+01 0.000000e+00 1.000000e+02
    endloop
  endfacet
  facet normal 0.000000e+00 1.000000e+00 0.000000e+00
    outer loop
      vertex   6.900000e+01 0.000000e+00 1.000000e+02
      vertex   2.269547e+01 0.000000e+00 7.236758e+01
      vertex   2.000000e+01 0.000000e+00 7.250000e+01
    endloop
  endfacet
  facet normal 0.000000e+00 1.000000e+00 0.000000e+00
    outer loop
      vertex   6.900000e+01 0.000000e+00 1.000000e+02
      vertex   2.000000e+01 0.000000e+00 7.250000e+01
      vertex   -2.000000e+01 0.000000e+00 7.250000e+01
    endloop
  endfacet
  facet normal 0.000000e+00 1.000000e+00 0.000000e+00
    outer loop
      vertex   6.900000e+01 0.000000e+00 1.000000e+02
      vertex   -2.000000e+01 0.000000e+00 7.250000e+01
      vertex   -6.900000e+01 0.000000e+00 1.000000e+02
    endloop
  endfacet
  facet normal 0.000000e+00 1.000000e+00 0.000000e+00
    outer loop
      vertex   -6.900000e+01 0.000000e+00 1.000000e+02
      vertex   -2.000000e+01 0.000000e+00 7.250000e+01
      vertex   -2.269547e+01 0.000000e+00 7.236758e+01
    endloop
  endfacet
  facet normal 0.000000e+00 1.000000e+00 0.000000e+00
    outer loop
      vertex   -6.900000e+01 0.000000e+00 1.000000e+02
      vertex   -2.269547e+01 0.000000e+00 7.236758e+01
      vertex   -2.536498e+01 0.000000e+00 7.197160e+01
    endloop
  endfacet
  facet normal 0.000000e+00 1.000000e+00 0.000000e+00
    outer loop
      vertex   -2.536498e+01 0.000000e+00 7.197160e+01
      vertex   -2.798283e+01 0.000000e+00 7.131586e+01
      vertex   -6.900000e+01 0.000000e+00 1.000000e+02
    endloop
  endfacet
  facet normal 0.000000e+00 1.000000e+00 0.000000e+00
    outer loop
      vertex   -6.900000e+01 0.000000e+00 1.000000e+02
      vertex   -2.798283e+01 0.000000e+00 7.131586e+01
      vertex   -3.052379e+01 0.000000e+00 7.040669e+01
    endloop
  endfacet
  facet normal 0.000000e+00 1.000000e+00 0.000000e+00
    outer loop
      vertex   -6.900000e+01 0.000000e+00 1.000000e+02
      vertex   -3.052379e+01 0.000000e+00 7.040669e+01
      vertex   -3.296341e+01 0.000000e+00 6.925283e+01
    endloop
  endfacet
  facet normal 0.000000e+00 1.000000e+00 0.000000e+00
    outer loop
      vertex   -3.296341e+01 0.000000e+00 6.925283e+01
      vertex   -3.527818e+01 0.000000e+00 6.786541e+01
      vertex   -6.900000e+01 0.000000e+00 1.000000e+02
    endloop
  endfacet
  facet normal 0.000000e+00 1.000000e+00 0.000000e+00
    outer loop
      vertex   -6.900000e+01 0.000000e+00 1.000000e+02
      vertex   -3.527818e+01 0.000000e+00 6.786541e+01
      vertex   -3.744582e+01 0.000000e+00 6.625779e+01
    endloop
  endfacet
  facet normal 0.000000e+00 1.000000e+00 0.000000e+00
    outer loop
      vertex   -6.900000e+01 0.000000e+00 1.000000e+02
      vertex   -3.744582e+01 0.000000e+00 6.625779e+01
      vertex   -3.944544e+01 0.000000e+00 6.444544e+01
    endloop
  endfacet
  facet normal 0.000000e+00 1.000000e+00 0.000000e+00
    outer loop
      vertex   -3.944544e+01 0.000000e+00 6.444544e+01
      vertex   -4.125779e+01 0.000000e+00 6.244582e+01
      vertex   -6.900000e+01 0.000000e+00 1.000000e+02
    endloop
  endfacet
  facet normal 0.000000e+00 1.000000e+00 0.000000e+00
    outer loop
      vertex   -6.900000e+01 0.000000e+00 1.000000e+02
      vertex   -4.125779e+01 0.000000e+00 6.244582e+01
      vertex   -4.286541e+01 0.000000e+00 6.027818e+01
    endloop
  endfacet
  facet normal 0.000000e+00 1.000000e+00 0.000000e+00
    outer loop
      vertex   -6.900000e+01 0.000000e+00 1.000000e+02
      vertex   -4.286541e+01 0.000000e+00 6.027818e+01
      vertex   -7.500000e+01 0.000000e+00 9.400000e+01
    endloop
  endfacet
  facet normal 0.000000e+00 1.000000e+00 0.000000e+00
    outer loop
      vertex   -7.500000e+01 0.000000e+00 9.400000e+01
      vertex   -4.286541e+01 0.000000e+00 6.027818e+01
      vertex   -4.425283e+01 0.000000e+00 5.796341e+01
    endloop
  endfacet
  facet normal 0.000000e+00 1.000000e+00 0.000000e+00
    outer loop
      vertex   -7.500000e+01 0.000000e+00 9.400000e+01
      vertex   -4.425283e+01 0.000000e+00 5.796341e+01
      vertex   -4.540669e+01 0.000000e+00 5.552379e+01
    endloop
  endfacet
  facet normal 0.000000e+00 1.000000e+00 0.000000e+00
    outer loop
      vertex   -7.500000e+01 0.000000e+00 9.400000e+01
      vertex   -4.540669e+01 0.000000e+00 5.552379e+01
      vertex   -5.750000e+01 0.000000e+00 4.250000e+01
    endloop
  endfacet
  facet normal 0.000000e+00 1.000000e+00 0.000000e+00
    outer loop
      vertex   -5.750000e+01 0.000000e+00 4.250000e+01
      vertex   -4.540669e+01 0.000000e+00 5.552379e+01
      vertex   -4.631586e+01 0.000000e+00 5.298283e+01
    endloop
  endfacet
  facet normal 0.000000e+00 1.000000e+00 0.000000e+00
    outer loop
      vertex   -5.750000e+01 0.000000e+00 4.250000e+01
      vertex   -4.631586e+01 0.000000e+00 5.298283e+01
      vertex   -4.697160e+01 0.000000e+00 5.036498e+01
    endloop
  endfacet
  facet normal 0.000000e+00 1.000000e+00 0.000000e+00
    outer loop
      vertex   -4.697160e+01 0.000000e+00 5.036498e+01
      vertex   -4.736758e+01 0.000000e+00 4.769547e+01
      vertex   -5.750000e+01 0.000000e+00 4.250000e+01
    endloop
  endfacet
  facet normal 0.000000e+00 1.000000e+00 0.000000e+00
    outer loop
      vertex   -5.750000e+01 0.000000e+00 4.250000e+01
      vertex   -4.736758e+01 0.000000e+00 4.769547e+01
      vertex   -4.750000e+01 0.000000e+00 4.500000e+01
    endloop
  endfacet
  facet normal 0.000000e+00 1.000000e+00 0.000000e+00
    outer loop
      vertex   -5.750000e+01 0.000000e+00 4.250000e+01
      vertex   -4.750000e+01 0.000000e+00 4.500000e+01
      vertex   -4.750000e+01 0.000000e+00 4.250000e+01
    endloop
  endfacet
  facet normal 0.000000e+00 1.000000e+00 0.000000e+00
    outer loop
      vertex   -5.750000e+01 0.000000e+00 4.250000e+01
      vertex   -5.750000e+01 0.000000e+00 3.450000e+01
      vertex   -7.500000e+01 0.000000e+00 9.400000e+01
    endloop
  endfacet
  facet normal 0.000000e+00 1.000000e+00 0.000000e+00
    outer loop
      vertex   -7.500000e+01 0.000000e+00 9.400000e+01
      vertex   -5.750000e+01 0.000000e+00 3.450000e+01
      vertex   -7.500000e+01 0.000000e+00 -7.750000e+01
    endloop
  endfacet
  facet normal 0.000000e+00 1.000000e+00 0.000000e+00
    outer loop
      vertex   -7.500000e+01 0.000000e+00 -7.750000e+01
      vertex   -5.750000e+01 0.000000e+00 3.450000e+01
      vertex   -5.750000e+01 0.000000e+00 -2.700000e+01
    endloop
  endfacet
  facet normal 0.000000e+00 1.000000e+00 0.000000e+00
    outer loop
      vertex   -7.500000e+01 0.000000e+00 -7.750000e+01
      vertex   -5.750000e+01 0.000000e+00 -2.700000e+01
      vertex   -5.750000e+01 0.000000e+00 -3.500000e+01
    endloop
  endfacet
  facet normal -0.000000e+00 1.000000e+00 0.000000e+00
    outer loop
      vertex   -5.750000e+01 0.000000e+00 3.450000e+01
      vertex   -4.750000e+01 0.000000e+00 3.450000e+01
      vertex   -5.750000e+01 0.000000e+00 -2.700000e+01
    endloop
  endfacet
  facet normal 0.000000e+00 1.000000e+00 0.000000e+00
    outer loop
      vertex   -5.750000e+01 0.000000e+00 -2.700000e+01
      vertex   -4.750000e+01 0.000000e+00 3.450000e+01
      vertex   -4.750000e+01 0.000000e+00 -2.700000e+01
    endloop
  endfacet
  facet normal 0.000000e+00 1.000000e+00 0.000000e+00
    outer loop
      vertex   -4.750000e+01 0.000000e+00 -3.500000e+01
      vertex   -4.750000e+01 0.000000e+00 -3.750000e+01
      vertex   -5.750000e+01 0.000000e+00 -3.500000e+01
    endloop
  endfacet
  facet normal 0.000000e+00 1.000000e+00 0.000000e+00
    outer loop
      vertex   -5.750000e+01 0.000000e+00 -3.500000e+01
      vertex   -4.750000e+01 0.000000e+00 -3.750000e+01
      vertex   -4.736758e+01 0.000000e+00 -4.019547e+01
    endloop
  endfacet
  facet normal 0.000000e+00 1.000000e+00 0.000000e+00
    outer loop
      vertex   -5.750000e+01 0.000000e+00 -3.500000e+01
      vertex   -4.736758e+01 0.000000e+00 -4.019547e+01
      vertex   -4.697160e+01 0.000000e+00 -4.286498e+01
    endloop
  endfacet
  facet normal 0.000000e+00 1.000000e+00 0.000000e+00
    outer loop
      vertex   -4.697160e+01 0.000000e+00 -4.286498e+01
      vertex   -4.631586e+01 0.000000e+00 -4.548283e+01
      vertex   -5.750000e+01 0.000000e+00 -3.500000e+01
    endloop
  endfacet
  facet normal 0.000000e+00 1.000000e+00 0.000000e+00
    outer loop
      vertex   -5.750000e+01 0.000000e+00 -3.500000e+01
      vertex   -4.631586e+01 0.000000e+00 -4.548283e+01
      vertex   -4.540669e+01 0.000000e+00 -4.802379e+01
    endloop
  endfacet
  facet normal 0.000000e+00 1.000000e+00 0.000000e+00
    outer loop
      vertex   -5.750000e+01 0.000000e+00 -3.500000e+01
      vertex   -4.540669e+01 0.000000e+00 -4.802379e+01
      vertex   -7.500000e+01 0.000000e+00 -7.750000e+01
    endloop
  endfacet
  facet normal 0.000000e+00 1.000000e+00 0.000000e+00
    outer loop
      vertex   -7.500000e+01 0.000000e+00 -7.750000e+01
      vertex   -4.540669e+01 0.000000e+00 -4.802379e+01
      vertex   -4.425283e+01 0.000000e+00 -5.046341e+01
    endloop
  endfacet
  facet normal 0.000000e+00 1.000000e+00 0.000000e+00
    outer loop
      vertex   -7.500000e+01 0.000000e+00 -7.750000e+01
      vertex   -4.425283e+01 0.000000e+00 -5.046341e+01
      vertex   -4.286541e+01 0.000000e+00 -5.277818e+01
    endloop
  endfacet
  facet normal 0.000000e+00 1.000000e+00 0.000000e+00
    outer loop
      vertex   -4.286541e+01 0.000000e+00 -5.277818e+01
      vertex   -4.125779e+01 0.000000e+00 -5.494582e+01
      vertex   -7.500000e+01 0.000000e+00 -7.750000e+01
    endloop
  endfacet
  facet normal 0.000000e+00 1.000000e+00 0.000000e+00
    outer loop
      vertex   -7.500000e+01 0.000000e+00 -7.750000e+01
      vertex   -4.125779e+01 0.000000e+00 -5.494582e+01
      vertex   -3.944544e+01 0.000000e+00 -5.694544e+01
    endloop
  endfacet
  facet normal 0.000000e+00 1.000000e+00 0.000000e+00
    outer loop
      vertex   -7.500000e+01 0.000000e+00 -7.750000e+01
      vertex   -3.944544e+01 0.000000e+00 -5.694544e+01
      vertex   -3.744582e+01 0.000000e+00 -5.875779e+01
    endloop
  endfacet
  facet normal 0.000000e+00 1.000000e+00 0.000000e+00
    outer loop
      vertex   -3.744582e+01 0.000000e+00 -5.875779e+01
      vertex   -3.527818e+01 0.000000e+00 -6.036541e+01
      vertex   -7.500000e+01 0.000000e+00 -7.750000e+01
    endloop
  endfacet
  facet normal 0.000000e+00 1.000000e+00 0.000000e+00
    outer loop
      vertex   -7.500000e+01 0.000000e+00 -7.750000e+01
      vertex   -3.527818e+01 0.000000e+00 -6.036541e+01
      vertex   -3.296341e+01 0.000000e+00 -6.175283e+01
    endloop
  endfacet
  facet normal 0.000000e+00 1.000000e+00 0.000000e+00
    outer loop
      vertex   -7.500000e+01 0.000000e+00 -7.750000e+01
      vertex   -3.296341e+01 0.000000e+00 -6.175283e+01
      vertex   -3.052379e+01 0.000000e+00 -6.290669e+01
    endloop
  endfacet
  facet normal 0.000000e+00 1.000000e+00 0.000000e+00
    outer loop
      vertex   -3.052379e+01 0.000000e+00 -6.290669e+01
      vertex   -2.798283e+01 0.000000e+00 -6.381586e+01
      vertex   -7.500000e+01 0.000000e+00 -7.750000e+01
    endloop
  endfacet
  facet normal 0.000000e+00 1.000000e+00 0.000000e+00
    outer loop
      vertex   -7.500000e+01 0.000000e+00 -7.750000e+01
      vertex   -2.798283e+01 0.000000e+00 -6.381586e+01
      vertex   -2.536498e+01 0.000000e+00 -6.447160e+01
    endloop
  endfacet
  facet normal 0.000000e+00 1.000000e+00 0.000000e+00
    outer loop
      vertex   -7.500000e+01 0.000000e+00 -7.750000e+01
      vertex   -2.536498e+01 0.000000e+00 -6.447160e+01
      vertex   -2.269547e+01 0.000000e+00 -6.486758e+01
    endloop
  endfacet
  facet normal 0.000000e+00 1.000000e+00 0.000000e+00
    outer loop
      vertex   -2.269547e+01 0.000000e+00 -6.486758e+01
      vertex   -2.000000e+01 0.000000e+00 -6.500000e+01
      vertex   -7.500000e+01 0.000000e+00 -7.750000e+01
    endloop
  endfacet
  facet normal 0.000000e+00 1.000000e+00 0.000000e+00
    outer loop
      vertex   -7.500000e+01 0.000000e+00 -7.750000e+01
      vertex   -2.000000e+01 0.000000e+00 -6.500000e+01
      vertex   2.000000e+01 0.000000e+00 -6.500000e+01
    endloop
  endfacet
  facet normal 0.000000e+00 1.000000e+00 0.000000e+00
    outer loop
      vertex   -7.500000e+01 0.000000e+00 -7.750000e+01
      vertex   2.000000e+01 0.000000e+00 -6.500000e+01
      vertex   7.500000e+01 0.000000e+00 -7.750000e+01
    endloop
  endfacet
  facet normal 0.000000e+00 1.000000e+00 0.000000e+00
    outer loop
      vertex   7.500000e+01 0.000000e+00 -7.750000e+01
      vertex   2.000000e+01 0.000000e+00 -6.500000e+01
      vertex   2.269547e+01 0.000000e+00 -6.486758e+01
    endloop
  endfacet
  facet normal 0.000000e+00 1.000000e+00 0.000000e+00
    outer loop
      vertex   7.500000e+01 0.000000e+00 -7.750000e+01
      vertex   2.269547e+01 0.000000e+00 -6.486758e+01
      vertex   2.536498e+01 0.000000e+00 -6.447160e+01
    endloop
  endfacet
  facet normal -0.000000e+00 1.000000e+00 0.000000e+00
    outer loop
      vertex   2.536498e+01 0.000000e+00 -6.447160e+01
      vertex   2.798283e+01 0.000000e+00 -6.381586e+01
      vertex   7.500000e+01 0.000000e+00 -7.750000e+01
    endloop
  endfacet
  facet normal 0.000000e+00 1.000000e+00 0.000000e+00
    outer loop
      vertex   7.500000e+01 0.000000e+00 -7.750000e+01
      vertex   2.798283e+01 0.000000e+00 -6.381586e+01
      vertex   3.052379e+01 0.000000e+00 -6.290669e+01
    endloop
  endfacet
  facet normal 0.000000e+00 1.000000e+00 0.000000e+00
    outer loop
      vertex   7.500000e+01 0.000000e+00 -7.750000e+01
      vertex   3.052379e+01 0.000000e+00 -6.290669e+01
      vertex   3.296341e+01 0.000000e+00 -6.175283e+01
    endloop
  endfacet
  facet normal -0.000000e+00 1.000000e+00 0.000000e+00
    outer loop
      vertex   3.296341e+01 0.000000e+00 -6.175283e+01
      vertex   3.527818e+01 0.000000e+00 -6.036541e+01
      vertex   7.500000e+01 0.000000e+00 -7.750000e+01
    endloop
  endfacet
  facet normal 0.000000e+00 1.000000e+00 0.000000e+00
    outer loop
      vertex   7.500000e+01 0.000000e+00 -7.750000e+01
      vertex   3.527818e+01 0.000000e+00 -6.036541e+01
      vertex   3.744582e+01 0.000000e+00 -5.875779e+01
    endloop
  endfacet
  facet normal 0.000000e+00 1.000000e+00 0.000000e+00
    outer loop
      vertex   7.500000e+01 0.000000e+00 -7.750000e+01
      vertex   3.744582e+01 0.000000e+00 -5.875779e+01
      vertex   3.944544e+01 0.000000e+00 -5.694544e+01
    endloop
  endfacet
  facet normal -0.000000e+00 1.000000e+00 0.000000e+00
    outer loop
      vertex   3.944544e+01 0.000000e+00 -5.694544e+01
      vertex   4.125779e+01 0.000000e+00 -5.494582e+01
      vertex   7.500000e+01 0.000000e+00 -7.750000e+01
    endloop
  endfacet
  facet normal 0.000000e+00 1.000000e+00 0.000000e+00
    outer loop
      vertex   7.500000e+01 0.000000e+00 -7.750000e+01
      vertex   4.125779e+01 0.000000e+00 -5.494582e+01
      vertex   4.286541e+01 0.000000e+00 -5.277818e+01
    endloop
  endfacet
  facet normal 0.000000e+00 1.000000e+00 0.000000e+00
    outer loop
      vertex   7.500000e+01 0.000000e+00 -7.750000e+01
      vertex   4.286541e+01 0.000000e+00 -5.277818e+01
      vertex   4.425283e+01 0.000000e+00 -5.046341e+01
    endloop
  endfacet
  facet normal -0.000000e+00 1.000000e+00 0.000000e+00
    outer loop
      vertex   4.425283e+01 0.000000e+00 -5.046341e+01
      vertex   4.540669e+01 0.000000e+00 -4.802379e+01
      vertex   7.500000e+01 0.000000e+00 -7.750000e+01
    endloop
  endfacet
  facet normal 0.000000e+00 1.000000e+00 0.000000e+00
    outer loop
      vertex   4.631586e+01 0.000000e+00 -4.548283e+01
      vertex   4.697160e+01 0.000000e+00 -4.286498e+01
      vertex   5.750000e+01 0.000000e+00 -3.500000e+01
    endloop
  endfacet
  facet normal 0.000000e+00 1.000000e+00 0.000000e+00
    outer loop
      vertex   5.750000e+01 0.000000e+00 -3.500000e+01
      vertex   4.697160e+01 0.000000e+00 -4.286498e+01
      vertex   4.736758e+01 0.000000e+00 -4.019547e+01
    endloop
  endfacet
  facet normal 0.000000e+00 1.000000e+00 0.000000e+00
    outer loop
      vertex   5.750000e+01 0.000000e+00 -3.500000e+01
      vertex   4.736758e+01 0.000000e+00 -4.019547e+01
      vertex   4.750000e+01 0.000000e+00 -3.750000e+01
    endloop
  endfacet
  facet normal 0.000000e+00 1.000000e+00 0.000000e+00
    outer loop
      vertex   4.750000e+01 0.000000e+00 -3.750000e+01
      vertex   4.750000e+01 0.000000e+00 -3.500000e+01
      vertex   5.750000e+01 0.000000e+00 -3.500000e+01
    endloop
  endfacet
  facet normal -0.000000e+00 1.000000e+00 0.000000e+00
    outer loop
      vertex   -7.488471e+01 0.000000e+00 9.517054e+01
      vertex   -7.454328e+01 0.000000e+00 9.629610e+01
      vertex   -7.500000e+01 0.000000e+00 9.400000e+01
    endloop
  endfacet
  facet normal 0.000000e+00 1.000000e+00 0.000000e+00
    outer loop
      vertex   -7.500000e+01 0.000000e+00 9.400000e+01
      vertex   -7.454328e+01 0.000000e+00 9.629610e+01
      vertex   -7.398882e+01 0.000000e+00 9.733342e+01
    endloop
  endfacet
  facet normal 0.000000e+00 1.000000e+00 0.000000e+00
    outer loop
      vertex   -7.500000e+01 0.000000e+00 9.400000e+01
      vertex   -7.398882e+01 0.000000e+00 9.733342e+01
      vertex   -7.324264e+01 0.000000e+00 9.824264e+01
    endloop
  endfacet
  facet normal -0.000000e+00 1.000000e+00 0.000000e+00
    outer loop
      vertex   -7.324264e+01 0.000000e+00 9.824264e+01
      vertex   -7.233342e+01 0.000000e+00 9.898882e+01
      vertex   -7.500000e+01 0.000000e+00 9.400000e+01
    endloop
  endfacet
  facet normal 0.000000e+00 1.000000e+00 0.000000e+00
    outer loop
      vertex   -7.500000e+01 0.000000e+00 9.400000e+01
      vertex   -7.233342e+01 0.000000e+00 9.898882e+01
      vertex   -7.129610e+01 0.000000e+00 9.954328e+01
    endloop
  endfacet
  facet normal 0.000000e+00 1.000000e+00 0.000000e+00
    outer loop
      vertex   -7.500000e+01 0.000000e+00 9.400000e+01
      vertex   -7.129610e+01 0.000000e+00 9.954328e+01
      vertex   -7.017054e+01 0.000000e+00 9.988471e+01
    endloop
  endfacet
  facet normal -0.000000e+00 1.000000e+00 0.000000e+00
    outer loop
      vertex   -7.017054e+01 0.000000e+00 9.988471e+01
      vertex   -6.900000e+01 0.000000e+00 1.000000e+02
      vertex   -7.500000e+01 0.000000e+00 9.400000e+01
    endloop
  endfacet
  facet normal 0.000000e+00 1.000000e+00 0.000000e+00
    outer loop
      vertex   6.900000e+01 0.000000e+00 1.000000e+02
      vertex   7.017054e+01 0.000000e+00 9.988471e+01
      vertex   7.500000e+01 0.000000e+00 9.400000e+01
    endloop
  endfacet
  facet normal 0.000000e+00 1.000000e+00 0.000000e+00
    outer loop
      vertex   7.500000e+01 0.000000e+00 9.400000e+01
      vertex   7.017054e+01 0.000000e+00 9.988471e+01
      vertex   7.129610e+01 0.000000e+00 9.954328e+01
    endloop
  endfacet
  facet normal 0.000000e+00 1.000000e+00 0.000000e+00
    outer loop
      vertex   7.500000e+01 0.000000e+00 9.400000e+01
      vertex   7.129610e+01 0.000000e+00 9.954328e+01
      vertex   7.233342e+01 0.000000e+00 9.898882e+01
    endloop
  endfacet
  facet normal 0.000000e+00 1.000000e+00 0.000000e+00
    outer loop
      vertex   7.233342e+01 0.000000e+00 9.898882e+01
      vertex   7.324264e+01 0.000000e+00 9.824264e+01
      vertex   7.500000e+01 0.000000e+00 9.400000e+01
    endloop
  endfacet
  facet normal 0.000000e+00 1.000000e+00 0.000000e+00
    outer loop
      vertex   7.500000e+01 0.000000e+00 9.400000e+01
      vertex   7.324264e+01 0.000000e+00 9.824264e+01
      vertex   7.398882e+01 0.000000e+00 9.733342e+01
    endloop
  endfacet
  facet normal 0.000000e+00 1.000000e+00 0.000000e+00
    outer loop
      vertex   7.500000e+01 0.000000e+00 9.400000e+01
      vertex   7.398882e+01 0.000000e+00 9.733342e+01
      vertex   7.454328e+01 0.000000e+00 9.629610e+01
    endloop
  endfacet
  facet normal 0.000000e+00 1.000000e+00 0.000000e+00
    outer loop
      vertex   7.454328e+01 0.000000e+00 9.629610e+01
      vertex   7.488471e+01 0.000000e+00 9.517054e+01
      vertex   7.500000e+01 0.000000e+00 9.400000e+01
    endloop
  endfacet
endsolid
