solid ASCII
  facet normal -9.918510e-01 -6.117528e-02 1.117548e-01
    outer loop
      vertex   -7.898484e+01 -4.745777e+00 1.200000e+01
      vertex   -7.897240e+01 -4.744236e+00 1.211126e+01
      vertex   -7.900000e+01 -4.500000e+00 1.200000e+01
    endloop
  endfacet
  facet normal -9.918510e-01 -6.117528e-02 1.117548e-01
    outer loop
      vertex   -7.900000e+01 -4.500000e+00 1.200000e+01
      vertex   -7.897240e+01 -4.744236e+00 1.211126e+01
      vertex   -7.898746e+01 -4.500000e+00 1.211126e+01
    endloop
  endfacet
  facet normal -9.918510e-01 6.117528e-02 1.117548e-01
    outer loop
      vertex   -7.900000e+01 -4.500000e+00 1.200000e+01
      vertex   -7.898746e+01 -4.500000e+00 1.211126e+01
      vertex   -7.898484e+01 -4.254223e+00 1.200000e+01
    endloop
  endfacet
  facet normal -9.918510e-01 6.117528e-02 1.117548e-01
    outer loop
      vertex   -7.898484e+01 -4.254223e+00 1.200000e+01
      vertex   -7.898746e+01 -4.500000e+00 1.211126e+01
      vertex   -7.897240e+01 -4.255764e+00 1.211126e+01
    endloop
  endfacet
  facet normal -9.768156e-01 1.825985e-01 1.117548e-01
    outer loop
      vertex   -7.898484e+01 -4.254223e+00 1.200000e+01
      vertex   -7.897240e+01 -4.255764e+00 1.211126e+01
      vertex   -7.893959e+01 -4.012173e+00 1.200000e+01
    endloop
  endfacet
  facet normal -9.768156e-01 1.825985e-01 1.117548e-01
    outer loop
      vertex   -7.893959e+01 -4.012173e+00 1.200000e+01
      vertex   -7.897240e+01 -4.255764e+00 1.211126e+01
      vertex   -7.892744e+01 -4.015230e+00 1.211126e+01
    endloop
  endfacet
  facet normal -9.469726e-01 3.012537e-01 1.117548e-01
    outer loop
      vertex   -7.893959e+01 -4.012173e+00 1.200000e+01
      vertex   -7.892744e+01 -4.015230e+00 1.211126e+01
      vertex   -7.886494e+01 -3.777517e+00 1.200000e+01
    endloop
  endfacet
  facet normal -9.469726e-01 3.012537e-01 1.117548e-01
    outer loop
      vertex   -7.886494e+01 -3.777517e+00 1.200000e+01
      vertex   -7.892744e+01 -4.015230e+00 1.211126e+01
      vertex   -7.885325e+01 -3.782045e+00 1.211126e+01
    endloop
  endfacet
  facet normal -9.027745e-01 4.153422e-01 1.117548e-01
    outer loop
      vertex   -7.886494e+01 -3.777517e+00 1.200000e+01
      vertex   -7.885325e+01 -3.782045e+00 1.211126e+01
      vertex   -7.876202e+01 -3.553813e+00 1.200000e+01
    endloop
  endfacet
  facet normal -9.027745e-01 4.153422e-01 1.117548e-01
    outer loop
      vertex   -7.876202e+01 -3.553813e+00 1.200000e+01
      vertex   -7.885325e+01 -3.782045e+00 1.211126e+01
      vertex   -7.875098e+01 -3.559744e+00 1.211126e+01
    endloop
  endfacet
  facet normal -8.448912e-01 5.231345e-01 1.117548e-01
    outer loop
      vertex   -7.876202e+01 -3.553813e+00 1.200000e+01
      vertex   -7.875098e+01 -3.559744e+00 1.211126e+01
      vertex   -7.863239e+01 -3.344452e+00 1.200000e+01
    endloop
  endfacet
  facet normal -8.448912e-01 5.231345e-01 1.117548e-01
    outer loop
      vertex   -7.863239e+01 -3.344452e+00 1.200000e+01
      vertex   -7.875098e+01 -3.559744e+00 1.211126e+01
      vertex   -7.862216e+01 -3.351695e+00 1.211126e+01
    endloop
  endfacet
  facet normal -7.742003e-01 6.229966e-01 1.117548e-01
    outer loop
      vertex   -7.863239e+01 -3.344452e+00 1.200000e+01
      vertex   -7.862216e+01 -3.351695e+00 1.211126e+01
      vertex   -7.847802e+01 -3.152609e+00 1.200000e+01
    endloop
  endfacet
  facet normal -7.742003e-01 6.229966e-01 1.117548e-01
    outer loop
      vertex   -7.847802e+01 -3.152609e+00 1.200000e+01
      vertex   -7.862216e+01 -3.351695e+00 1.211126e+01
      vertex   -7.846875e+01 -3.161054e+00 1.211126e+01
    endloop
  endfacet
  facet normal -6.917732e-01 7.134148e-01 1.117548e-01
    outer loop
      vertex   -7.847802e+01 -3.152609e+00 1.200000e+01
      vertex   -7.846875e+01 -3.161054e+00 1.211126e+01
      vertex   -7.830124e+01 -2.981190e+00 1.200000e+01
    endloop
  endfacet
  facet normal -6.917732e-01 7.134148e-01 1.117548e-01
    outer loop
      vertex   -7.830124e+01 -2.981190e+00 1.200000e+01
      vertex   -7.846875e+01 -3.161054e+00 1.211126e+01
      vertex   -7.829308e+01 -2.990710e+00 1.211126e+01
    endloop
  endfacet
  facet normal -5.988596e-01 7.930183e-01 1.117548e-01
    outer loop
      vertex   -7.830124e+01 -2.981190e+00 1.200000e+01
      vertex   -7.829308e+01 -2.990710e+00 1.211126e+01
      vertex   -7.810473e+01 -2.832795e+00 1.200000e+01
    endloop
  endfacet
  facet normal -5.988596e-01 7.930183e-01 1.117548e-01
    outer loop
      vertex   -7.810473e+01 -2.832795e+00 1.200000e+01
      vertex   -7.829308e+01 -2.990710e+00 1.211126e+01
      vertex   -7.809781e+01 -2.843245e+00 1.211126e+01
    endloop
  endfacet
  facet normal -4.968679e-01 8.606005e-01 1.117548e-01
    outer loop
      vertex   -7.810473e+01 -2.832795e+00 1.200000e+01
      vertex   -7.809781e+01 -2.843245e+00 1.211126e+01
      vertex   -7.789148e+01 -2.709673e+00 1.200000e+01
    endloop
  endfacet
  facet normal -4.968679e-01 8.606005e-01 1.117548e-01
    outer loop
      vertex   -7.789148e+01 -2.709673e+00 1.200000e+01
      vertex   -7.809781e+01 -2.843245e+00 1.211126e+01
      vertex   -7.788589e+01 -2.720895e+00 1.211126e+01
    endloop
  endfacet
  facet normal -3.873442e-01 9.151368e-01 1.117548e-01
    outer loop
      vertex   -7.789148e+01 -2.709673e+00 1.200000e+01
      vertex   -7.788589e+01 -2.720895e+00 1.211126e+01
      vertex   -7.766471e+01 -2.613691e+00 1.200000e+01
    endloop
  endfacet
  facet normal -3.873442e-01 9.151368e-01 1.117548e-01
    outer loop
      vertex   -7.766471e+01 -2.613691e+00 1.200000e+01
      vertex   -7.788589e+01 -2.720895e+00 1.211126e+01
      vertex   -7.766054e+01 -2.625515e+00 1.211126e+01
    endloop
  endfacet
  facet normal -2.719487e-01 9.558006e-01 1.117548e-01
    outer loop
      vertex   -7.766471e+01 -2.613691e+00 1.200000e+01
      vertex   -7.766054e+01 -2.625515e+00 1.211126e+01
      vertex   -7.742787e+01 -2.546303e+00 1.200000e+01
    endloop
  endfacet
  facet normal -2.719487e-01 9.558006e-01 1.117548e-01
    outer loop
      vertex   -7.742787e+01 -2.546303e+00 1.200000e+01
      vertex   -7.766054e+01 -2.625515e+00 1.211126e+01
      vertex   -7.742518e+01 -2.558549e+00 1.211126e+01
    endloop
  endfacet
  facet normal -1.524308e-01 9.819754e-01 1.117548e-01
    outer loop
      vertex   -7.742787e+01 -2.546303e+00 1.200000e+01
      vertex   -7.742518e+01 -2.558549e+00 1.211126e+01
      vertex   -7.718454e+01 -2.508532e+00 1.200000e+01
    endloop
  endfacet
  facet normal -1.524308e-01 9.819754e-01 1.117548e-01
    outer loop
      vertex   -7.718454e+01 -2.508532e+00 1.200000e+01
      vertex   -7.742518e+01 -2.558549e+00 1.211126e+01
      vertex   -7.718338e+01 -2.521014e+00 1.211126e+01
    endloop
  endfacet
  facet normal -3.060215e-02 9.932645e-01 1.117548e-01
    outer loop
      vertex   -7.718454e+01 -2.508532e+00 1.200000e+01
      vertex   -7.718338e+01 -2.521014e+00 1.211126e+01
      vertex   -7.693841e+01 -2.500949e+00 1.200000e+01
    endloop
  endfacet
  facet normal -3.060215e-02 9.932645e-01 1.117548e-01
    outer loop
      vertex   -7.693841e+01 -2.500949e+00 1.200000e+01
      vertex   -7.718338e+01 -2.521014e+00 1.211126e+01
      vertex   -7.693880e+01 -2.513479e+00 1.211126e+01
    endloop
  endfacet
  facet normal 9.169037e-02 9.894967e-01 1.117548e-01
    outer loop
      vertex   -7.693841e+01 -2.500949e+00 1.200000e+01
      vertex   -7.693880e+01 -2.513479e+00 1.211126e+01
      vertex   -7.669322e+01 -2.523669e+00 1.200000e+01
    endloop
  endfacet
  facet normal 9.169037e-02 9.894967e-01 1.117548e-01
    outer loop
      vertex   -7.669322e+01 -2.523669e+00 1.200000e+01
      vertex   -7.693880e+01 -2.513479e+00 1.211126e+01
      vertex   -7.669514e+01 -2.536057e+00 1.211126e+01
    endloop
  endfacet
  facet normal 2.125930e-01 9.707292e-01 1.117548e-01
    outer loop
      vertex   -7.669322e+01 -2.523669e+00 1.200000e+01
      vertex   -7.669514e+01 -2.536057e+00 1.211126e+01
      vertex   -7.645267e+01 -2.576349e+00 1.200000e+01
    endloop
  endfacet
  facet normal 2.125930e-01 9.707292e-01 1.117548e-01
    outer loop
      vertex   -7.645267e+01 -2.576349e+00 1.200000e+01
      vertex   -7.669514e+01 -2.536057e+00 1.211126e+01
      vertex   -7.645610e+01 -2.588406e+00 1.211126e+01
    endloop
  endfacet
  facet normal 3.302729e-01 9.372463e-01 1.117548e-01
    outer loop
      vertex   -7.645267e+01 -2.576349e+00 1.200000e+01
      vertex   -7.645610e+01 -2.588406e+00 1.211126e+01
      vertex   -7.622043e+01 -2.658189e+00 1.200000e+01
    endloop
  endfacet
  facet normal 3.302729e-01 9.372463e-01 1.117548e-01
    outer loop
      vertex   -7.622043e+01 -2.658189e+00 1.200000e+01
      vertex   -7.645610e+01 -2.588406e+00 1.211126e+01
      vertex   -7.622531e+01 -2.669733e+00 1.211126e+01
    endloop
  endfacet
  facet normal 4.429462e-01 8.895558e-01 1.117548e-01
    outer loop
      vertex   -7.622043e+01 -2.658189e+00 1.200000e+01
      vertex   -7.622531e+01 -2.669733e+00 1.211126e+01
      vertex   -7.600000e+01 -2.767949e+00 1.200000e+01
    endloop
  endfacet
  facet normal 4.429462e-01 8.895558e-01 1.117548e-01
    outer loop
      vertex   -7.600000e+01 -2.767949e+00 1.200000e+01
      vertex   -7.622531e+01 -2.669733e+00 1.211126e+01
      vertex   -7.600627e+01 -2.778806e+00 1.211126e+01
    endloop
  endfacet
  facet normal 5.489049e-01 8.283805e-01 1.117548e-01
    outer loop
      vertex   -7.600000e+01 -2.767949e+00 1.200000e+01
      vertex   -7.600627e+01 -2.778806e+00 1.211126e+01
      vertex   -7.579473e+01 -2.903966e+00 1.200000e+01
    endloop
  endfacet
  facet normal 5.489049e-01 8.283805e-01 1.117548e-01
    outer loop
      vertex   -7.579473e+01 -2.903966e+00 1.200000e+01
      vertex   -7.600627e+01 -2.778806e+00 1.211126e+01
      vertex   -7.580229e+01 -2.913970e+00 1.211126e+01
    endloop
  endfacet
  facet normal 6.465427e-01 7.546479e-01 1.117548e-01
    outer loop
      vertex   -7.579473e+01 -2.903966e+00 1.200000e+01
      vertex   -7.580229e+01 -2.913970e+00 1.211126e+01
      vertex   -7.560773e+01 -3.064176e+00 1.200000e+01
    endloop
  endfacet
  facet normal 6.465427e-01 7.546479e-01 1.117548e-01
    outer loop
      vertex   -7.560773e+01 -3.064176e+00 1.200000e+01
      vertex   -7.580229e+01 -2.913970e+00 1.211126e+01
      vertex   -7.561646e+01 -3.073176e+00 1.211126e+01
    endloop
  endfacet
  facet normal 7.343796e-01 6.694755e-01 1.117548e-01
    outer loop
      vertex   -7.560773e+01 -3.064176e+00 1.200000e+01
      vertex   -7.561646e+01 -3.073176e+00 1.211126e+01
      vertex   -7.544184e+01 -3.246152e+00 1.200000e+01
    endloop
  endfacet
  facet normal 7.343796e-01 6.694755e-01 1.117548e-01
    outer loop
      vertex   -7.544184e+01 -3.246152e+00 1.200000e+01
      vertex   -7.561646e+01 -3.073176e+00 1.211126e+01
      vertex   -7.545161e+01 -3.254012e+00 1.211126e+01
    endloop
  endfacet
  facet normal 8.110841e-01 5.741545e-01 1.117548e-01
    outer loop
      vertex   -7.544184e+01 -3.246152e+00 1.200000e+01
      vertex   -7.545161e+01 -3.254012e+00 1.211126e+01
      vertex   -7.529957e+01 -3.447136e+00 1.200000e+01
    endloop
  endfacet
  facet normal 8.110841e-01 5.741545e-01 1.117548e-01
    outer loop
      vertex   -7.529957e+01 -3.447136e+00 1.200000e+01
      vertex   -7.545161e+01 -3.254012e+00 1.211126e+01
      vertex   -7.531022e+01 -3.453735e+00 1.211126e+01
    endloop
  endfacet
  facet normal 8.754934e-01 4.701300e-01 1.117548e-01
    outer loop
      vertex   -7.529957e+01 -3.447136e+00 1.200000e+01
      vertex   -7.531022e+01 -3.453735e+00 1.211126e+01
      vertex   -7.518307e+01 -3.664079e+00 1.200000e+01
    endloop
  endfacet
  facet normal 8.754934e-01 4.701300e-01 1.117548e-01
    outer loop
      vertex   -7.518307e+01 -3.664079e+00 1.200000e+01
      vertex   -7.531022e+01 -3.453735e+00 1.211126e+01
      vertex   -7.519446e+01 -3.669319e+00 1.211126e+01
    endloop
  endfacet
  facet normal 9.266311e-01 3.589788e-01 1.117548e-01
    outer loop
      vertex   -7.518307e+01 -3.664079e+00 1.200000e+01
      vertex   -7.519446e+01 -3.669319e+00 1.211126e+01
      vertex   -7.509412e+01 -3.893695e+00 1.200000e+01
    endloop
  endfacet
  facet normal 9.266311e-01 3.589788e-01 1.117548e-01
    outer loop
      vertex   -7.509412e+01 -3.893695e+00 1.200000e+01
      vertex   -7.519446e+01 -3.669319e+00 1.211126e+01
      vertex   -7.510606e+01 -3.897495e+00 1.211126e+01
    endloop
  endfacet
  facet normal 9.637219e-01 2.423858e-01 1.117548e-01
    outer loop
      vertex   -7.509412e+01 -3.893695e+00 1.200000e+01
      vertex   -7.510606e+01 -3.897495e+00 1.211126e+01
      vertex   -7.503405e+01 -4.132501e+00 1.200000e+01
    endloop
  endfacet
  facet normal 9.637219e-01 2.423858e-01 1.117548e-01
    outer loop
      vertex   -7.503405e+01 -4.132501e+00 1.200000e+01
      vertex   -7.510606e+01 -3.897495e+00 1.211126e+01
      vertex   -7.504638e+01 -4.134804e+00 1.211126e+01
    endloop
  endfacet
  facet normal 9.862038e-01 1.221185e-01 1.117548e-01
    outer loop
      vertex   -7.503405e+01 -4.132501e+00 1.200000e+01
      vertex   -7.504638e+01 -4.134804e+00 1.211126e+01
      vertex   -7.500379e+01 -4.376878e+00 1.200000e+01
    endloop
  endfacet
  facet normal 9.862038e-01 1.221185e-01 1.117548e-01
    outer loop
      vertex   -7.500379e+01 -4.376878e+00 1.200000e+01
      vertex   -7.504638e+01 -4.134804e+00 1.211126e+01
      vertex   -7.501631e+01 -4.377650e+00 1.211126e+01
    endloop
  endfacet
  facet normal 9.937358e-01 0.000000e+00 1.117548e-01
    outer loop
      vertex   -7.500379e+01 -4.376878e+00 1.200000e+01
      vertex   -7.501631e+01 -4.377650e+00 1.211126e+01
      vertex   -7.500379e+01 -4.623122e+00 1.200000e+01
    endloop
  endfacet
  facet normal 9.937358e-01 0.000000e+00 1.117548e-01
    outer loop
      vertex   -7.500379e+01 -4.623122e+00 1.200000e+01
      vertex   -7.501631e+01 -4.377650e+00 1.211126e+01
      vertex   -7.501631e+01 -4.622350e+00 1.211126e+01
    endloop
  endfacet
  facet normal 9.862038e-01 -1.221185e-01 1.117548e-01
    outer loop
      vertex   -7.500379e+01 -4.623122e+00 1.200000e+01
      vertex   -7.501631e+01 -4.622350e+00 1.211126e+01
      vertex   -7.503405e+01 -4.867499e+00 1.200000e+01
    endloop
  endfacet
  facet normal 9.862038e-01 -1.221185e-01 1.117548e-01
    outer loop
      vertex   -7.503405e+01 -4.867499e+00 1.200000e+01
      vertex   -7.501631e+01 -4.622350e+00 1.211126e+01
      vertex   -7.504638e+01 -4.865196e+00 1.211126e+01
    endloop
  endfacet
  facet normal 9.637219e-01 -2.423858e-01 1.117548e-01
    outer loop
      vertex   -7.503405e+01 -4.867499e+00 1.200000e+01
      vertex   -7.504638e+01 -4.865196e+00 1.211126e+01
      vertex   -7.509412e+01 -5.106305e+00 1.200000e+01
    endloop
  endfacet
  facet normal 9.637219e-01 -2.423858e-01 1.117548e-01
    outer loop
      vertex   -7.509412e+01 -5.106305e+00 1.200000e+01
      vertex   -7.504638e+01 -4.865196e+00 1.211126e+01
      vertex   -7.510606e+01 -5.102505e+00 1.211126e+01
    endloop
  endfacet
  facet normal 9.266311e-01 -3.589788e-01 1.117548e-01
    outer loop
      vertex   -7.509412e+01 -5.106305e+00 1.200000e+01
      vertex   -7.510606e+01 -5.102505e+00 1.211126e+01
      vertex   -7.518307e+01 -5.335921e+00 1.200000e+01
    endloop
  endfacet
  facet normal 9.266311e-01 -3.589788e-01 1.117548e-01
    outer loop
      vertex   -7.518307e+01 -5.335921e+00 1.200000e+01
      vertex   -7.510606e+01 -5.102505e+00 1.211126e+01
      vertex   -7.519446e+01 -5.330681e+00 1.211126e+01
    endloop
  endfacet
  facet normal 8.754934e-01 -4.701300e-01 1.117548e-01
    outer loop
      vertex   -7.518307e+01 -5.335921e+00 1.200000e+01
      vertex   -7.519446e+01 -5.330681e+00 1.211126e+01
      vertex   -7.529957e+01 -5.552864e+00 1.200000e+01
    endloop
  endfacet
  facet normal 8.754934e-01 -4.701300e-01 1.117548e-01
    outer loop
      vertex   -7.529957e+01 -5.552864e+00 1.200000e+01
      vertex   -7.519446e+01 -5.330681e+00 1.211126e+01
      vertex   -7.531022e+01 -5.546265e+00 1.211126e+01
    endloop
  endfacet
  facet normal 8.110841e-01 -5.741545e-01 1.117548e-01
    outer loop
      vertex   -7.529957e+01 -5.552864e+00 1.200000e+01
      vertex   -7.531022e+01 -5.546265e+00 1.211126e+01
      vertex   -7.544184e+01 -5.753848e+00 1.200000e+01
    endloop
  endfacet
  facet normal 8.110841e-01 -5.741545e-01 1.117548e-01
    outer loop
      vertex   -7.544184e+01 -5.753848e+00 1.200000e+01
      vertex   -7.531022e+01 -5.546265e+00 1.211126e+01
      vertex   -7.545161e+01 -5.745988e+00 1.211126e+01
    endloop
  endfacet
  facet normal 7.343796e-01 -6.694755e-01 1.117548e-01
    outer loop
      vertex   -7.544184e+01 -5.753848e+00 1.200000e+01
      vertex   -7.545161e+01 -5.745988e+00 1.211126e+01
      vertex   -7.560773e+01 -5.935824e+00 1.200000e+01
    endloop
  endfacet
  facet normal 7.343796e-01 -6.694755e-01 1.117548e-01
    outer loop
      vertex   -7.560773e+01 -5.935824e+00 1.200000e+01
      vertex   -7.545161e+01 -5.745988e+00 1.211126e+01
      vertex   -7.561646e+01 -5.926824e+00 1.211126e+01
    endloop
  endfacet
  facet normal 6.465427e-01 -7.546479e-01 1.117548e-01
    outer loop
      vertex   -7.560773e+01 -5.935824e+00 1.200000e+01
      vertex   -7.561646e+01 -5.926824e+00 1.211126e+01
      vertex   -7.579473e+01 -6.096034e+00 1.200000e+01
    endloop
  endfacet
  facet normal 6.465427e-01 -7.546479e-01 1.117548e-01
    outer loop
      vertex   -7.579473e+01 -6.096034e+00 1.200000e+01
      vertex   -7.561646e+01 -5.926824e+00 1.211126e+01
      vertex   -7.580229e+01 -6.086030e+00 1.211126e+01
    endloop
  endfacet
  facet normal 5.489049e-01 -8.283805e-01 1.117548e-01
    outer loop
      vertex   -7.579473e+01 -6.096034e+00 1.200000e+01
      vertex   -7.580229e+01 -6.086030e+00 1.211126e+01
      vertex   -7.600000e+01 -6.232051e+00 1.200000e+01
    endloop
  endfacet
  facet normal 5.489049e-01 -8.283805e-01 1.117548e-01
    outer loop
      vertex   -7.600000e+01 -6.232051e+00 1.200000e+01
      vertex   -7.580229e+01 -6.086030e+00 1.211126e+01
      vertex   -7.600627e+01 -6.221194e+00 1.211126e+01
    endloop
  endfacet
  facet normal 4.429462e-01 -8.895558e-01 1.117548e-01
    outer loop
      vertex   -7.600000e+01 -6.232051e+00 1.200000e+01
      vertex   -7.600627e+01 -6.221194e+00 1.211126e+01
      vertex   -7.622043e+01 -6.341811e+00 1.200000e+01
    endloop
  endfacet
  facet normal 4.429462e-01 -8.895558e-01 1.117548e-01
    outer loop
      vertex   -7.622043e+01 -6.341811e+00 1.200000e+01
      vertex   -7.600627e+01 -6.221194e+00 1.211126e+01
      vertex   -7.622531e+01 -6.330267e+00 1.211126e+01
    endloop
  endfacet
  facet normal 3.302729e-01 -9.372463e-01 1.117548e-01
    outer loop
      vertex   -7.622043e+01 -6.341811e+00 1.200000e+01
      vertex   -7.622531e+01 -6.330267e+00 1.211126e+01
      vertex   -7.645267e+01 -6.423651e+00 1.200000e+01
    endloop
  endfacet
  facet normal 3.302729e-01 -9.372463e-01 1.117548e-01
    outer loop
      vertex   -7.645267e+01 -6.423651e+00 1.200000e+01
      vertex   -7.622531e+01 -6.330267e+00 1.211126e+01
      vertex   -7.645610e+01 -6.411594e+00 1.211126e+01
    endloop
  endfacet
  facet normal 2.125930e-01 -9.707292e-01 1.117548e-01
    outer loop
      vertex   -7.645267e+01 -6.423651e+00 1.200000e+01
      vertex   -7.645610e+01 -6.411594e+00 1.211126e+01
      vertex   -7.669322e+01 -6.476331e+00 1.200000e+01
    endloop
  endfacet
  facet normal 2.125930e-01 -9.707292e-01 1.117548e-01
    outer loop
      vertex   -7.669322e+01 -6.476331e+00 1.200000e+01
      vertex   -7.645610e+01 -6.411594e+00 1.211126e+01
      vertex   -7.669514e+01 -6.463943e+00 1.211126e+01
    endloop
  endfacet
  facet normal 9.169037e-02 -9.894967e-01 1.117548e-01
    outer loop
      vertex   -7.669322e+01 -6.476331e+00 1.200000e+01
      vertex   -7.669514e+01 -6.463943e+00 1.211126e+01
      vertex   -7.693841e+01 -6.499051e+00 1.200000e+01
    endloop
  endfacet
  facet normal 9.169037e-02 -9.894967e-01 1.117548e-01
    outer loop
      vertex   -7.693841e+01 -6.499051e+00 1.200000e+01
      vertex   -7.669514e+01 -6.463943e+00 1.211126e+01
      vertex   -7.693880e+01 -6.486521e+00 1.211126e+01
    endloop
  endfacet
  facet normal -3.060215e-02 -9.932645e-01 1.117548e-01
    outer loop
      vertex   -7.693841e+01 -6.499051e+00 1.200000e+01
      vertex   -7.693880e+01 -6.486521e+00 1.211126e+01
      vertex   -7.718454e+01 -6.491468e+00 1.200000e+01
    endloop
  endfacet
  facet normal -3.060215e-02 -9.932645e-01 1.117548e-01
    outer loop
      vertex   -7.718454e+01 -6.491468e+00 1.200000e+01
      vertex   -7.693880e+01 -6.486521e+00 1.211126e+01
      vertex   -7.718338e+01 -6.478986e+00 1.211126e+01
    endloop
  endfacet
  facet normal -1.524308e-01 -9.819754e-01 1.117548e-01
    outer loop
      vertex   -7.718454e+01 -6.491468e+00 1.200000e+01
      vertex   -7.718338e+01 -6.478986e+00 1.211126e+01
      vertex   -7.742787e+01 -6.453697e+00 1.200000e+01
    endloop
  endfacet
  facet normal -1.524308e-01 -9.819754e-01 1.117548e-01
    outer loop
      vertex   -7.742787e+01 -6.453697e+00 1.200000e+01
      vertex   -7.718338e+01 -6.478986e+00 1.211126e+01
      vertex   -7.742518e+01 -6.441451e+00 1.211126e+01
    endloop
  endfacet
  facet normal -2.719487e-01 -9.558006e-01 1.117548e-01
    outer loop
      vertex   -7.742787e+01 -6.453697e+00 1.200000e+01
      vertex   -7.742518e+01 -6.441451e+00 1.211126e+01
      vertex   -7.766471e+01 -6.386309e+00 1.200000e+01
    endloop
  endfacet
  facet normal -2.719487e-01 -9.558006e-01 1.117548e-01
    outer loop
      vertex   -7.766471e+01 -6.386309e+00 1.200000e+01
      vertex   -7.742518e+01 -6.441451e+00 1.211126e+01
      vertex   -7.766054e+01 -6.374485e+00 1.211126e+01
    endloop
  endfacet
  facet normal -3.873442e-01 -9.151368e-01 1.117548e-01
    outer loop
      vertex   -7.766471e+01 -6.386309e+00 1.200000e+01
      vertex   -7.766054e+01 -6.374485e+00 1.211126e+01
      vertex   -7.789148e+01 -6.290327e+00 1.200000e+01
    endloop
  endfacet
  facet normal -3.873442e-01 -9.151368e-01 1.117548e-01
    outer loop
      vertex   -7.789148e+01 -6.290327e+00 1.200000e+01
      vertex   -7.766054e+01 -6.374485e+00 1.211126e+01
      vertex   -7.788589e+01 -6.279105e+00 1.211126e+01
    endloop
  endfacet
  facet normal -4.968679e-01 -8.606005e-01 1.117548e-01
    outer loop
      vertex   -7.789148e+01 -6.290327e+00 1.200000e+01
      vertex   -7.788589e+01 -6.279105e+00 1.211126e+01
      vertex   -7.810473e+01 -6.167205e+00 1.200000e+01
    endloop
  endfacet
  facet normal -4.968679e-01 -8.606005e-01 1.117548e-01
    outer loop
      vertex   -7.810473e+01 -6.167205e+00 1.200000e+01
      vertex   -7.788589e+01 -6.279105e+00 1.211126e+01
      vertex   -7.809781e+01 -6.156755e+00 1.211126e+01
    endloop
  endfacet
  facet normal -5.988596e-01 -7.930183e-01 1.117548e-01
    outer loop
      vertex   -7.810473e+01 -6.167205e+00 1.200000e+01
      vertex   -7.809781e+01 -6.156755e+00 1.211126e+01
      vertex   -7.830124e+01 -6.018810e+00 1.200000e+01
    endloop
  endfacet
  facet normal -5.988596e-01 -7.930183e-01 1.117548e-01
    outer loop
      vertex   -7.830124e+01 -6.018810e+00 1.200000e+01
      vertex   -7.809781e+01 -6.156755e+00 1.211126e+01
      vertex   -7.829308e+01 -6.009290e+00 1.211126e+01
    endloop
  endfacet
  facet normal -6.917732e-01 -7.134148e-01 1.117548e-01
    outer loop
      vertex   -7.830124e+01 -6.018810e+00 1.200000e+01
      vertex   -7.829308e+01 -6.009290e+00 1.211126e+01
      vertex   -7.847802e+01 -5.847391e+00 1.200000e+01
    endloop
  endfacet
  facet normal -6.917732e-01 -7.134148e-01 1.117548e-01
    outer loop
      vertex   -7.847802e+01 -5.847391e+00 1.200000e+01
      vertex   -7.829308e+01 -6.009290e+00 1.211126e+01
      vertex   -7.846875e+01 -5.838946e+00 1.211126e+01
    endloop
  endfacet
  facet normal -7.742003e-01 -6.229966e-01 1.117548e-01
    outer loop
      vertex   -7.847802e+01 -5.847391e+00 1.200000e+01
      vertex   -7.846875e+01 -5.838946e+00 1.211126e+01
      vertex   -7.863239e+01 -5.655548e+00 1.200000e+01
    endloop
  endfacet
  facet normal -7.742003e-01 -6.229966e-01 1.117548e-01
    outer loop
      vertex   -7.863239e+01 -5.655548e+00 1.200000e+01
      vertex   -7.846875e+01 -5.838946e+00 1.211126e+01
      vertex   -7.862216e+01 -5.648305e+00 1.211126e+01
    endloop
  endfacet
  facet normal -8.448912e-01 -5.231345e-01 1.117548e-01
    outer loop
      vertex   -7.863239e+01 -5.655548e+00 1.200000e+01
      vertex   -7.862216e+01 -5.648305e+00 1.211126e+01
      vertex   -7.876202e+01 -5.446187e+00 1.200000e+01
    endloop
  endfacet
  facet normal -8.448912e-01 -5.231345e-01 1.117548e-01
    outer loop
      vertex   -7.876202e+01 -5.446187e+00 1.200000e+01
      vertex   -7.862216e+01 -5.648305e+00 1.211126e+01
      vertex   -7.875098e+01 -5.440256e+00 1.211126e+01
    endloop
  endfacet
  facet normal -9.027745e-01 -4.153422e-01 1.117548e-01
    outer loop
      vertex   -7.876202e+01 -5.446187e+00 1.200000e+01
      vertex   -7.875098e+01 -5.440256e+00 1.211126e+01
      vertex   -7.886494e+01 -5.222483e+00 1.200000e+01
    endloop
  endfacet
  facet normal -9.027745e-01 -4.153422e-01 1.117548e-01
    outer loop
      vertex   -7.886494e+01 -5.222483e+00 1.200000e+01
      vertex   -7.875098e+01 -5.440256e+00 1.211126e+01
      vertex   -7.885325e+01 -5.217955e+00 1.211126e+01
    endloop
  endfacet
  facet normal -9.469726e-01 -3.012537e-01 1.117548e-01
    outer loop
      vertex   -7.886494e+01 -5.222483e+00 1.200000e+01
      vertex   -7.885325e+01 -5.217955e+00 1.211126e+01
      vertex   -7.893959e+01 -4.987827e+00 1.200000e+01
    endloop
  endfacet
  facet normal -9.469726e-01 -3.012537e-01 1.117548e-01
    outer loop
      vertex   -7.893959e+01 -4.987827e+00 1.200000e+01
      vertex   -7.885325e+01 -5.217955e+00 1.211126e+01
      vertex   -7.892744e+01 -4.984770e+00 1.211126e+01
    endloop
  endfacet
  facet normal -9.768156e-01 -1.825985e-01 1.117548e-01
    outer loop
      vertex   -7.893959e+01 -4.987827e+00 1.200000e+01
      vertex   -7.892744e+01 -4.984770e+00 1.211126e+01
      vertex   -7.898484e+01 -4.745777e+00 1.200000e+01
    endloop
  endfacet
  facet normal -9.768156e-01 -1.825985e-01 1.117548e-01
    outer loop
      vertex   -7.898484e+01 -4.745777e+00 1.200000e+01
      vertex   -7.892744e+01 -4.984770e+00 1.211126e+01
      vertex   -7.897240e+01 -4.744236e+00 1.211126e+01
    endloop
  endfacet
  facet normal -1.100570e-01 7.871431e-03 9.938941e-01
    outer loop
      vertex   -7.848473e+01 -4.286528e+00 1.250000e+01
      vertex   -7.859905e+01 -4.301995e+00 1.248746e+01
      vertex   -7.850000e+01 -4.500000e+00 1.250000e+01
    endloop
  endfacet
  facet normal -1.119618e-01 6.905568e-03 9.936885e-01
    outer loop
      vertex   -7.850000e+01 -4.500000e+00 1.250000e+01
      vertex   -7.859905e+01 -4.301995e+00 1.248746e+01
      vertex   -7.861126e+01 -4.500000e+00 1.248746e+01
    endloop
  endfacet
  facet normal -1.119618e-01 -6.905568e-03 9.936885e-01
    outer loop
      vertex   -7.850000e+01 -4.500000e+00 1.250000e+01
      vertex   -7.861126e+01 -4.500000e+00 1.248746e+01
      vertex   -7.859905e+01 -4.698005e+00 1.248746e+01
    endloop
  endfacet
  facet normal -3.302106e-01 -2.036669e-02 9.436875e-01
    outer loop
      vertex   -7.859905e+01 -4.698005e+00 1.248746e+01
      vertex   -7.861126e+01 -4.500000e+00 1.248746e+01
      vertex   -7.871694e+01 -4.500000e+00 1.245048e+01
    endloop
  endfacet
  facet normal -3.302106e-01 -2.036669e-02 9.436875e-01
    outer loop
      vertex   -7.859905e+01 -4.698005e+00 1.248746e+01
      vertex   -7.871694e+01 -4.500000e+00 1.245048e+01
      vertex   -7.870393e+01 -4.710992e+00 1.245048e+01
    endloop
  endfacet
  facet normal -5.317459e-01 -3.279696e-02 8.462687e-01
    outer loop
      vertex   -7.870393e+01 -4.710992e+00 1.245048e+01
      vertex   -7.871694e+01 -4.500000e+00 1.245048e+01
      vertex   -7.881174e+01 -4.500000e+00 1.239092e+01
    endloop
  endfacet
  facet normal -5.317459e-01 -3.279696e-02 8.462687e-01
    outer loop
      vertex   -7.870393e+01 -4.710992e+00 1.245048e+01
      vertex   -7.881174e+01 -4.500000e+00 1.239092e+01
      vertex   -7.879801e+01 -4.722642e+00 1.239092e+01
    endloop
  endfacet
  facet normal -7.064353e-01 -4.357143e-02 7.064353e-01
    outer loop
      vertex   -7.879801e+01 -4.722642e+00 1.239092e+01
      vertex   -7.881174e+01 -4.500000e+00 1.239092e+01
      vertex   -7.889092e+01 -4.500000e+00 1.231174e+01
    endloop
  endfacet
  facet normal -7.064353e-01 -4.357143e-02 7.064353e-01
    outer loop
      vertex   -7.879801e+01 -4.722642e+00 1.239092e+01
      vertex   -7.889092e+01 -4.500000e+00 1.231174e+01
      vertex   -7.887658e+01 -4.732371e+00 1.231174e+01
    endloop
  endfacet
  facet normal -8.455719e-01 -5.215309e-02 5.313080e-01
    outer loop
      vertex   -7.887658e+01 -4.732371e+00 1.231174e+01
      vertex   -7.889092e+01 -4.500000e+00 1.231174e+01
      vertex   -7.895048e+01 -4.500000e+00 1.221694e+01
    endloop
  endfacet
  facet normal -8.455719e-01 -5.215309e-02 5.313080e-01
    outer loop
      vertex   -7.887658e+01 -4.732371e+00 1.231174e+01
      vertex   -7.895048e+01 -4.500000e+00 1.221694e+01
      vertex   -7.893570e+01 -4.739692e+00 1.221694e+01
    endloop
  endfacet
  facet normal -9.422879e-01 -5.811833e-02 3.297208e-01
    outer loop
      vertex   -7.893570e+01 -4.739692e+00 1.221694e+01
      vertex   -7.895048e+01 -4.500000e+00 1.221694e+01
      vertex   -7.898746e+01 -4.500000e+00 1.211126e+01
    endloop
  endfacet
  facet normal -9.422879e-01 -5.811833e-02 3.297208e-01
    outer loop
      vertex   -7.893570e+01 -4.739692e+00 1.221694e+01
      vertex   -7.898746e+01 -4.500000e+00 1.211126e+01
      vertex   -7.897240e+01 -4.744236e+00 1.211126e+01
    endloop
  endfacet
  facet normal -1.117774e-01 2.089481e-02 9.935136e-01
    outer loop
      vertex   -7.859905e+01 -4.301995e+00 1.248746e+01
      vertex   -7.848473e+01 -4.286528e+00 1.250000e+01
      vertex   -7.856260e+01 -4.106991e+00 1.248746e+01
    endloop
  endfacet
  facet normal -1.065802e-01 2.318510e-02 9.940338e-01
    outer loop
      vertex   -7.856260e+01 -4.106991e+00 1.248746e+01
      vertex   -7.848473e+01 -4.286528e+00 1.250000e+01
      vertex   -7.843924e+01 -4.077401e+00 1.250000e+01
    endloop
  endfacet
  facet normal -1.092946e-01 3.476913e-02 9.934011e-01
    outer loop
      vertex   -7.856260e+01 -4.106991e+00 1.248746e+01
      vertex   -7.843924e+01 -4.077401e+00 1.250000e+01
      vertex   -7.850246e+01 -3.917946e+00 1.248746e+01
    endloop
  endfacet
  facet normal -1.015743e-01 3.788527e-02 9.941063e-01
    outer loop
      vertex   -7.850246e+01 -3.917946e+00 1.248746e+01
      vertex   -7.843924e+01 -4.077401e+00 1.250000e+01
      vertex   -7.836445e+01 -3.876877e+00 1.250000e+01
    endloop
  endfacet
  facet normal -1.045455e-01 4.809855e-02 9.933563e-01
    outer loop
      vertex   -7.850246e+01 -3.917946e+00 1.248746e+01
      vertex   -7.836445e+01 -3.876877e+00 1.250000e+01
      vertex   -7.841954e+01 -3.737723e+00 1.248746e+01
    endloop
  endfacet
  facet normal -9.507656e-02 5.191573e-02 9.941153e-01
    outer loop
      vertex   -7.841954e+01 -3.737723e+00 1.248746e+01
      vertex   -7.836445e+01 -3.876877e+00 1.250000e+01
      vertex   -7.826188e+01 -3.689039e+00 1.250000e+01
    endloop
  endfacet
  facet normal -9.765905e-02 6.046793e-02 9.933813e-01
    outer loop
      vertex   -7.841954e+01 -3.737723e+00 1.248746e+01
      vertex   -7.826188e+01 -3.689039e+00 1.250000e+01
      vertex   -7.831511e+01 -3.569056e+00 1.248746e+01
    endloop
  endfacet
  facet normal -8.711745e-02 6.521531e-02 9.940611e-01
    outer loop
      vertex   -7.831511e+01 -3.569056e+00 1.248746e+01
      vertex   -7.826188e+01 -3.689039e+00 1.250000e+01
      vertex   -7.813362e+01 -3.517709e+00 1.250000e+01
    endloop
  endfacet
  facet normal -8.885562e-02 7.150185e-02 9.934748e-01
    outer loop
      vertex   -7.831511e+01 -3.569056e+00 1.248746e+01
      vertex   -7.813362e+01 -3.517709e+00 1.250000e+01
      vertex   -7.819074e+01 -3.414501e+00 1.248746e+01
    endloop
  endfacet
  facet normal -7.772034e-02 7.772034e-02 9.939412e-01
    outer loop
      vertex   -7.819074e+01 -3.414501e+00 1.248746e+01
      vertex   -7.813362e+01 -3.517709e+00 1.250000e+01
      vertex   -7.798229e+01 -3.366376e+00 1.250000e+01
    endloop
  endfacet
  facet normal -7.843277e-02 8.088648e-02 9.936326e-01
    outer loop
      vertex   -7.819074e+01 -3.414501e+00 1.248746e+01
      vertex   -7.798229e+01 -3.366376e+00 1.250000e+01
      vertex   -7.804832e+01 -3.276401e+00 1.248746e+01
    endloop
  endfacet
  facet normal -6.727689e-02 8.908900e-02 9.937489e-01
    outer loop
      vertex   -7.804832e+01 -3.276401e+00 1.248746e+01
      vertex   -7.798229e+01 -3.366376e+00 1.250000e+01
      vertex   -7.789000e+01 -3.156849e+00 1.248746e+01
    endloop
  endfacet
  facet normal -1.993745e-01 2.640145e-01 9.436875e-01
    outer loop
      vertex   -7.804832e+01 -3.276401e+00 1.248746e+01
      vertex   -7.789000e+01 -3.156849e+00 1.248746e+01
      vertex   -7.794838e+01 -3.068753e+00 1.245048e+01
    endloop
  endfacet
  facet normal -1.654190e-01 2.865142e-01 9.436875e-01
    outer loop
      vertex   -7.794838e+01 -3.068753e+00 1.245048e+01
      vertex   -7.789000e+01 -3.156849e+00 1.248746e+01
      vertex   -7.776531e+01 -2.963057e+00 1.245048e+01
    endloop
  endfacet
  facet normal -2.663782e-01 4.613805e-01 8.462687e-01
    outer loop
      vertex   -7.794838e+01 -3.068753e+00 1.245048e+01
      vertex   -7.776531e+01 -2.963057e+00 1.245048e+01
      vertex   -7.780756e+01 -2.878192e+00 1.239092e+01
    endloop
  endfacet
  facet normal -2.076609e-01 4.906182e-01 8.462687e-01
    outer loop
      vertex   -7.780756e+01 -2.878192e+00 1.239092e+01
      vertex   -7.776531e+01 -2.963057e+00 1.245048e+01
      vertex   -7.760214e+01 -2.791245e+00 1.239092e+01
    endloop
  endfacet
  facet normal -2.758817e-01 6.517964e-01 7.064353e-01
    outer loop
      vertex   -7.780756e+01 -2.878192e+00 1.239092e+01
      vertex   -7.760214e+01 -2.791245e+00 1.239092e+01
      vertex   -7.762845e+01 -2.716574e+00 1.231174e+01
    endloop
  endfacet
  facet normal -1.936926e-01 6.807587e-01 7.064353e-01
    outer loop
      vertex   -7.762845e+01 -2.716574e+00 1.231174e+01
      vertex   -7.760214e+01 -2.791245e+00 1.239092e+01
      vertex   -7.740453e+01 -2.652862e+00 1.231174e+01
    endloop
  endfacet
  facet normal -2.318415e-01 8.148382e-01 5.313080e-01
    outer loop
      vertex   -7.762845e+01 -2.716574e+00 1.231174e+01
      vertex   -7.740453e+01 -2.652862e+00 1.231174e+01
      vertex   -7.741727e+01 -2.594673e+00 1.221694e+01
    endloop
  endfacet
  facet normal -1.299501e-01 8.371528e-01 5.313080e-01
    outer loop
      vertex   -7.741727e+01 -2.594673e+00 1.221694e+01
      vertex   -7.740453e+01 -2.652862e+00 1.231174e+01
      vertex   -7.717997e+01 -2.557836e+00 1.221694e+01
    endloop
  endfacet
  facet normal -1.448138e-01 9.329058e-01 3.297208e-01
    outer loop
      vertex   -7.741727e+01 -2.594673e+00 1.221694e+01
      vertex   -7.717997e+01 -2.557836e+00 1.221694e+01
      vertex   -7.718338e+01 -2.521014e+00 1.211126e+01
    endloop
  endfacet
  facet normal -2.907295e-02 9.436307e-01 3.297208e-01
    outer loop
      vertex   -7.718338e+01 -2.521014e+00 1.211126e+01
      vertex   -7.717997e+01 -2.557836e+00 1.221694e+01
      vertex   -7.693880e+01 -2.513479e+00 1.211126e+01
    endloop
  endfacet
  facet normal -6.640922e-02 8.871234e-02 9.938410e-01
    outer loop
      vertex   -7.798229e+01 -3.366376e+00 1.250000e+01
      vertex   -7.781096e+01 -3.238120e+00 1.250000e+01
      vertex   -7.789000e+01 -3.156849e+00 1.248746e+01
    endloop
  endfacet
  facet normal -5.666466e-02 9.814607e-02 9.935575e-01
    outer loop
      vertex   -7.789000e+01 -3.156849e+00 1.248746e+01
      vertex   -7.781096e+01 -3.238120e+00 1.250000e+01
      vertex   -7.771820e+01 -3.057659e+00 1.248746e+01
    endloop
  endfacet
  facet normal -1.654190e-01 2.865142e-01 9.436875e-01
    outer loop
      vertex   -7.789000e+01 -3.156849e+00 1.248746e+01
      vertex   -7.771820e+01 -3.057659e+00 1.248746e+01
      vertex   -7.776531e+01 -2.963057e+00 1.245048e+01
    endloop
  endfacet
  facet normal -1.289560e-01 3.046706e-01 9.436875e-01
    outer loop
      vertex   -7.776531e+01 -2.963057e+00 1.245048e+01
      vertex   -7.771820e+01 -3.057659e+00 1.248746e+01
      vertex   -7.757063e+01 -2.880659e+00 1.245048e+01
    endloop
  endfacet
  facet normal -2.076609e-01 4.906182e-01 8.462687e-01
    outer loop
      vertex   -7.776531e+01 -2.963057e+00 1.245048e+01
      vertex   -7.757063e+01 -2.880659e+00 1.245048e+01
      vertex   -7.760214e+01 -2.791245e+00 1.239092e+01
    endloop
  endfacet
  facet normal -1.457957e-01 5.124187e-01 8.462687e-01
    outer loop
      vertex   -7.760214e+01 -2.791245e+00 1.239092e+01
      vertex   -7.757063e+01 -2.880659e+00 1.245048e+01
      vertex   -7.738759e+01 -2.730200e+00 1.239092e+01
    endloop
  endfacet
  facet normal -1.936926e-01 6.807587e-01 7.064353e-01
    outer loop
      vertex   -7.760214e+01 -2.791245e+00 1.239092e+01
      vertex   -7.738759e+01 -2.730200e+00 1.239092e+01
      vertex   -7.740453e+01 -2.652862e+00 1.231174e+01
    endloop
  endfacet
  facet normal -1.085672e-01 6.994015e-01 7.064353e-01
    outer loop
      vertex   -7.740453e+01 -2.652862e+00 1.231174e+01
      vertex   -7.738759e+01 -2.730200e+00 1.239092e+01
      vertex   -7.717447e+01 -2.617151e+00 1.231174e+01
    endloop
  endfacet
  facet normal -1.299501e-01 8.371528e-01 5.313080e-01
    outer loop
      vertex   -7.740453e+01 -2.652862e+00 1.231174e+01
      vertex   -7.717447e+01 -2.617151e+00 1.231174e+01
      vertex   -7.717997e+01 -2.557836e+00 1.221694e+01
    endloop
  endfacet
  facet normal -2.608892e-02 8.467769e-01 5.313080e-01
    outer loop
      vertex   -7.717997e+01 -2.557836e+00 1.221694e+01
      vertex   -7.717447e+01 -2.617151e+00 1.231174e+01
      vertex   -7.693993e+01 -2.550441e+00 1.221694e+01
    endloop
  endfacet
  facet normal -2.907295e-02 9.436307e-01 3.297208e-01
    outer loop
      vertex   -7.717997e+01 -2.557836e+00 1.221694e+01
      vertex   -7.693993e+01 -2.550441e+00 1.221694e+01
      vertex   -7.693880e+01 -2.513479e+00 1.211126e+01
    endloop
  endfacet
  facet normal 8.710857e-02 9.400512e-01 3.297208e-01
    outer loop
      vertex   -7.693880e+01 -2.513479e+00 1.211126e+01
      vertex   -7.693993e+01 -2.550441e+00 1.221694e+01
      vertex   -7.669514e+01 -2.536057e+00 1.211126e+01
    endloop
  endfacet
  facet normal -5.241618e-02 9.599307e-02 9.940009e-01
    outer loop
      vertex   -7.781096e+01 -3.238120e+00 1.250000e+01
      vertex   -7.762312e+01 -3.135552e+00 1.250000e+01
      vertex   -7.771820e+01 -3.057659e+00 1.248746e+01
    endloop
  endfacet
  facet normal -4.461941e-02 1.054175e-01 9.934265e-01
    outer loop
      vertex   -7.771820e+01 -3.057659e+00 1.248746e+01
      vertex   -7.762312e+01 -3.135552e+00 1.250000e+01
      vertex   -7.753551e+01 -2.980333e+00 1.248746e+01
    endloop
  endfacet
  facet normal -1.289560e-01 3.046706e-01 9.436875e-01
    outer loop
      vertex   -7.771820e+01 -3.057659e+00 1.248746e+01
      vertex   -7.753551e+01 -2.980333e+00 1.248746e+01
      vertex   -7.757063e+01 -2.880659e+00 1.245048e+01
    endloop
  endfacet
  facet normal -9.053813e-02 3.182085e-01 9.436875e-01
    outer loop
      vertex   -7.757063e+01 -2.880659e+00 1.245048e+01
      vertex   -7.753551e+01 -2.980333e+00 1.248746e+01
      vertex   -7.736731e+01 -2.822808e+00 1.245048e+01
    endloop
  endfacet
  facet normal -1.457957e-01 5.124187e-01 8.462687e-01
    outer loop
      vertex   -7.757063e+01 -2.880659e+00 1.245048e+01
      vertex   -7.736731e+01 -2.822808e+00 1.245048e+01
      vertex   -7.738759e+01 -2.730200e+00 1.239092e+01
    endloop
  endfacet
  facet normal -8.172037e-02 5.264514e-01 8.462687e-01
    outer loop
      vertex   -7.738759e+01 -2.730200e+00 1.239092e+01
      vertex   -7.736731e+01 -2.822808e+00 1.245048e+01
      vertex   -7.716717e+01 -2.695984e+00 1.239092e+01
    endloop
  endfacet
  facet normal -1.085672e-01 6.994015e-01 7.064353e-01
    outer loop
      vertex   -7.738759e+01 -2.730200e+00 1.239092e+01
      vertex   -7.716717e+01 -2.695984e+00 1.239092e+01
      vertex   -7.717447e+01 -2.617151e+00 1.231174e+01
    endloop
  endfacet
  facet normal -2.179605e-02 7.074420e-01 7.064353e-01
    outer loop
      vertex   -7.717447e+01 -2.617151e+00 1.231174e+01
      vertex   -7.716717e+01 -2.695984e+00 1.239092e+01
      vertex   -7.694177e+01 -2.609981e+00 1.231174e+01
    endloop
  endfacet
  facet normal -2.608892e-02 8.467769e-01 5.313080e-01
    outer loop
      vertex   -7.717447e+01 -2.617151e+00 1.231174e+01
      vertex   -7.694177e+01 -2.609981e+00 1.231174e+01
      vertex   -7.693993e+01 -2.550441e+00 1.221694e+01
    endloop
  endfacet
  facet normal 7.816779e-02 8.435648e-01 5.313080e-01
    outer loop
      vertex   -7.693993e+01 -2.550441e+00 1.221694e+01
      vertex   -7.694177e+01 -2.609981e+00 1.231174e+01
      vertex   -7.670081e+01 -2.572599e+00 1.221694e+01
    endloop
  endfacet
  facet normal 8.710857e-02 9.400512e-01 3.297208e-01
    outer loop
      vertex   -7.693993e+01 -2.550441e+00 1.221694e+01
      vertex   -7.670081e+01 -2.572599e+00 1.221694e+01
      vertex   -7.669514e+01 -2.536057e+00 1.211126e+01
    endloop
  endfacet
  facet normal 2.019696e-01 9.222215e-01 3.297208e-01
    outer loop
      vertex   -7.669514e+01 -2.536057e+00 1.211126e+01
      vertex   -7.670081e+01 -2.572599e+00 1.221694e+01
      vertex   -7.645610e+01 -2.588406e+00 1.211126e+01
    endloop
  endfacet
  facet normal -3.793058e-02 1.016958e-01 9.940922e-01
    outer loop
      vertex   -7.762312e+01 -3.135552e+00 1.250000e+01
      vertex   -7.742260e+01 -3.060761e+00 1.250000e+01
      vertex   -7.753551e+01 -2.980333e+00 1.248746e+01
    endloop
  endfacet
  facet normal -3.147942e-02 1.106387e-01 9.933620e-01
    outer loop
      vertex   -7.753551e+01 -2.980333e+00 1.248746e+01
      vertex   -7.742260e+01 -3.060761e+00 1.250000e+01
      vertex   -7.734470e+01 -2.926043e+00 1.248746e+01
    endloop
  endfacet
  facet normal -9.053813e-02 3.182085e-01 9.436875e-01
    outer loop
      vertex   -7.753551e+01 -2.980333e+00 1.248746e+01
      vertex   -7.734470e+01 -2.926043e+00 1.248746e+01
      vertex   -7.736731e+01 -2.822808e+00 1.245048e+01
    endloop
  endfacet
  facet normal -5.074780e-02 3.269227e-01 9.436875e-01
    outer loop
      vertex   -7.736731e+01 -2.822808e+00 1.245048e+01
      vertex   -7.734470e+01 -2.926043e+00 1.248746e+01
      vertex   -7.715842e+01 -2.790382e+00 1.245048e+01
    endloop
  endfacet
  facet normal -8.172037e-02 5.264514e-01 8.462687e-01
    outer loop
      vertex   -7.736731e+01 -2.822808e+00 1.245048e+01
      vertex   -7.715842e+01 -2.790382e+00 1.245048e+01
      vertex   -7.716717e+01 -2.695984e+00 1.239092e+01
    endloop
  endfacet
  facet normal -1.640626e-02 5.325036e-01 8.462687e-01
    outer loop
      vertex   -7.716717e+01 -2.695984e+00 1.239092e+01
      vertex   -7.715842e+01 -2.790382e+00 1.245048e+01
      vertex   -7.694421e+01 -2.689114e+00 1.239092e+01
    endloop
  endfacet
  facet normal -2.179605e-02 7.074420e-01 7.064353e-01
    outer loop
      vertex   -7.716717e+01 -2.695984e+00 1.239092e+01
      vertex   -7.694421e+01 -2.689114e+00 1.239092e+01
      vertex   -7.694177e+01 -2.609981e+00 1.231174e+01
    endloop
  endfacet
  facet normal 6.530548e-02 7.047584e-01 7.064353e-01
    outer loop
      vertex   -7.694177e+01 -2.609981e+00 1.231174e+01
      vertex   -7.694421e+01 -2.689114e+00 1.239092e+01
      vertex   -7.670995e+01 -2.631462e+00 1.231174e+01
    endloop
  endfacet
  facet normal 7.816779e-02 8.435648e-01 5.313080e-01
    outer loop
      vertex   -7.694177e+01 -2.609981e+00 1.231174e+01
      vertex   -7.670995e+01 -2.631462e+00 1.231174e+01
      vertex   -7.670081e+01 -2.572599e+00 1.221694e+01
    endloop
  endfacet
  facet normal 1.812396e-01 8.275651e-01 5.313080e-01
    outer loop
      vertex   -7.670081e+01 -2.572599e+00 1.221694e+01
      vertex   -7.670995e+01 -2.631462e+00 1.231174e+01
      vertex   -7.646622e+01 -2.623974e+00 1.221694e+01
    endloop
  endfacet
  facet normal 2.019696e-01 9.222215e-01 3.297208e-01
    outer loop
      vertex   -7.670081e+01 -2.572599e+00 1.221694e+01
      vertex   -7.646622e+01 -2.623974e+00 1.221694e+01
      vertex   -7.645610e+01 -2.588406e+00 1.211126e+01
    endloop
  endfacet
  facet normal 3.137690e-01 8.904118e-01 3.297208e-01
    outer loop
      vertex   -7.645610e+01 -2.588406e+00 1.211126e+01
      vertex   -7.646622e+01 -2.623974e+00 1.221694e+01
      vertex   -7.622531e+01 -2.669733e+00 1.211126e+01
    endloop
  endfacet
  facet normal -2.301912e-02 1.058172e-01 9.941191e-01
    outer loop
      vertex   -7.742260e+01 -3.060761e+00 1.250000e+01
      vertex   -7.721347e+01 -3.015268e+00 1.250000e+01
      vertex   -7.734470e+01 -2.926043e+00 1.248746e+01
    endloop
  endfacet
  facet normal -1.763801e-02 1.136259e-01 9.933670e-01
    outer loop
      vertex   -7.734470e+01 -2.926043e+00 1.248746e+01
      vertex   -7.721347e+01 -3.015268e+00 1.250000e+01
      vertex   -7.714867e+01 -2.895613e+00 1.248746e+01
    endloop
  endfacet
  facet normal -5.074780e-02 3.269227e-01 9.436875e-01
    outer loop
      vertex   -7.734470e+01 -2.926043e+00 1.248746e+01
      vertex   -7.714867e+01 -2.895613e+00 1.248746e+01
      vertex   -7.715842e+01 -2.790382e+00 1.245048e+01
    endloop
  endfacet
  facet normal -1.018818e-02 3.306811e-01 9.436875e-01
    outer loop
      vertex   -7.715842e+01 -2.790382e+00 1.245048e+01
      vertex   -7.714867e+01 -2.895613e+00 1.248746e+01
      vertex   -7.694713e+01 -2.783872e+00 1.245048e+01
    endloop
  endfacet
  facet normal -1.640626e-02 5.325036e-01 8.462687e-01
    outer loop
      vertex   -7.715842e+01 -2.790382e+00 1.245048e+01
      vertex   -7.694713e+01 -2.783872e+00 1.245048e+01
      vertex   -7.694421e+01 -2.689114e+00 1.239092e+01
    endloop
  endfacet
  facet normal 4.915655e-02 5.304837e-01 8.462687e-01
    outer loop
      vertex   -7.694421e+01 -2.689114e+00 1.239092e+01
      vertex   -7.694713e+01 -2.783872e+00 1.245048e+01
      vertex   -7.672209e+01 -2.709696e+00 1.239092e+01
    endloop
  endfacet
  facet normal 6.530548e-02 7.047584e-01 7.064353e-01
    outer loop
      vertex   -7.694421e+01 -2.689114e+00 1.239092e+01
      vertex   -7.672209e+01 -2.709696e+00 1.239092e+01
      vertex   -7.670995e+01 -2.631462e+00 1.231174e+01
    endloop
  endfacet
  facet normal 1.514171e-01 6.913914e-01 7.064353e-01
    outer loop
      vertex   -7.670995e+01 -2.631462e+00 1.231174e+01
      vertex   -7.672209e+01 -2.709696e+00 1.239092e+01
      vertex   -7.648253e+01 -2.681269e+00 1.231174e+01
    endloop
  endfacet
  facet normal 1.812396e-01 8.275651e-01 5.313080e-01
    outer loop
      vertex   -7.670995e+01 -2.631462e+00 1.231174e+01
      vertex   -7.648253e+01 -2.681269e+00 1.231174e+01
      vertex   -7.646622e+01 -2.623974e+00 1.221694e+01
    endloop
  endfacet
  facet normal 2.815639e-01 7.990204e-01 5.313080e-01
    outer loop
      vertex   -7.646622e+01 -2.623974e+00 1.221694e+01
      vertex   -7.648253e+01 -2.681269e+00 1.231174e+01
      vertex   -7.623973e+01 -2.703788e+00 1.221694e+01
    endloop
  endfacet
  facet normal 3.137690e-01 8.904118e-01 3.297208e-01
    outer loop
      vertex   -7.646622e+01 -2.623974e+00 1.221694e+01
      vertex   -7.623973e+01 -2.703788e+00 1.221694e+01
      vertex   -7.622531e+01 -2.669733e+00 1.211126e+01
    endloop
  endfacet
  facet normal 4.208120e-01 8.451044e-01 3.297208e-01
    outer loop
      vertex   -7.622531e+01 -2.669733e+00 1.211126e+01
      vertex   -7.623973e+01 -2.703788e+00 1.221694e+01
      vertex   -7.600627e+01 -2.778806e+00 1.211126e+01
    endloop
  endfacet
  facet normal -7.748999e-03 1.083452e-01 9.940831e-01
    outer loop
      vertex   -7.721347e+01 -3.015268e+00 1.250000e+01
      vertex   -7.700000e+01 -3.000000e+00 1.250000e+01
      vertex   -7.714867e+01 -2.895613e+00 1.248746e+01
    endloop
  endfacet
  facet normal -3.521216e-03 1.142893e-01 9.934413e-01
    outer loop
      vertex   -7.714867e+01 -2.895613e+00 1.248746e+01
      vertex   -7.700000e+01 -3.000000e+00 1.250000e+01
      vertex   -7.695038e+01 -2.889504e+00 1.248746e+01
    endloop
  endfacet
  facet normal -1.018818e-02 3.306811e-01 9.436875e-01
    outer loop
      vertex   -7.714867e+01 -2.895613e+00 1.248746e+01
      vertex   -7.695038e+01 -2.889504e+00 1.248746e+01
      vertex   -7.694713e+01 -2.783872e+00 1.245048e+01
    endloop
  endfacet
  facet normal 3.052588e-02 3.294267e-01 9.436875e-01
    outer loop
      vertex   -7.694713e+01 -2.783872e+00 1.245048e+01
      vertex   -7.695038e+01 -2.889504e+00 1.248746e+01
      vertex   -7.673664e+01 -2.803377e+00 1.245048e+01
    endloop
  endfacet
  facet normal 4.915655e-02 5.304837e-01 8.462687e-01
    outer loop
      vertex   -7.694713e+01 -2.783872e+00 1.245048e+01
      vertex   -7.673664e+01 -2.803377e+00 1.245048e+01
      vertex   -7.672209e+01 -2.709696e+00 1.239092e+01
    endloop
  endfacet
  facet normal 1.139742e-01 5.204221e-01 8.462687e-01
    outer loop
      vertex   -7.672209e+01 -2.709696e+00 1.239092e+01
      vertex   -7.673664e+01 -2.803377e+00 1.245048e+01
      vertex   -7.650419e+01 -2.757417e+00 1.239092e+01
    endloop
  endfacet
  facet normal 1.514171e-01 6.913914e-01 7.064353e-01
    outer loop
      vertex   -7.672209e+01 -2.709696e+00 1.239092e+01
      vertex   -7.650419e+01 -2.757417e+00 1.239092e+01
      vertex   -7.648253e+01 -2.681269e+00 1.231174e+01
    endloop
  endfacet
  facet normal 2.352333e-01 6.675437e-01 7.064353e-01
    outer loop
      vertex   -7.648253e+01 -2.681269e+00 1.231174e+01
      vertex   -7.650419e+01 -2.757417e+00 1.239092e+01
      vertex   -7.626295e+01 -2.758645e+00 1.231174e+01
    endloop
  endfacet
  facet normal 2.815639e-01 7.990204e-01 5.313080e-01
    outer loop
      vertex   -7.648253e+01 -2.681269e+00 1.231174e+01
      vertex   -7.626295e+01 -2.758645e+00 1.231174e+01
      vertex   -7.623973e+01 -2.703788e+00 1.221694e+01
    endloop
  endfacet
  facet normal 3.776200e-01 7.583633e-01 5.313080e-01
    outer loop
      vertex   -7.623973e+01 -2.703788e+00 1.221694e+01
      vertex   -7.626295e+01 -2.758645e+00 1.231174e+01
      vertex   -7.602476e+01 -2.810831e+00 1.221694e+01
    endloop
  endfacet
  facet normal 4.208120e-01 8.451044e-01 3.297208e-01
    outer loop
      vertex   -7.623973e+01 -2.703788e+00 1.221694e+01
      vertex   -7.602476e+01 -2.810831e+00 1.221694e+01
      vertex   -7.600627e+01 -2.778806e+00 1.211126e+01
    endloop
  endfacet
  facet normal 5.214759e-01 7.869861e-01 3.297208e-01
    outer loop
      vertex   -7.600627e+01 -2.778806e+00 1.211126e+01
      vertex   -7.602476e+01 -2.810831e+00 1.221694e+01
      vertex   -7.580229e+01 -2.913970e+00 1.211126e+01
    endloop
  endfacet
  facet normal 7.814455e-03 1.092604e-01 9.939824e-01
    outer loop
      vertex   -7.700000e+01 -3.000000e+00 1.250000e+01
      vertex   -7.678653e+01 -3.015268e+00 1.250000e+01
      vertex   -7.695038e+01 -2.889504e+00 1.248746e+01
    endloop
  endfacet
  facet normal 1.043742e-02 1.126377e-01 9.935813e-01
    outer loop
      vertex   -7.695038e+01 -2.889504e+00 1.248746e+01
      vertex   -7.678653e+01 -3.015268e+00 1.250000e+01
      vertex   -7.675285e+01 -2.907808e+00 1.248746e+01
    endloop
  endfacet
  facet normal 3.052588e-02 3.294267e-01 9.436875e-01
    outer loop
      vertex   -7.695038e+01 -2.889504e+00 1.248746e+01
      vertex   -7.675285e+01 -2.907808e+00 1.248746e+01
      vertex   -7.673664e+01 -2.803377e+00 1.245048e+01
    endloop
  endfacet
  facet normal 7.077720e-02 3.231786e-01 9.436875e-01
    outer loop
      vertex   -7.673664e+01 -2.803377e+00 1.245048e+01
      vertex   -7.675285e+01 -2.907808e+00 1.248746e+01
      vertex   -7.653014e+01 -2.848601e+00 1.245048e+01
    endloop
  endfacet
  facet normal 1.139742e-01 5.204221e-01 8.462687e-01
    outer loop
      vertex   -7.673664e+01 -2.803377e+00 1.245048e+01
      vertex   -7.653014e+01 -2.848601e+00 1.245048e+01
      vertex   -7.650419e+01 -2.757417e+00 1.239092e+01
    endloop
  endfacet
  facet normal 1.770641e-01 5.024715e-01 8.462687e-01
    outer loop
      vertex   -7.650419e+01 -2.757417e+00 1.239092e+01
      vertex   -7.653014e+01 -2.848601e+00 1.245048e+01
      vertex   -7.629381e+01 -2.831554e+00 1.239092e+01
    endloop
  endfacet
  facet normal 2.352333e-01 6.675437e-01 7.064353e-01
    outer loop
      vertex   -7.650419e+01 -2.757417e+00 1.239092e+01
      vertex   -7.629381e+01 -2.831554e+00 1.239092e+01
      vertex   -7.626295e+01 -2.758645e+00 1.231174e+01
    endloop
  endfacet
  facet normal 3.154837e-01 6.335766e-01 7.064353e-01
    outer loop
      vertex   -7.626295e+01 -2.758645e+00 1.231174e+01
      vertex   -7.629381e+01 -2.831554e+00 1.239092e+01
      vertex   -7.605454e+01 -2.862419e+00 1.231174e+01
    endloop
  endfacet
  facet normal 3.776200e-01 7.583633e-01 5.313080e-01
    outer loop
      vertex   -7.626295e+01 -2.758645e+00 1.231174e+01
      vertex   -7.605454e+01 -2.862419e+00 1.231174e+01
      vertex   -7.602476e+01 -2.810831e+00 1.221694e+01
    endloop
  endfacet
  facet normal 4.679518e-01 7.062102e-01 5.313080e-01
    outer loop
      vertex   -7.602476e+01 -2.810831e+00 1.221694e+01
      vertex   -7.605454e+01 -2.862419e+00 1.231174e+01
      vertex   -7.582457e+01 -2.943480e+00 1.221694e+01
    endloop
  endfacet
  facet normal 5.214759e-01 7.869861e-01 3.297208e-01
    outer loop
      vertex   -7.602476e+01 -2.810831e+00 1.221694e+01
      vertex   -7.582457e+01 -2.943480e+00 1.221694e+01
      vertex   -7.580229e+01 -2.913970e+00 1.211126e+01
    endloop
  endfacet
  facet normal 6.142347e-01 7.169378e-01 3.297208e-01
    outer loop
      vertex   -7.580229e+01 -2.913970e+00 1.211126e+01
      vertex   -7.582457e+01 -2.943480e+00 1.221694e+01
      vertex   -7.561646e+01 -3.073176e+00 1.211126e+01
    endloop
  endfacet
  facet normal 2.361051e-02 1.085358e-01 9.938121e-01
    outer loop
      vertex   -7.678653e+01 -3.015268e+00 1.250000e+01
      vertex   -7.657740e+01 -3.060761e+00 1.250000e+01
      vertex   -7.675285e+01 -2.907808e+00 1.248746e+01
    endloop
  endfacet
  facet normal 2.382235e-02 1.087762e-01 9.937808e-01
    outer loop
      vertex   -7.675285e+01 -2.907808e+00 1.248746e+01
      vertex   -7.657740e+01 -3.060761e+00 1.250000e+01
      vertex   -7.655906e+01 -2.950248e+00 1.248746e+01
    endloop
  endfacet
  facet normal 7.077720e-02 3.231786e-01 9.436875e-01
    outer loop
      vertex   -7.675285e+01 -2.907808e+00 1.248746e+01
      vertex   -7.655906e+01 -2.950248e+00 1.248746e+01
      vertex   -7.653014e+01 -2.848601e+00 1.245048e+01
    endloop
  endfacet
  facet normal 1.099556e-01 3.120314e-01 9.436875e-01
    outer loop
      vertex   -7.653014e+01 -2.848601e+00 1.245048e+01
      vertex   -7.655906e+01 -2.950248e+00 1.248746e+01
      vertex   -7.633076e+01 -2.918859e+00 1.245048e+01
    endloop
  endfacet
  facet normal 1.770641e-01 5.024715e-01 8.462687e-01
    outer loop
      vertex   -7.653014e+01 -2.848601e+00 1.245048e+01
      vertex   -7.633076e+01 -2.918859e+00 1.245048e+01
      vertex   -7.629381e+01 -2.831554e+00 1.239092e+01
    endloop
  endfacet
  facet normal 2.374699e-01 4.769039e-01 8.462687e-01
    outer loop
      vertex   -7.629381e+01 -2.831554e+00 1.239092e+01
      vertex   -7.633076e+01 -2.918859e+00 1.245048e+01
      vertex   -7.609413e+01 -2.930983e+00 1.239092e+01
    endloop
  endfacet
  facet normal 3.154837e-01 6.335766e-01 7.064353e-01
    outer loop
      vertex   -7.629381e+01 -2.831554e+00 1.239092e+01
      vertex   -7.609413e+01 -2.930983e+00 1.239092e+01
      vertex   -7.605454e+01 -2.862419e+00 1.231174e+01
    endloop
  endfacet
  facet normal 3.909516e-01 5.900052e-01 7.064353e-01
    outer loop
      vertex   -7.605454e+01 -2.862419e+00 1.231174e+01
      vertex   -7.609413e+01 -2.930983e+00 1.239092e+01
      vertex   -7.586047e+01 -2.991017e+00 1.231174e+01
    endloop
  endfacet
  facet normal 4.679518e-01 7.062102e-01 5.313080e-01
    outer loop
      vertex   -7.605454e+01 -2.862419e+00 1.231174e+01
      vertex   -7.586047e+01 -2.991017e+00 1.231174e+01
      vertex   -7.582457e+01 -2.943480e+00 1.221694e+01
    endloop
  endfacet
  facet normal 5.511900e-01 6.433517e-01 5.313080e-01
    outer loop
      vertex   -7.582457e+01 -2.943480e+00 1.221694e+01
      vertex   -7.586047e+01 -2.991017e+00 1.231174e+01
      vertex   -7.564220e+01 -3.099724e+00 1.221694e+01
    endloop
  endfacet
  facet normal 6.142347e-01 7.169378e-01 3.297208e-01
    outer loop
      vertex   -7.582457e+01 -2.943480e+00 1.221694e+01
      vertex   -7.564220e+01 -3.099724e+00 1.221694e+01
      vertex   -7.561646e+01 -3.073176e+00 1.211126e+01
    endloop
  endfacet
  facet normal 6.976824e-01 6.360216e-01 3.297208e-01
    outer loop
      vertex   -7.561646e+01 -3.073176e+00 1.211126e+01
      vertex   -7.564220e+01 -3.099724e+00 1.221694e+01
      vertex   -7.545161e+01 -3.254012e+00 1.211126e+01
    endloop
  endfacet
  facet normal 3.752291e-02 1.064823e-01 9.936063e-01
    outer loop
      vertex   -7.655906e+01 -2.950248e+00 1.248746e+01
      vertex   -7.657740e+01 -3.060761e+00 1.250000e+01
      vertex   -7.637195e+01 -3.016181e+00 1.248746e+01
    endloop
  endfacet
  facet normal 3.834320e-02 1.028021e-01 9.939625e-01
    outer loop
      vertex   -7.637195e+01 -3.016181e+00 1.248746e+01
      vertex   -7.657740e+01 -3.060761e+00 1.250000e+01
      vertex   -7.637688e+01 -3.135552e+00 1.250000e+01
    endloop
  endfacet
  facet normal 5.090493e-02 1.022309e-01 9.934574e-01
    outer loop
      vertex   -7.637195e+01 -3.016181e+00 1.248746e+01
      vertex   -7.637688e+01 -3.135552e+00 1.250000e+01
      vertex   -7.619437e+01 -3.104608e+00 1.248746e+01
    endloop
  endfacet
  facet normal 5.210229e-02 9.541823e-02 9.940728e-01
    outer loop
      vertex   -7.619437e+01 -3.104608e+00 1.248746e+01
      vertex   -7.637688e+01 -3.135552e+00 1.250000e+01
      vertex   -7.618904e+01 -3.238120e+00 1.250000e+01
    endloop
  endfacet
  facet normal 6.348403e-02 9.580702e-02 9.933734e-01
    outer loop
      vertex   -7.619437e+01 -3.104608e+00 1.248746e+01
      vertex   -7.618904e+01 -3.238120e+00 1.250000e+01
      vertex   -7.602900e+01 -3.214186e+00 1.248746e+01
    endloop
  endfacet
  facet normal 6.490402e-02 8.670162e-02 9.941178e-01
    outer loop
      vertex   -7.602900e+01 -3.214186e+00 1.248746e+01
      vertex   -7.618904e+01 -3.238120e+00 1.250000e+01
      vertex   -7.601771e+01 -3.366376e+00 1.250000e+01
    endloop
  endfacet
  facet normal 7.486060e-02 8.737767e-02 9.933585e-01
    outer loop
      vertex   -7.602900e+01 -3.214186e+00 1.248746e+01
      vertex   -7.601771e+01 -3.366376e+00 1.250000e+01
      vertex   -7.587835e+01 -3.343257e+00 1.248746e+01
    endloop
  endfacet
  facet normal 7.669881e-02 7.669881e-02 9.940999e-01
    outer loop
      vertex   -7.587835e+01 -3.343257e+00 1.248746e+01
      vertex   -7.601771e+01 -3.366376e+00 1.250000e+01
      vertex   -7.586638e+01 -3.517709e+00 1.250000e+01
    endloop
  endfacet
  facet normal 8.468134e-02 7.719724e-02 9.934131e-01
    outer loop
      vertex   -7.587835e+01 -3.343257e+00 1.248746e+01
      vertex   -7.586638e+01 -3.517709e+00 1.250000e+01
      vertex   -7.574470e+01 -3.489862e+00 1.248746e+01
    endloop
  endfacet
  facet normal 8.743191e-02 6.545071e-02 9.940180e-01
    outer loop
      vertex   -7.574470e+01 -3.489862e+00 1.248746e+01
      vertex   -7.586638e+01 -3.517709e+00 1.250000e+01
      vertex   -7.573812e+01 -3.689039e+00 1.250000e+01
    endloop
  endfacet
  facet normal 9.266047e-02 6.559299e-02 9.935349e-01
    outer loop
      vertex   -7.574470e+01 -3.489862e+00 1.248746e+01
      vertex   -7.573812e+01 -3.689039e+00 1.250000e+01
      vertex   -7.563008e+01 -3.651781e+00 1.248746e+01
    endloop
  endfacet
  facet normal 9.704510e-02 5.299064e-02 9.938683e-01
    outer loop
      vertex   -7.563008e+01 -3.651781e+00 1.248746e+01
      vertex   -7.573812e+01 -3.689039e+00 1.250000e+01
      vertex   -7.563555e+01 -3.876877e+00 1.250000e+01
    endloop
  endfacet
  facet normal 9.859534e-02 5.294458e-02 9.937182e-01
    outer loop
      vertex   -7.563008e+01 -3.651781e+00 1.248746e+01
      vertex   -7.563555e+01 -3.876877e+00 1.250000e+01
      vertex   -7.553623e+01 -3.826557e+00 1.248746e+01
    endloop
  endfacet
  facet normal 1.048352e-01 4.061338e-02 9.936600e-01
    outer loop
      vertex   -7.553623e+01 -3.826557e+00 1.248746e+01
      vertex   -7.563555e+01 -3.876877e+00 1.250000e+01
      vertex   -7.546456e+01 -4.011542e+00 1.248746e+01
    endloop
  endfacet
  facet normal 3.084973e-01 1.195125e-01 9.436875e-01
    outer loop
      vertex   -7.553623e+01 -3.826557e+00 1.248746e+01
      vertex   -7.546456e+01 -4.011542e+00 1.248746e+01
      vertex   -7.536385e+01 -3.979504e+00 1.245048e+01
    endloop
  endfacet
  facet normal 3.208457e-01 8.069594e-02 9.436875e-01
    outer loop
      vertex   -7.536385e+01 -3.979504e+00 1.245048e+01
      vertex   -7.546456e+01 -4.011542e+00 1.248746e+01
      vertex   -7.531229e+01 -4.184513e+00 1.245048e+01
    endloop
  endfacet
  facet normal 5.166655e-01 1.299466e-01 8.462687e-01
    outer loop
      vertex   -7.536385e+01 -3.979504e+00 1.245048e+01
      vertex   -7.531229e+01 -4.184513e+00 1.245048e+01
      vertex   -7.521910e+01 -4.167093e+00 1.239092e+01
    endloop
  endfacet
  facet normal 5.287183e-01 6.546951e-02 8.462687e-01
    outer loop
      vertex   -7.521910e+01 -4.167093e+00 1.239092e+01
      vertex   -7.531229e+01 -4.184513e+00 1.245048e+01
      vertex   -7.519169e+01 -4.388467e+00 1.239092e+01
    endloop
  endfacet
  facet normal 7.024131e-01 8.697759e-02 7.064353e-01
    outer loop
      vertex   -7.521910e+01 -4.167093e+00 1.239092e+01
      vertex   -7.519169e+01 -4.388467e+00 1.239092e+01
      vertex   -7.511267e+01 -4.383594e+00 1.231174e+01
    endloop
  endfacet
  facet normal 7.077777e-01 0.000000e+00 7.064353e-01
    outer loop
      vertex   -7.511267e+01 -4.383594e+00 1.231174e+01
      vertex   -7.519169e+01 -4.388467e+00 1.239092e+01
      vertex   -7.511267e+01 -4.616406e+00 1.231174e+01
    endloop
  endfacet
  facet normal 8.471787e-01 0.000000e+00 5.313080e-01
    outer loop
      vertex   -7.511267e+01 -4.383594e+00 1.231174e+01
      vertex   -7.511267e+01 -4.616406e+00 1.231174e+01
      vertex   -7.505321e+01 -4.620074e+00 1.221694e+01
    endloop
  endfacet
  facet normal 8.407575e-01 -1.041083e-01 5.313080e-01
    outer loop
      vertex   -7.505321e+01 -4.620074e+00 1.221694e+01
      vertex   -7.511267e+01 -4.616406e+00 1.231174e+01
      vertex   -7.508273e+01 -4.858401e+00 1.221694e+01
    endloop
  endfacet
  facet normal 9.369229e-01 -1.160162e-01 3.297208e-01
    outer loop
      vertex   -7.505321e+01 -4.620074e+00 1.221694e+01
      vertex   -7.508273e+01 -4.858401e+00 1.221694e+01
      vertex   -7.504638e+01 -4.865196e+00 1.211126e+01
    endloop
  endfacet
  facet normal 9.155644e-01 -2.302737e-01 3.297208e-01
    outer loop
      vertex   -7.504638e+01 -4.865196e+00 1.211126e+01
      vertex   -7.508273e+01 -4.858401e+00 1.221694e+01
      vertex   -7.510606e+01 -5.102505e+00 1.211126e+01
    endloop
  endfacet
  facet normal 1.031761e-01 3.848270e-02 9.939184e-01
    outer loop
      vertex   -7.563555e+01 -3.876877e+00 1.250000e+01
      vertex   -7.556076e+01 -4.077401e+00 1.250000e+01
      vertex   -7.546456e+01 -4.011542e+00 1.248746e+01
    endloop
  endfacet
  facet normal 1.104487e-01 2.777897e-02 9.934935e-01
    outer loop
      vertex   -7.546456e+01 -4.011542e+00 1.248746e+01
      vertex   -7.556076e+01 -4.077401e+00 1.250000e+01
      vertex   -7.541617e+01 -4.203932e+00 1.248746e+01
    endloop
  endfacet
  facet normal 3.208457e-01 8.069594e-02 9.436875e-01
    outer loop
      vertex   -7.546456e+01 -4.011542e+00 1.248746e+01
      vertex   -7.541617e+01 -4.203932e+00 1.248746e+01
      vertex   -7.531229e+01 -4.184513e+00 1.245048e+01
    endloop
  endfacet
  facet normal 3.283305e-01 4.065612e-02 9.436875e-01
    outer loop
      vertex   -7.531229e+01 -4.184513e+00 1.245048e+01
      vertex   -7.541617e+01 -4.203932e+00 1.248746e+01
      vertex   -7.528631e+01 -4.394304e+00 1.245048e+01
    endloop
  endfacet
  facet normal 5.287183e-01 6.546951e-02 8.462687e-01
    outer loop
      vertex   -7.531229e+01 -4.184513e+00 1.245048e+01
      vertex   -7.528631e+01 -4.394304e+00 1.245048e+01
      vertex   -7.519169e+01 -4.388467e+00 1.239092e+01
    endloop
  endfacet
  facet normal 5.327563e-01 0.000000e+00 8.462687e-01
    outer loop
      vertex   -7.519169e+01 -4.388467e+00 1.239092e+01
      vertex   -7.528631e+01 -4.394304e+00 1.245048e+01
      vertex   -7.519169e+01 -4.611533e+00 1.239092e+01
    endloop
  endfacet
  facet normal 7.077777e-01 0.000000e+00 7.064353e-01
    outer loop
      vertex   -7.519169e+01 -4.388467e+00 1.239092e+01
      vertex   -7.519169e+01 -4.611533e+00 1.239092e+01
      vertex   -7.511267e+01 -4.616406e+00 1.231174e+01
    endloop
  endfacet
  facet normal 7.024131e-01 -8.697759e-02 7.064353e-01
    outer loop
      vertex   -7.511267e+01 -4.616406e+00 1.231174e+01
      vertex   -7.519169e+01 -4.611533e+00 1.239092e+01
      vertex   -7.514128e+01 -4.847455e+00 1.231174e+01
    endloop
  endfacet
  facet normal 8.407575e-01 -1.041083e-01 5.313080e-01
    outer loop
      vertex   -7.511267e+01 -4.616406e+00 1.231174e+01
      vertex   -7.514128e+01 -4.847455e+00 1.231174e+01
      vertex   -7.508273e+01 -4.858401e+00 1.221694e+01
    endloop
  endfacet
  facet normal 8.215913e-01 -2.066385e-01 5.313080e-01
    outer loop
      vertex   -7.508273e+01 -4.858401e+00 1.221694e+01
      vertex   -7.514128e+01 -4.847455e+00 1.231174e+01
      vertex   -7.514130e+01 -5.091295e+00 1.221694e+01
    endloop
  endfacet
  facet normal 9.155644e-01 -2.302737e-01 3.297208e-01
    outer loop
      vertex   -7.508273e+01 -4.858401e+00 1.221694e+01
      vertex   -7.514130e+01 -5.091295e+00 1.221694e+01
      vertex   -7.510606e+01 -5.102505e+00 1.211126e+01
    endloop
  endfacet
  facet normal 8.803270e-01 -3.410405e-01 3.297208e-01
    outer loop
      vertex   -7.510606e+01 -5.102505e+00 1.211126e+01
      vertex   -7.514130e+01 -5.091295e+00 1.221694e+01
      vertex   -7.519446e+01 -5.330681e+00 1.211126e+01
    endloop
  endfacet
  facet normal 1.064523e-01 2.315727e-02 9.940481e-01
    outer loop
      vertex   -7.556076e+01 -4.077401e+00 1.250000e+01
      vertex   -7.551527e+01 -4.286528e+00 1.250000e+01
      vertex   -7.541617e+01 -4.203932e+00 1.248746e+01
    endloop
  endfacet
  facet normal 1.139138e-01 1.410559e-02 9.933905e-01
    outer loop
      vertex   -7.541617e+01 -4.203932e+00 1.248746e+01
      vertex   -7.551527e+01 -4.286528e+00 1.250000e+01
      vertex   -7.539180e+01 -4.400809e+00 1.248746e+01
    endloop
  endfacet
  facet normal 3.283305e-01 4.065612e-02 9.436875e-01
    outer loop
      vertex   -7.541617e+01 -4.203932e+00 1.248746e+01
      vertex   -7.539180e+01 -4.400809e+00 1.248746e+01
      vertex   -7.528631e+01 -4.394304e+00 1.245048e+01
    endloop
  endfacet
  facet normal 3.308380e-01 0.000000e+00 9.436875e-01
    outer loop
      vertex   -7.528631e+01 -4.394304e+00 1.245048e+01
      vertex   -7.539180e+01 -4.400809e+00 1.248746e+01
      vertex   -7.528631e+01 -4.605696e+00 1.245048e+01
    endloop
  endfacet
  facet normal 5.327563e-01 0.000000e+00 8.462687e-01
    outer loop
      vertex   -7.528631e+01 -4.394304e+00 1.245048e+01
      vertex   -7.528631e+01 -4.605696e+00 1.245048e+01
      vertex   -7.519169e+01 -4.611533e+00 1.239092e+01
    endloop
  endfacet
  facet normal 5.287183e-01 -6.546951e-02 8.462687e-01
    outer loop
      vertex   -7.519169e+01 -4.611533e+00 1.239092e+01
      vertex   -7.528631e+01 -4.605696e+00 1.245048e+01
      vertex   -7.521910e+01 -4.832907e+00 1.239092e+01
    endloop
  endfacet
  facet normal 7.024131e-01 -8.697759e-02 7.064353e-01
    outer loop
      vertex   -7.519169e+01 -4.611533e+00 1.239092e+01
      vertex   -7.521910e+01 -4.832907e+00 1.239092e+01
      vertex   -7.514128e+01 -4.847455e+00 1.231174e+01
    endloop
  endfacet
  facet normal 6.864006e-01 -1.726367e-01 7.064353e-01
    outer loop
      vertex   -7.514128e+01 -4.847455e+00 1.231174e+01
      vertex   -7.521910e+01 -4.832907e+00 1.239092e+01
      vertex   -7.519807e+01 -5.073236e+00 1.231174e+01
    endloop
  endfacet
  facet normal 8.215913e-01 -2.066385e-01 5.313080e-01
    outer loop
      vertex   -7.514128e+01 -4.847455e+00 1.231174e+01
      vertex   -7.519807e+01 -5.073236e+00 1.231174e+01
      vertex   -7.514130e+01 -5.091295e+00 1.221694e+01
    endloop
  endfacet
  facet normal 7.899706e-01 -3.060362e-01 5.313080e-01
    outer loop
      vertex   -7.514130e+01 -5.091295e+00 1.221694e+01
      vertex   -7.519807e+01 -5.073236e+00 1.231174e+01
      vertex   -7.522805e+01 -5.315225e+00 1.221694e+01
    endloop
  endfacet
  facet normal 8.803270e-01 -3.410405e-01 3.297208e-01
    outer loop
      vertex   -7.514130e+01 -5.091295e+00 1.221694e+01
      vertex   -7.522805e+01 -5.315225e+00 1.221694e+01
      vertex   -7.519446e+01 -5.330681e+00 1.211126e+01
    endloop
  endfacet
  facet normal 8.317447e-01 -4.466375e-01 3.297208e-01
    outer loop
      vertex   -7.519446e+01 -5.330681e+00 1.211126e+01
      vertex   -7.522805e+01 -5.315225e+00 1.221694e+01
      vertex   -7.531022e+01 -5.546265e+00 1.211126e+01
    endloop
  endfacet
  facet normal 1.080864e-01 7.730495e-03 9.941114e-01
    outer loop
      vertex   -7.551527e+01 -4.286528e+00 1.250000e+01
      vertex   -7.550000e+01 -4.500000e+00 1.250000e+01
      vertex   -7.539180e+01 -4.400809e+00 1.248746e+01
    endloop
  endfacet
  facet normal 1.150854e-01 0.000000e+00 9.933556e-01
    outer loop
      vertex   -7.539180e+01 -4.400809e+00 1.248746e+01
      vertex   -7.550000e+01 -4.500000e+00 1.250000e+01
      vertex   -7.539180e+01 -4.599191e+00 1.248746e+01
    endloop
  endfacet
  facet normal 3.308380e-01 0.000000e+00 9.436875e-01
    outer loop
      vertex   -7.539180e+01 -4.400809e+00 1.248746e+01
      vertex   -7.539180e+01 -4.599191e+00 1.248746e+01
      vertex   -7.528631e+01 -4.605696e+00 1.245048e+01
    endloop
  endfacet
  facet normal 3.283305e-01 -4.065612e-02 9.436875e-01
    outer loop
      vertex   -7.528631e+01 -4.605696e+00 1.245048e+01
      vertex   -7.539180e+01 -4.599191e+00 1.248746e+01
      vertex   -7.531229e+01 -4.815487e+00 1.245048e+01
    endloop
  endfacet
  facet normal 5.287183e-01 -6.546951e-02 8.462687e-01
    outer loop
      vertex   -7.528631e+01 -4.605696e+00 1.245048e+01
      vertex   -7.531229e+01 -4.815487e+00 1.245048e+01
      vertex   -7.521910e+01 -4.832907e+00 1.239092e+01
    endloop
  endfacet
  facet normal 5.166655e-01 -1.299466e-01 8.462687e-01
    outer loop
      vertex   -7.521910e+01 -4.832907e+00 1.239092e+01
      vertex   -7.531229e+01 -4.815487e+00 1.245048e+01
      vertex   -7.527351e+01 -5.049235e+00 1.239092e+01
    endloop
  endfacet
  facet normal 6.864006e-01 -1.726367e-01 7.064353e-01
    outer loop
      vertex   -7.521910e+01 -4.832907e+00 1.239092e+01
      vertex   -7.527351e+01 -5.049235e+00 1.239092e+01
      vertex   -7.519807e+01 -5.073236e+00 1.231174e+01
    endloop
  endfacet
  facet normal 6.599830e-01 -2.556788e-01 7.064353e-01
    outer loop
      vertex   -7.519807e+01 -5.073236e+00 1.231174e+01
      vertex   -7.527351e+01 -5.049235e+00 1.239092e+01
      vertex   -7.528217e+01 -5.290328e+00 1.231174e+01
    endloop
  endfacet
  facet normal 7.899706e-01 -3.060362e-01 5.313080e-01
    outer loop
      vertex   -7.519807e+01 -5.073236e+00 1.231174e+01
      vertex   -7.528217e+01 -5.290328e+00 1.231174e+01
      vertex   -7.522805e+01 -5.315225e+00 1.221694e+01
    endloop
  endfacet
  facet normal 7.463748e-01 -4.007948e-01 5.313080e-01
    outer loop
      vertex   -7.522805e+01 -5.315225e+00 1.221694e+01
      vertex   -7.528217e+01 -5.290328e+00 1.231174e+01
      vertex   -7.534166e+01 -5.526798e+00 1.221694e+01
    endloop
  endfacet
  facet normal 8.317447e-01 -4.466375e-01 3.297208e-01
    outer loop
      vertex   -7.522805e+01 -5.315225e+00 1.221694e+01
      vertex   -7.534166e+01 -5.526798e+00 1.221694e+01
      vertex   -7.531022e+01 -5.546265e+00 1.211126e+01
    endloop
  endfacet
  facet normal 7.705540e-01 -5.454638e-01 3.297208e-01
    outer loop
      vertex   -7.531022e+01 -5.546265e+00 1.211126e+01
      vertex   -7.534166e+01 -5.526798e+00 1.221694e+01
      vertex   -7.545161e+01 -5.745988e+00 1.211126e+01
    endloop
  endfacet
  facet normal 1.080864e-01 -7.730495e-03 9.941114e-01
    outer loop
      vertex   -7.550000e+01 -4.500000e+00 1.250000e+01
      vertex   -7.551527e+01 -4.713472e+00 1.250000e+01
      vertex   -7.539180e+01 -4.599191e+00 1.248746e+01
    endloop
  endfacet
  facet normal 1.139138e-01 -1.410559e-02 9.933905e-01
    outer loop
      vertex   -7.539180e+01 -4.599191e+00 1.248746e+01
      vertex   -7.551527e+01 -4.713472e+00 1.250000e+01
      vertex   -7.541617e+01 -4.796068e+00 1.248746e+01
    endloop
  endfacet
  facet normal 3.283305e-01 -4.065612e-02 9.436875e-01
    outer loop
      vertex   -7.539180e+01 -4.599191e+00 1.248746e+01
      vertex   -7.541617e+01 -4.796068e+00 1.248746e+01
      vertex   -7.531229e+01 -4.815487e+00 1.245048e+01
    endloop
  endfacet
  facet normal 3.208457e-01 -8.069594e-02 9.436875e-01
    outer loop
      vertex   -7.531229e+01 -4.815487e+00 1.245048e+01
      vertex   -7.541617e+01 -4.796068e+00 1.248746e+01
      vertex   -7.536385e+01 -5.020496e+00 1.245048e+01
    endloop
  endfacet
  facet normal 5.166655e-01 -1.299466e-01 8.462687e-01
    outer loop
      vertex   -7.531229e+01 -4.815487e+00 1.245048e+01
      vertex   -7.536385e+01 -5.020496e+00 1.245048e+01
      vertex   -7.527351e+01 -5.049235e+00 1.239092e+01
    endloop
  endfacet
  facet normal 4.967805e-01 -1.924538e-01 8.462687e-01
    outer loop
      vertex   -7.527351e+01 -5.049235e+00 1.239092e+01
      vertex   -7.536385e+01 -5.020496e+00 1.245048e+01
      vertex   -7.535409e+01 -5.257238e+00 1.239092e+01
    endloop
  endfacet
  facet normal 6.599830e-01 -2.556788e-01 7.064353e-01
    outer loop
      vertex   -7.527351e+01 -5.049235e+00 1.239092e+01
      vertex   -7.535409e+01 -5.257238e+00 1.239092e+01
      vertex   -7.528217e+01 -5.290328e+00 1.231174e+01
    endloop
  endfacet
  facet normal 6.235608e-01 -3.348451e-01 7.064353e-01
    outer loop
      vertex   -7.528217e+01 -5.290328e+00 1.231174e+01
      vertex   -7.535409e+01 -5.257238e+00 1.239092e+01
      vertex   -7.539231e+01 -5.495439e+00 1.231174e+01
    endloop
  endfacet
  facet normal 7.463748e-01 -4.007948e-01 5.313080e-01
    outer loop
      vertex   -7.528217e+01 -5.290328e+00 1.231174e+01
      vertex   -7.539231e+01 -5.495439e+00 1.231174e+01
      vertex   -7.534166e+01 -5.526798e+00 1.221694e+01
    endloop
  endfacet
  facet normal 6.914646e-01 -4.894777e-01 5.313080e-01
    outer loop
      vertex   -7.534166e+01 -5.526798e+00 1.221694e+01
      vertex   -7.539231e+01 -5.495439e+00 1.231174e+01
      vertex   -7.548042e+01 -5.722805e+00 1.221694e+01
    endloop
  endfacet
  facet normal 7.705540e-01 -5.454638e-01 3.297208e-01
    outer loop
      vertex   -7.534166e+01 -5.526798e+00 1.221694e+01
      vertex   -7.548042e+01 -5.722805e+00 1.221694e+01
      vertex   -7.545161e+01 -5.745988e+00 1.211126e+01
    endloop
  endfacet
  facet normal 6.976824e-01 -6.360216e-01 3.297208e-01
    outer loop
      vertex   -7.545161e+01 -5.745988e+00 1.211126e+01
      vertex   -7.548042e+01 -5.722805e+00 1.221694e+01
      vertex   -7.561646e+01 -5.926824e+00 1.211126e+01
    endloop
  endfacet
  facet normal 1.064523e-01 -2.315727e-02 9.940481e-01
    outer loop
      vertex   -7.551527e+01 -4.713472e+00 1.250000e+01
      vertex   -7.556076e+01 -4.922599e+00 1.250000e+01
      vertex   -7.541617e+01 -4.796068e+00 1.248746e+01
    endloop
  endfacet
  facet normal 1.104487e-01 -2.777897e-02 9.934935e-01
    outer loop
      vertex   -7.541617e+01 -4.796068e+00 1.248746e+01
      vertex   -7.556076e+01 -4.922599e+00 1.250000e+01
      vertex   -7.546456e+01 -4.988458e+00 1.248746e+01
    endloop
  endfacet
  facet normal 3.208457e-01 -8.069594e-02 9.436875e-01
    outer loop
      vertex   -7.541617e+01 -4.796068e+00 1.248746e+01
      vertex   -7.546456e+01 -4.988458e+00 1.248746e+01
      vertex   -7.536385e+01 -5.020496e+00 1.245048e+01
    endloop
  endfacet
  facet normal 3.084973e-01 -1.195125e-01 9.436875e-01
    outer loop
      vertex   -7.536385e+01 -5.020496e+00 1.245048e+01
      vertex   -7.546456e+01 -4.988458e+00 1.248746e+01
      vertex   -7.544022e+01 -5.217614e+00 1.245048e+01
    endloop
  endfacet
  facet normal 4.967805e-01 -1.924538e-01 8.462687e-01
    outer loop
      vertex   -7.536385e+01 -5.020496e+00 1.245048e+01
      vertex   -7.544022e+01 -5.217614e+00 1.245048e+01
      vertex   -7.535409e+01 -5.257238e+00 1.239092e+01
    endloop
  endfacet
  facet normal 4.693648e-01 -2.520436e-01 8.462687e-01
    outer loop
      vertex   -7.535409e+01 -5.257238e+00 1.239092e+01
      vertex   -7.544022e+01 -5.217614e+00 1.245048e+01
      vertex   -7.545962e+01 -5.453761e+00 1.239092e+01
    endloop
  endfacet
  facet normal 6.235608e-01 -3.348451e-01 7.064353e-01
    outer loop
      vertex   -7.535409e+01 -5.257238e+00 1.239092e+01
      vertex   -7.545962e+01 -5.453761e+00 1.239092e+01
      vertex   -7.539231e+01 -5.495439e+00 1.231174e+01
    endloop
  endfacet
  facet normal 5.776860e-01 -4.089354e-01 7.064353e-01
    outer loop
      vertex   -7.539231e+01 -5.495439e+00 1.231174e+01
      vertex   -7.545962e+01 -5.453761e+00 1.239092e+01
      vertex   -7.552682e+01 -5.685460e+00 1.231174e+01
    endloop
  endfacet
  facet normal 6.914646e-01 -4.894777e-01 5.313080e-01
    outer loop
      vertex   -7.539231e+01 -5.495439e+00 1.231174e+01
      vertex   -7.552682e+01 -5.685460e+00 1.231174e+01
      vertex   -7.548042e+01 -5.722805e+00 1.221694e+01
    endloop
  endfacet
  facet normal 6.260726e-01 -5.707406e-01 5.313080e-01
    outer loop
      vertex   -7.548042e+01 -5.722805e+00 1.221694e+01
      vertex   -7.552682e+01 -5.685460e+00 1.231174e+01
      vertex   -7.564220e+01 -5.900276e+00 1.221694e+01
    endloop
  endfacet
  facet normal 6.976824e-01 -6.360216e-01 3.297208e-01
    outer loop
      vertex   -7.548042e+01 -5.722805e+00 1.221694e+01
      vertex   -7.564220e+01 -5.900276e+00 1.221694e+01
      vertex   -7.561646e+01 -5.926824e+00 1.211126e+01
    endloop
  endfacet
  facet normal 6.142347e-01 -7.169378e-01 3.297208e-01
    outer loop
      vertex   -7.561646e+01 -5.926824e+00 1.211126e+01
      vertex   -7.564220e+01 -5.900276e+00 1.221694e+01
      vertex   -7.580229e+01 -6.086030e+00 1.211126e+01
    endloop
  endfacet
  facet normal 1.031761e-01 -3.848270e-02 9.939184e-01
    outer loop
      vertex   -7.556076e+01 -4.922599e+00 1.250000e+01
      vertex   -7.563555e+01 -5.123123e+00 1.250000e+01
      vertex   -7.546456e+01 -4.988458e+00 1.248746e+01
    endloop
  endfacet
  facet normal 1.048352e-01 -4.061338e-02 9.936600e-01
    outer loop
      vertex   -7.546456e+01 -4.988458e+00 1.248746e+01
      vertex   -7.563555e+01 -5.123123e+00 1.250000e+01
      vertex   -7.553623e+01 -5.173443e+00 1.248746e+01
    endloop
  endfacet
  facet normal 3.084973e-01 -1.195125e-01 9.436875e-01
    outer loop
      vertex   -7.546456e+01 -4.988458e+00 1.248746e+01
      vertex   -7.553623e+01 -5.173443e+00 1.248746e+01
      vertex   -7.544022e+01 -5.217614e+00 1.245048e+01
    endloop
  endfacet
  facet normal 2.914724e-01 -1.565173e-01 9.436875e-01
    outer loop
      vertex   -7.544022e+01 -5.217614e+00 1.245048e+01
      vertex   -7.553623e+01 -5.173443e+00 1.248746e+01
      vertex   -7.554023e+01 -5.403853e+00 1.245048e+01
    endloop
  endfacet
  facet normal 4.693648e-01 -2.520436e-01 8.462687e-01
    outer loop
      vertex   -7.544022e+01 -5.217614e+00 1.245048e+01
      vertex   -7.554023e+01 -5.403853e+00 1.245048e+01
      vertex   -7.545962e+01 -5.453761e+00 1.239092e+01
    endloop
  endfacet
  facet normal 4.348341e-01 -3.078127e-01 8.462687e-01
    outer loop
      vertex   -7.545962e+01 -5.453761e+00 1.239092e+01
      vertex   -7.554023e+01 -5.403853e+00 1.245048e+01
      vertex   -7.558850e+01 -5.635826e+00 1.239092e+01
    endloop
  endfacet
  facet normal 5.776860e-01 -4.089354e-01 7.064353e-01
    outer loop
      vertex   -7.545962e+01 -5.453761e+00 1.239092e+01
      vertex   -7.558850e+01 -5.635826e+00 1.239092e+01
      vertex   -7.552682e+01 -5.685460e+00 1.231174e+01
    endloop
  endfacet
  facet normal 5.230540e-01 -4.768267e-01 7.064353e-01
    outer loop
      vertex   -7.552682e+01 -5.685460e+00 1.231174e+01
      vertex   -7.558850e+01 -5.635826e+00 1.239092e+01
      vertex   -7.568367e+01 -5.857511e+00 1.231174e+01
    endloop
  endfacet
  facet normal 6.260726e-01 -5.707406e-01 5.313080e-01
    outer loop
      vertex   -7.552682e+01 -5.685460e+00 1.231174e+01
      vertex   -7.568367e+01 -5.857511e+00 1.231174e+01
      vertex   -7.564220e+01 -5.900276e+00 1.221694e+01
    endloop
  endfacet
  facet normal 5.511900e-01 -6.433517e-01 5.313080e-01
    outer loop
      vertex   -7.564220e+01 -5.900276e+00 1.221694e+01
      vertex   -7.568367e+01 -5.857511e+00 1.231174e+01
      vertex   -7.582457e+01 -6.056520e+00 1.221694e+01
    endloop
  endfacet
  facet normal 6.142347e-01 -7.169378e-01 3.297208e-01
    outer loop
      vertex   -7.564220e+01 -5.900276e+00 1.221694e+01
      vertex   -7.582457e+01 -6.056520e+00 1.221694e+01
      vertex   -7.580229e+01 -6.086030e+00 1.211126e+01
    endloop
  endfacet
  facet normal 5.214759e-01 -7.869861e-01 3.297208e-01
    outer loop
      vertex   -7.580229e+01 -6.086030e+00 1.211126e+01
      vertex   -7.582457e+01 -6.056520e+00 1.221694e+01
      vertex   -7.600627e+01 -6.221194e+00 1.211126e+01
    endloop
  endfacet
  facet normal 9.859534e-02 -5.294458e-02 9.937182e-01
    outer loop
      vertex   -7.553623e+01 -5.173443e+00 1.248746e+01
      vertex   -7.563555e+01 -5.123123e+00 1.250000e+01
      vertex   -7.563008e+01 -5.348219e+00 1.248746e+01
    endloop
  endfacet
  facet normal 9.704510e-02 -5.299064e-02 9.938683e-01
    outer loop
      vertex   -7.563008e+01 -5.348219e+00 1.248746e+01
      vertex   -7.563555e+01 -5.123123e+00 1.250000e+01
      vertex   -7.573812e+01 -5.310961e+00 1.250000e+01
    endloop
  endfacet
  facet normal 9.266047e-02 -6.559299e-02 9.935349e-01
    outer loop
      vertex   -7.563008e+01 -5.348219e+00 1.248746e+01
      vertex   -7.573812e+01 -5.310961e+00 1.250000e+01
      vertex   -7.574470e+01 -5.510138e+00 1.248746e+01
    endloop
  endfacet
  facet normal 8.743191e-02 -6.545071e-02 9.940180e-01
    outer loop
      vertex   -7.574470e+01 -5.510138e+00 1.248746e+01
      vertex   -7.573812e+01 -5.310961e+00 1.250000e+01
      vertex   -7.586638e+01 -5.482291e+00 1.250000e+01
    endloop
  endfacet
  facet normal 8.468134e-02 -7.719724e-02 9.934131e-01
    outer loop
      vertex   -7.574470e+01 -5.510138e+00 1.248746e+01
      vertex   -7.586638e+01 -5.482291e+00 1.250000e+01
      vertex   -7.587835e+01 -5.656743e+00 1.248746e+01
    endloop
  endfacet
  facet normal 7.669881e-02 -7.669881e-02 9.940999e-01
    outer loop
      vertex   -7.587835e+01 -5.656743e+00 1.248746e+01
      vertex   -7.586638e+01 -5.482291e+00 1.250000e+01
      vertex   -7.601771e+01 -5.633624e+00 1.250000e+01
    endloop
  endfacet
  facet normal 7.486060e-02 -8.737767e-02 9.933585e-01
    outer loop
      vertex   -7.587835e+01 -5.656743e+00 1.248746e+01
      vertex   -7.601771e+01 -5.633624e+00 1.250000e+01
      vertex   -7.602900e+01 -5.785814e+00 1.248746e+01
    endloop
  endfacet
  facet normal 6.490402e-02 -8.670162e-02 9.941178e-01
    outer loop
      vertex   -7.602900e+01 -5.785814e+00 1.248746e+01
      vertex   -7.601771e+01 -5.633624e+00 1.250000e+01
      vertex   -7.618904e+01 -5.761880e+00 1.250000e+01
    endloop
  endfacet
  facet normal 6.348403e-02 -9.580702e-02 9.933734e-01
    outer loop
      vertex   -7.602900e+01 -5.785814e+00 1.248746e+01
      vertex   -7.618904e+01 -5.761880e+00 1.250000e+01
      vertex   -7.619437e+01 -5.895392e+00 1.248746e+01
    endloop
  endfacet
  facet normal 5.210229e-02 -9.541823e-02 9.940728e-01
    outer loop
      vertex   -7.619437e+01 -5.895392e+00 1.248746e+01
      vertex   -7.618904e+01 -5.761880e+00 1.250000e+01
      vertex   -7.637688e+01 -5.864448e+00 1.250000e+01
    endloop
  endfacet
  facet normal 5.090493e-02 -1.022309e-01 9.934574e-01
    outer loop
      vertex   -7.619437e+01 -5.895392e+00 1.248746e+01
      vertex   -7.637688e+01 -5.864448e+00 1.250000e+01
      vertex   -7.637195e+01 -5.983819e+00 1.248746e+01
    endloop
  endfacet
  facet normal 3.834320e-02 -1.028021e-01 9.939625e-01
    outer loop
      vertex   -7.637195e+01 -5.983819e+00 1.248746e+01
      vertex   -7.637688e+01 -5.864448e+00 1.250000e+01
      vertex   -7.657740e+01 -5.939239e+00 1.250000e+01
    endloop
  endfacet
  facet normal 3.752291e-02 -1.064823e-01 9.936063e-01
    outer loop
      vertex   -7.637195e+01 -5.983819e+00 1.248746e+01
      vertex   -7.657740e+01 -5.939239e+00 1.250000e+01
      vertex   -7.655906e+01 -6.049752e+00 1.248746e+01
    endloop
  endfacet
  facet normal 2.382235e-02 -1.087762e-01 9.937808e-01
    outer loop
      vertex   -7.655906e+01 -6.049752e+00 1.248746e+01
      vertex   -7.657740e+01 -5.939239e+00 1.250000e+01
      vertex   -7.675285e+01 -6.092192e+00 1.248746e+01
    endloop
  endfacet
  facet normal 7.077720e-02 -3.231786e-01 9.436875e-01
    outer loop
      vertex   -7.655906e+01 -6.049752e+00 1.248746e+01
      vertex   -7.675285e+01 -6.092192e+00 1.248746e+01
      vertex   -7.673664e+01 -6.196623e+00 1.245048e+01
    endloop
  endfacet
  facet normal 3.052588e-02 -3.294267e-01 9.436875e-01
    outer loop
      vertex   -7.673664e+01 -6.196623e+00 1.245048e+01
      vertex   -7.675285e+01 -6.092192e+00 1.248746e+01
      vertex   -7.694713e+01 -6.216128e+00 1.245048e+01
    endloop
  endfacet
  facet normal 4.915655e-02 -5.304837e-01 8.462687e-01
    outer loop
      vertex   -7.673664e+01 -6.196623e+00 1.245048e+01
      vertex   -7.694713e+01 -6.216128e+00 1.245048e+01
      vertex   -7.694421e+01 -6.310886e+00 1.239092e+01
    endloop
  endfacet
  facet normal -1.640626e-02 -5.325036e-01 8.462687e-01
    outer loop
      vertex   -7.694421e+01 -6.310886e+00 1.239092e+01
      vertex   -7.694713e+01 -6.216128e+00 1.245048e+01
      vertex   -7.716717e+01 -6.304016e+00 1.239092e+01
    endloop
  endfacet
  facet normal -2.179605e-02 -7.074420e-01 7.064353e-01
    outer loop
      vertex   -7.694421e+01 -6.310886e+00 1.239092e+01
      vertex   -7.716717e+01 -6.304016e+00 1.239092e+01
      vertex   -7.717447e+01 -6.382849e+00 1.231174e+01
    endloop
  endfacet
  facet normal -1.085672e-01 -6.994015e-01 7.064353e-01
    outer loop
      vertex   -7.717447e+01 -6.382849e+00 1.231174e+01
      vertex   -7.716717e+01 -6.304016e+00 1.239092e+01
      vertex   -7.740453e+01 -6.347138e+00 1.231174e+01
    endloop
  endfacet
  facet normal -1.299501e-01 -8.371528e-01 5.313080e-01
    outer loop
      vertex   -7.717447e+01 -6.382849e+00 1.231174e+01
      vertex   -7.740453e+01 -6.347138e+00 1.231174e+01
      vertex   -7.741727e+01 -6.405327e+00 1.221694e+01
    endloop
  endfacet
  facet normal -2.318415e-01 -8.148382e-01 5.313080e-01
    outer loop
      vertex   -7.741727e+01 -6.405327e+00 1.221694e+01
      vertex   -7.740453e+01 -6.347138e+00 1.231174e+01
      vertex   -7.764825e+01 -6.339608e+00 1.221694e+01
    endloop
  endfacet
  facet normal -2.583593e-01 -9.080389e-01 3.297208e-01
    outer loop
      vertex   -7.741727e+01 -6.405327e+00 1.221694e+01
      vertex   -7.764825e+01 -6.339608e+00 1.221694e+01
      vertex   -7.766054e+01 -6.374485e+00 1.211126e+01
    endloop
  endfacet
  facet normal -3.679885e-01 -8.694071e-01 3.297208e-01
    outer loop
      vertex   -7.766054e+01 -6.374485e+00 1.211126e+01
      vertex   -7.764825e+01 -6.339608e+00 1.221694e+01
      vertex   -7.788589e+01 -6.279105e+00 1.211126e+01
    endloop
  endfacet
  facet normal 2.361051e-02 -1.085358e-01 9.938121e-01
    outer loop
      vertex   -7.657740e+01 -5.939239e+00 1.250000e+01
      vertex   -7.678653e+01 -5.984732e+00 1.250000e+01
      vertex   -7.675285e+01 -6.092192e+00 1.248746e+01
    endloop
  endfacet
  facet normal 1.043742e-02 -1.126377e-01 9.935813e-01
    outer loop
      vertex   -7.675285e+01 -6.092192e+00 1.248746e+01
      vertex   -7.678653e+01 -5.984732e+00 1.250000e+01
      vertex   -7.695038e+01 -6.110496e+00 1.248746e+01
    endloop
  endfacet
  facet normal 3.052588e-02 -3.294267e-01 9.436875e-01
    outer loop
      vertex   -7.675285e+01 -6.092192e+00 1.248746e+01
      vertex   -7.695038e+01 -6.110496e+00 1.248746e+01
      vertex   -7.694713e+01 -6.216128e+00 1.245048e+01
    endloop
  endfacet
  facet normal -1.018818e-02 -3.306811e-01 9.436875e-01
    outer loop
      vertex   -7.694713e+01 -6.216128e+00 1.245048e+01
      vertex   -7.695038e+01 -6.110496e+00 1.248746e+01
      vertex   -7.715842e+01 -6.209618e+00 1.245048e+01
    endloop
  endfacet
  facet normal -1.640626e-02 -5.325036e-01 8.462687e-01
    outer loop
      vertex   -7.694713e+01 -6.216128e+00 1.245048e+01
      vertex   -7.715842e+01 -6.209618e+00 1.245048e+01
      vertex   -7.716717e+01 -6.304016e+00 1.239092e+01
    endloop
  endfacet
  facet normal -8.172037e-02 -5.264514e-01 8.462687e-01
    outer loop
      vertex   -7.716717e+01 -6.304016e+00 1.239092e+01
      vertex   -7.715842e+01 -6.209618e+00 1.245048e+01
      vertex   -7.738759e+01 -6.269800e+00 1.239092e+01
    endloop
  endfacet
  facet normal -1.085672e-01 -6.994015e-01 7.064353e-01
    outer loop
      vertex   -7.716717e+01 -6.304016e+00 1.239092e+01
      vertex   -7.738759e+01 -6.269800e+00 1.239092e+01
      vertex   -7.740453e+01 -6.347138e+00 1.231174e+01
    endloop
  endfacet
  facet normal -1.936926e-01 -6.807587e-01 7.064353e-01
    outer loop
      vertex   -7.740453e+01 -6.347138e+00 1.231174e+01
      vertex   -7.738759e+01 -6.269800e+00 1.239092e+01
      vertex   -7.762845e+01 -6.283426e+00 1.231174e+01
    endloop
  endfacet
  facet normal -2.318415e-01 -8.148382e-01 5.313080e-01
    outer loop
      vertex   -7.740453e+01 -6.347138e+00 1.231174e+01
      vertex   -7.762845e+01 -6.283426e+00 1.231174e+01
      vertex   -7.764825e+01 -6.339608e+00 1.221694e+01
    endloop
  endfacet
  facet normal -3.302183e-01 -7.801716e-01 5.313080e-01
    outer loop
      vertex   -7.764825e+01 -6.339608e+00 1.221694e+01
      vertex   -7.762845e+01 -6.283426e+00 1.231174e+01
      vertex   -7.786941e+01 -6.246002e+00 1.221694e+01
    endloop
  endfacet
  facet normal -3.679885e-01 -8.694071e-01 3.297208e-01
    outer loop
      vertex   -7.764825e+01 -6.339608e+00 1.221694e+01
      vertex   -7.786941e+01 -6.246002e+00 1.221694e+01
      vertex   -7.788589e+01 -6.279105e+00 1.211126e+01
    endloop
  endfacet
  facet normal -4.720392e-01 -8.175960e-01 3.297208e-01
    outer loop
      vertex   -7.788589e+01 -6.279105e+00 1.211126e+01
      vertex   -7.786941e+01 -6.246002e+00 1.221694e+01
      vertex   -7.809781e+01 -6.156755e+00 1.211126e+01
    endloop
  endfacet
  facet normal 7.814455e-03 -1.092604e-01 9.939824e-01
    outer loop
      vertex   -7.678653e+01 -5.984732e+00 1.250000e+01
      vertex   -7.700000e+01 -6.000000e+00 1.250000e+01
      vertex   -7.695038e+01 -6.110496e+00 1.248746e+01
    endloop
  endfacet
  facet normal -3.521216e-03 -1.142893e-01 9.934413e-01
    outer loop
      vertex   -7.695038e+01 -6.110496e+00 1.248746e+01
      vertex   -7.700000e+01 -6.000000e+00 1.250000e+01
      vertex   -7.714867e+01 -6.104387e+00 1.248746e+01
    endloop
  endfacet
  facet normal -1.018818e-02 -3.306811e-01 9.436875e-01
    outer loop
      vertex   -7.695038e+01 -6.110496e+00 1.248746e+01
      vertex   -7.714867e+01 -6.104387e+00 1.248746e+01
      vertex   -7.715842e+01 -6.209618e+00 1.245048e+01
    endloop
  endfacet
  facet normal -5.074780e-02 -3.269227e-01 9.436875e-01
    outer loop
      vertex   -7.715842e+01 -6.209618e+00 1.245048e+01
      vertex   -7.714867e+01 -6.104387e+00 1.248746e+01
      vertex   -7.736731e+01 -6.177192e+00 1.245048e+01
    endloop
  endfacet
  facet normal -8.172037e-02 -5.264514e-01 8.462687e-01
    outer loop
      vertex   -7.715842e+01 -6.209618e+00 1.245048e+01
      vertex   -7.736731e+01 -6.177192e+00 1.245048e+01
      vertex   -7.738759e+01 -6.269800e+00 1.239092e+01
    endloop
  endfacet
  facet normal -1.457957e-01 -5.124187e-01 8.462687e-01
    outer loop
      vertex   -7.738759e+01 -6.269800e+00 1.239092e+01
      vertex   -7.736731e+01 -6.177192e+00 1.245048e+01
      vertex   -7.760214e+01 -6.208755e+00 1.239092e+01
    endloop
  endfacet
  facet normal -1.936926e-01 -6.807587e-01 7.064353e-01
    outer loop
      vertex   -7.738759e+01 -6.269800e+00 1.239092e+01
      vertex   -7.760214e+01 -6.208755e+00 1.239092e+01
      vertex   -7.762845e+01 -6.283426e+00 1.231174e+01
    endloop
  endfacet
  facet normal -2.758817e-01 -6.517964e-01 7.064353e-01
    outer loop
      vertex   -7.762845e+01 -6.283426e+00 1.231174e+01
      vertex   -7.760214e+01 -6.208755e+00 1.239092e+01
      vertex   -7.784285e+01 -6.192678e+00 1.231174e+01
    endloop
  endfacet
  facet normal -3.302183e-01 -7.801716e-01 5.313080e-01
    outer loop
      vertex   -7.762845e+01 -6.283426e+00 1.231174e+01
      vertex   -7.784285e+01 -6.192678e+00 1.231174e+01
      vertex   -7.786941e+01 -6.246002e+00 1.221694e+01
    endloop
  endfacet
  facet normal -4.235894e-01 -7.336783e-01 5.313080e-01
    outer loop
      vertex   -7.786941e+01 -6.246002e+00 1.221694e+01
      vertex   -7.784285e+01 -6.192678e+00 1.231174e+01
      vertex   -7.807738e+01 -6.125928e+00 1.221694e+01
    endloop
  endfacet
  facet normal -4.720392e-01 -8.175960e-01 3.297208e-01
    outer loop
      vertex   -7.786941e+01 -6.246002e+00 1.221694e+01
      vertex   -7.807738e+01 -6.125928e+00 1.221694e+01
      vertex   -7.809781e+01 -6.156755e+00 1.211126e+01
    endloop
  endfacet
  facet normal -5.689344e-01 -7.533909e-01 3.297208e-01
    outer loop
      vertex   -7.809781e+01 -6.156755e+00 1.211126e+01
      vertex   -7.807738e+01 -6.125928e+00 1.221694e+01
      vertex   -7.829308e+01 -6.009290e+00 1.211126e+01
    endloop
  endfacet
  facet normal -7.748999e-03 -1.083452e-01 9.940831e-01
    outer loop
      vertex   -7.700000e+01 -6.000000e+00 1.250000e+01
      vertex   -7.721347e+01 -5.984732e+00 1.250000e+01
      vertex   -7.714867e+01 -6.104387e+00 1.248746e+01
    endloop
  endfacet
  facet normal -1.763801e-02 -1.136259e-01 9.933670e-01
    outer loop
      vertex   -7.714867e+01 -6.104387e+00 1.248746e+01
      vertex   -7.721347e+01 -5.984732e+00 1.250000e+01
      vertex   -7.734470e+01 -6.073957e+00 1.248746e+01
    endloop
  endfacet
  facet normal -5.074780e-02 -3.269227e-01 9.436875e-01
    outer loop
      vertex   -7.714867e+01 -6.104387e+00 1.248746e+01
      vertex   -7.734470e+01 -6.073957e+00 1.248746e+01
      vertex   -7.736731e+01 -6.177192e+00 1.245048e+01
    endloop
  endfacet
  facet normal -9.053813e-02 -3.182085e-01 9.436875e-01
    outer loop
      vertex   -7.736731e+01 -6.177192e+00 1.245048e+01
      vertex   -7.734470e+01 -6.073957e+00 1.248746e+01
      vertex   -7.757063e+01 -6.119341e+00 1.245048e+01
    endloop
  endfacet
  facet normal -1.457957e-01 -5.124187e-01 8.462687e-01
    outer loop
      vertex   -7.736731e+01 -6.177192e+00 1.245048e+01
      vertex   -7.757063e+01 -6.119341e+00 1.245048e+01
      vertex   -7.760214e+01 -6.208755e+00 1.239092e+01
    endloop
  endfacet
  facet normal -2.076609e-01 -4.906182e-01 8.462687e-01
    outer loop
      vertex   -7.760214e+01 -6.208755e+00 1.239092e+01
      vertex   -7.757063e+01 -6.119341e+00 1.245048e+01
      vertex   -7.780756e+01 -6.121808e+00 1.239092e+01
    endloop
  endfacet
  facet normal -2.758817e-01 -6.517964e-01 7.064353e-01
    outer loop
      vertex   -7.760214e+01 -6.208755e+00 1.239092e+01
      vertex   -7.780756e+01 -6.121808e+00 1.239092e+01
      vertex   -7.784285e+01 -6.192678e+00 1.231174e+01
    endloop
  endfacet
  facet normal -3.538888e-01 -6.129534e-01 7.064353e-01
    outer loop
      vertex   -7.784285e+01 -6.192678e+00 1.231174e+01
      vertex   -7.780756e+01 -6.121808e+00 1.239092e+01
      vertex   -7.804448e+01 -6.076272e+00 1.231174e+01
    endloop
  endfacet
  facet normal -4.235894e-01 -7.336783e-01 5.313080e-01
    outer loop
      vertex   -7.784285e+01 -6.192678e+00 1.231174e+01
      vertex   -7.804448e+01 -6.076272e+00 1.231174e+01
      vertex   -7.807738e+01 -6.125928e+00 1.221694e+01
    endloop
  endfacet
  facet normal -5.105392e-01 -6.760632e-01 5.313080e-01
    outer loop
      vertex   -7.807738e+01 -6.125928e+00 1.221694e+01
      vertex   -7.804448e+01 -6.076272e+00 1.231174e+01
      vertex   -7.826902e+01 -5.981207e+00 1.221694e+01
    endloop
  endfacet
  facet normal -5.689344e-01 -7.533909e-01 3.297208e-01
    outer loop
      vertex   -7.807738e+01 -6.125928e+00 1.221694e+01
      vertex   -7.826902e+01 -5.981207e+00 1.221694e+01
      vertex   -7.829308e+01 -6.009290e+00 1.211126e+01
    endloop
  endfacet
  facet normal -6.572051e-01 -6.777652e-01 3.297208e-01
    outer loop
      vertex   -7.829308e+01 -6.009290e+00 1.211126e+01
      vertex   -7.826902e+01 -5.981207e+00 1.221694e+01
      vertex   -7.846875e+01 -5.838946e+00 1.211126e+01
    endloop
  endfacet
  facet normal -2.301912e-02 -1.058172e-01 9.941191e-01
    outer loop
      vertex   -7.721347e+01 -5.984732e+00 1.250000e+01
      vertex   -7.742260e+01 -5.939239e+00 1.250000e+01
      vertex   -7.734470e+01 -6.073957e+00 1.248746e+01
    endloop
  endfacet
  facet normal -3.147942e-02 -1.106387e-01 9.933620e-01
    outer loop
      vertex   -7.734470e+01 -6.073957e+00 1.248746e+01
      vertex   -7.742260e+01 -5.939239e+00 1.250000e+01
      vertex   -7.753551e+01 -6.019667e+00 1.248746e+01
    endloop
  endfacet
  facet normal -9.053813e-02 -3.182085e-01 9.436875e-01
    outer loop
      vertex   -7.734470e+01 -6.073957e+00 1.248746e+01
      vertex   -7.753551e+01 -6.019667e+00 1.248746e+01
      vertex   -7.757063e+01 -6.119341e+00 1.245048e+01
    endloop
  endfacet
  facet normal -1.289560e-01 -3.046706e-01 9.436875e-01
    outer loop
      vertex   -7.757063e+01 -6.119341e+00 1.245048e+01
      vertex   -7.753551e+01 -6.019667e+00 1.248746e+01
      vertex   -7.776531e+01 -6.036943e+00 1.245048e+01
    endloop
  endfacet
  facet normal -2.076609e-01 -4.906182e-01 8.462687e-01
    outer loop
      vertex   -7.757063e+01 -6.119341e+00 1.245048e+01
      vertex   -7.776531e+01 -6.036943e+00 1.245048e+01
      vertex   -7.780756e+01 -6.121808e+00 1.239092e+01
    endloop
  endfacet
  facet normal -2.663782e-01 -4.613805e-01 8.462687e-01
    outer loop
      vertex   -7.780756e+01 -6.121808e+00 1.239092e+01
      vertex   -7.776531e+01 -6.036943e+00 1.245048e+01
      vertex   -7.800074e+01 -6.010275e+00 1.239092e+01
    endloop
  endfacet
  facet normal -3.538888e-01 -6.129534e-01 7.064353e-01
    outer loop
      vertex   -7.780756e+01 -6.121808e+00 1.239092e+01
      vertex   -7.800074e+01 -6.010275e+00 1.239092e+01
      vertex   -7.804448e+01 -6.076272e+00 1.231174e+01
    endloop
  endfacet
  facet normal -4.265313e-01 -5.648188e-01 7.064353e-01
    outer loop
      vertex   -7.804448e+01 -6.076272e+00 1.231174e+01
      vertex   -7.800074e+01 -6.010275e+00 1.239092e+01
      vertex   -7.823026e+01 -5.935971e+00 1.231174e+01
    endloop
  endfacet
  facet normal -5.105392e-01 -6.760632e-01 5.313080e-01
    outer loop
      vertex   -7.804448e+01 -6.076272e+00 1.231174e+01
      vertex   -7.823026e+01 -5.935971e+00 1.231174e+01
      vertex   -7.826902e+01 -5.981207e+00 1.221694e+01
    endloop
  endfacet
  facet normal -5.897499e-01 -6.081997e-01 5.313080e-01
    outer loop
      vertex   -7.826902e+01 -5.981207e+00 1.221694e+01
      vertex   -7.823026e+01 -5.935971e+00 1.231174e+01
      vertex   -7.844143e+01 -5.814033e+00 1.221694e+01
    endloop
  endfacet
  facet normal -6.572051e-01 -6.777652e-01 3.297208e-01
    outer loop
      vertex   -7.826902e+01 -5.981207e+00 1.221694e+01
      vertex   -7.844143e+01 -5.814033e+00 1.221694e+01
      vertex   -7.846875e+01 -5.838946e+00 1.211126e+01
    endloop
  endfacet
  facet normal -7.355132e-01 -5.918653e-01 3.297208e-01
    outer loop
      vertex   -7.846875e+01 -5.838946e+00 1.211126e+01
      vertex   -7.844143e+01 -5.814033e+00 1.221694e+01
      vertex   -7.862216e+01 -5.648305e+00 1.211126e+01
    endloop
  endfacet
  facet normal -3.793058e-02 -1.016958e-01 9.940922e-01
    outer loop
      vertex   -7.742260e+01 -5.939239e+00 1.250000e+01
      vertex   -7.762312e+01 -5.864448e+00 1.250000e+01
      vertex   -7.753551e+01 -6.019667e+00 1.248746e+01
    endloop
  endfacet
  facet normal -4.461941e-02 -1.054175e-01 9.934265e-01
    outer loop
      vertex   -7.753551e+01 -6.019667e+00 1.248746e+01
      vertex   -7.762312e+01 -5.864448e+00 1.250000e+01
      vertex   -7.771820e+01 -5.942341e+00 1.248746e+01
    endloop
  endfacet
  facet normal -1.289560e-01 -3.046706e-01 9.436875e-01
    outer loop
      vertex   -7.753551e+01 -6.019667e+00 1.248746e+01
      vertex   -7.771820e+01 -5.942341e+00 1.248746e+01
      vertex   -7.776531e+01 -6.036943e+00 1.245048e+01
    endloop
  endfacet
  facet normal -1.654190e-01 -2.865142e-01 9.436875e-01
    outer loop
      vertex   -7.776531e+01 -6.036943e+00 1.245048e+01
      vertex   -7.771820e+01 -5.942341e+00 1.248746e+01
      vertex   -7.794838e+01 -5.931247e+00 1.245048e+01
    endloop
  endfacet
  facet normal -2.663782e-01 -4.613805e-01 8.462687e-01
    outer loop
      vertex   -7.776531e+01 -6.036943e+00 1.245048e+01
      vertex   -7.794838e+01 -5.931247e+00 1.245048e+01
      vertex   -7.800074e+01 -6.010275e+00 1.239092e+01
    endloop
  endfacet
  facet normal -3.210574e-01 -4.251487e-01 8.462687e-01
    outer loop
      vertex   -7.800074e+01 -6.010275e+00 1.239092e+01
      vertex   -7.794838e+01 -5.931247e+00 1.245048e+01
      vertex   -7.817875e+01 -5.875848e+00 1.239092e+01
    endloop
  endfacet
  facet normal -4.265313e-01 -5.648188e-01 7.064353e-01
    outer loop
      vertex   -7.800074e+01 -6.010275e+00 1.239092e+01
      vertex   -7.817875e+01 -5.875848e+00 1.239092e+01
      vertex   -7.823026e+01 -5.935971e+00 1.231174e+01
    endloop
  endfacet
  facet normal -4.927081e-01 -5.081220e-01 7.064353e-01
    outer loop
      vertex   -7.823026e+01 -5.935971e+00 1.231174e+01
      vertex   -7.817875e+01 -5.875848e+00 1.239092e+01
      vertex   -7.839740e+01 -5.773902e+00 1.231174e+01
    endloop
  endfacet
  facet normal -5.897499e-01 -6.081997e-01 5.313080e-01
    outer loop
      vertex   -7.823026e+01 -5.935971e+00 1.231174e+01
      vertex   -7.839740e+01 -5.773902e+00 1.231174e+01
      vertex   -7.844143e+01 -5.814033e+00 1.221694e+01
    endloop
  endfacet
  facet normal -6.600205e-01 -5.311165e-01 5.313080e-01
    outer loop
      vertex   -7.844143e+01 -5.814033e+00 1.221694e+01
      vertex   -7.839740e+01 -5.773902e+00 1.231174e+01
      vertex   -7.859198e+01 -5.626939e+00 1.221694e+01
    endloop
  endfacet
  facet normal -7.355132e-01 -5.918653e-01 3.297208e-01
    outer loop
      vertex   -7.844143e+01 -5.814033e+00 1.221694e+01
      vertex   -7.859198e+01 -5.626939e+00 1.221694e+01
      vertex   -7.862216e+01 -5.648305e+00 1.211126e+01
    endloop
  endfacet
  facet normal -8.026717e-01 -4.969933e-01 3.297208e-01
    outer loop
      vertex   -7.862216e+01 -5.648305e+00 1.211126e+01
      vertex   -7.859198e+01 -5.626939e+00 1.221694e+01
      vertex   -7.875098e+01 -5.440256e+00 1.211126e+01
    endloop
  endfacet
  facet normal -5.241618e-02 -9.599307e-02 9.940009e-01
    outer loop
      vertex   -7.762312e+01 -5.864448e+00 1.250000e+01
      vertex   -7.781096e+01 -5.761880e+00 1.250000e+01
      vertex   -7.771820e+01 -5.942341e+00 1.248746e+01
    endloop
  endfacet
  facet normal -5.666466e-02 -9.814607e-02 9.935575e-01
    outer loop
      vertex   -7.771820e+01 -5.942341e+00 1.248746e+01
      vertex   -7.781096e+01 -5.761880e+00 1.250000e+01
      vertex   -7.789000e+01 -5.843151e+00 1.248746e+01
    endloop
  endfacet
  facet normal -1.654190e-01 -2.865142e-01 9.436875e-01
    outer loop
      vertex   -7.771820e+01 -5.942341e+00 1.248746e+01
      vertex   -7.789000e+01 -5.843151e+00 1.248746e+01
      vertex   -7.794838e+01 -5.931247e+00 1.245048e+01
    endloop
  endfacet
  facet normal -1.993745e-01 -2.640145e-01 9.436875e-01
    outer loop
      vertex   -7.794838e+01 -5.931247e+00 1.245048e+01
      vertex   -7.789000e+01 -5.843151e+00 1.248746e+01
      vertex   -7.811707e+01 -5.803854e+00 1.245048e+01
    endloop
  endfacet
  facet normal -3.210574e-01 -4.251487e-01 8.462687e-01
    outer loop
      vertex   -7.794838e+01 -5.931247e+00 1.245048e+01
      vertex   -7.811707e+01 -5.803854e+00 1.245048e+01
      vertex   -7.817875e+01 -5.875848e+00 1.239092e+01
    endloop
  endfacet
  facet normal -3.708698e-01 -3.824721e-01 8.462687e-01
    outer loop
      vertex   -7.817875e+01 -5.875848e+00 1.239092e+01
      vertex   -7.811707e+01 -5.803854e+00 1.245048e+01
      vertex   -7.833890e+01 -5.720565e+00 1.239092e+01
    endloop
  endfacet
  facet normal -4.927081e-01 -5.081220e-01 7.064353e-01
    outer loop
      vertex   -7.817875e+01 -5.875848e+00 1.239092e+01
      vertex   -7.833890e+01 -5.720565e+00 1.239092e+01
      vertex   -7.839740e+01 -5.773902e+00 1.231174e+01
    endloop
  endfacet
  facet normal -5.514158e-01 -4.437227e-01 7.064353e-01
    outer loop
      vertex   -7.839740e+01 -5.773902e+00 1.231174e+01
      vertex   -7.833890e+01 -5.720565e+00 1.239092e+01
      vertex   -7.854336e+01 -5.592522e+00 1.231174e+01
    endloop
  endfacet
  facet normal -6.600205e-01 -5.311165e-01 5.313080e-01
    outer loop
      vertex   -7.839740e+01 -5.773902e+00 1.231174e+01
      vertex   -7.854336e+01 -5.592522e+00 1.231174e+01
      vertex   -7.859198e+01 -5.626939e+00 1.221694e+01
    endloop
  endfacet
  facet normal -7.202859e-01 -4.459821e-01 5.313080e-01
    outer loop
      vertex   -7.859198e+01 -5.626939e+00 1.221694e+01
      vertex   -7.854336e+01 -5.592522e+00 1.231174e+01
      vertex   -7.871840e+01 -5.422762e+00 1.221694e+01
    endloop
  endfacet
  facet normal -8.026717e-01 -4.969933e-01 3.297208e-01
    outer loop
      vertex   -7.859198e+01 -5.626939e+00 1.221694e+01
      vertex   -7.871840e+01 -5.422762e+00 1.221694e+01
      vertex   -7.875098e+01 -5.440256e+00 1.211126e+01
    endloop
  endfacet
  facet normal -8.576625e-01 -3.945874e-01 3.297208e-01
    outer loop
      vertex   -7.875098e+01 -5.440256e+00 1.211126e+01
      vertex   -7.871840e+01 -5.422762e+00 1.221694e+01
      vertex   -7.885325e+01 -5.217955e+00 1.211126e+01
    endloop
  endfacet
  facet normal -6.640922e-02 -8.871234e-02 9.938410e-01
    outer loop
      vertex   -7.781096e+01 -5.761880e+00 1.250000e+01
      vertex   -7.798229e+01 -5.633624e+00 1.250000e+01
      vertex   -7.789000e+01 -5.843151e+00 1.248746e+01
    endloop
  endfacet
  facet normal -6.727689e-02 -8.908900e-02 9.937489e-01
    outer loop
      vertex   -7.789000e+01 -5.843151e+00 1.248746e+01
      vertex   -7.798229e+01 -5.633624e+00 1.250000e+01
      vertex   -7.804832e+01 -5.723599e+00 1.248746e+01
    endloop
  endfacet
  facet normal -1.993745e-01 -2.640145e-01 9.436875e-01
    outer loop
      vertex   -7.789000e+01 -5.843151e+00 1.248746e+01
      vertex   -7.804832e+01 -5.723599e+00 1.248746e+01
      vertex   -7.811707e+01 -5.803854e+00 1.245048e+01
    endloop
  endfacet
  facet normal -2.303076e-01 -2.375126e-01 9.436875e-01
    outer loop
      vertex   -7.811707e+01 -5.803854e+00 1.245048e+01
      vertex   -7.804832e+01 -5.723599e+00 1.248746e+01
      vertex   -7.826884e+01 -5.656696e+00 1.245048e+01
    endloop
  endfacet
  facet normal -3.708698e-01 -3.824721e-01 8.462687e-01
    outer loop
      vertex   -7.811707e+01 -5.803854e+00 1.245048e+01
      vertex   -7.826884e+01 -5.656696e+00 1.245048e+01
      vertex   -7.833890e+01 -5.720565e+00 1.239092e+01
    endloop
  endfacet
  facet normal -4.150601e-01 -3.339976e-01 8.462687e-01
    outer loop
      vertex   -7.833890e+01 -5.720565e+00 1.239092e+01
      vertex   -7.826884e+01 -5.656696e+00 1.245048e+01
      vertex   -7.847874e+01 -5.546779e+00 1.239092e+01
    endloop
  endfacet
  facet normal -5.514158e-01 -4.437227e-01 7.064353e-01
    outer loop
      vertex   -7.833890e+01 -5.720565e+00 1.239092e+01
      vertex   -7.847874e+01 -5.546779e+00 1.239092e+01
      vertex   -7.854336e+01 -5.592522e+00 1.231174e+01
    endloop
  endfacet
  facet normal -6.017647e-01 -3.725969e-01 7.064353e-01
    outer loop
      vertex   -7.854336e+01 -5.592522e+00 1.231174e+01
      vertex   -7.847874e+01 -5.546779e+00 1.239092e+01
      vertex   -7.866592e+01 -5.394580e+00 1.231174e+01
    endloop
  endfacet
  facet normal -7.202859e-01 -4.459821e-01 5.313080e-01
    outer loop
      vertex   -7.854336e+01 -5.592522e+00 1.231174e+01
      vertex   -7.866592e+01 -5.394580e+00 1.231174e+01
      vertex   -7.871840e+01 -5.422762e+00 1.221694e+01
    endloop
  endfacet
  facet normal -7.696324e-01 -3.540871e-01 5.313080e-01
    outer loop
      vertex   -7.871840e+01 -5.422762e+00 1.221694e+01
      vertex   -7.866592e+01 -5.394580e+00 1.231174e+01
      vertex   -7.881877e+01 -5.204596e+00 1.221694e+01
    endloop
  endfacet
  facet normal -8.576625e-01 -3.945874e-01 3.297208e-01
    outer loop
      vertex   -7.871840e+01 -5.422762e+00 1.221694e+01
      vertex   -7.881877e+01 -5.204596e+00 1.221694e+01
      vertex   -7.885325e+01 -5.217955e+00 1.211126e+01
    endloop
  endfacet
  facet normal -8.996520e-01 -2.861999e-01 3.297208e-01
    outer loop
      vertex   -7.885325e+01 -5.217955e+00 1.211126e+01
      vertex   -7.881877e+01 -5.204596e+00 1.221694e+01
      vertex   -7.892744e+01 -4.984770e+00 1.211126e+01
    endloop
  endfacet
  facet normal -7.843277e-02 -8.088648e-02 9.936326e-01
    outer loop
      vertex   -7.804832e+01 -5.723599e+00 1.248746e+01
      vertex   -7.798229e+01 -5.633624e+00 1.250000e+01
      vertex   -7.819074e+01 -5.585499e+00 1.248746e+01
    endloop
  endfacet
  facet normal -7.772034e-02 -7.772034e-02 9.939412e-01
    outer loop
      vertex   -7.819074e+01 -5.585499e+00 1.248746e+01
      vertex   -7.798229e+01 -5.633624e+00 1.250000e+01
      vertex   -7.813362e+01 -5.482291e+00 1.250000e+01
    endloop
  endfacet
  facet normal -8.885562e-02 -7.150185e-02 9.934748e-01
    outer loop
      vertex   -7.819074e+01 -5.585499e+00 1.248746e+01
      vertex   -7.813362e+01 -5.482291e+00 1.250000e+01
      vertex   -7.831511e+01 -5.430944e+00 1.248746e+01
    endloop
  endfacet
  facet normal -8.711745e-02 -6.521531e-02 9.940611e-01
    outer loop
      vertex   -7.831511e+01 -5.430944e+00 1.248746e+01
      vertex   -7.813362e+01 -5.482291e+00 1.250000e+01
      vertex   -7.826188e+01 -5.310961e+00 1.250000e+01
    endloop
  endfacet
  facet normal -9.765905e-02 -6.046793e-02 9.933813e-01
    outer loop
      vertex   -7.831511e+01 -5.430944e+00 1.248746e+01
      vertex   -7.826188e+01 -5.310961e+00 1.250000e+01
      vertex   -7.841954e+01 -5.262277e+00 1.248746e+01
    endloop
  endfacet
  facet normal -9.507656e-02 -5.191573e-02 9.941153e-01
    outer loop
      vertex   -7.841954e+01 -5.262277e+00 1.248746e+01
      vertex   -7.826188e+01 -5.310961e+00 1.250000e+01
      vertex   -7.836445e+01 -5.123123e+00 1.250000e+01
    endloop
  endfacet
  facet normal -1.045455e-01 -4.809855e-02 9.933563e-01
    outer loop
      vertex   -7.841954e+01 -5.262277e+00 1.248746e+01
      vertex   -7.836445e+01 -5.123123e+00 1.250000e+01
      vertex   -7.850246e+01 -5.082054e+00 1.248746e+01
    endloop
  endfacet
  facet normal -1.015743e-01 -3.788527e-02 9.941063e-01
    outer loop
      vertex   -7.850246e+01 -5.082054e+00 1.248746e+01
      vertex   -7.836445e+01 -5.123123e+00 1.250000e+01
      vertex   -7.843924e+01 -4.922599e+00 1.250000e+01
    endloop
  endfacet
  facet normal -1.092946e-01 -3.476913e-02 9.934011e-01
    outer loop
      vertex   -7.850246e+01 -5.082054e+00 1.248746e+01
      vertex   -7.843924e+01 -4.922599e+00 1.250000e+01
      vertex   -7.856260e+01 -4.893009e+00 1.248746e+01
    endloop
  endfacet
  facet normal -1.065802e-01 -2.318510e-02 9.940338e-01
    outer loop
      vertex   -7.856260e+01 -4.893009e+00 1.248746e+01
      vertex   -7.843924e+01 -4.922599e+00 1.250000e+01
      vertex   -7.848473e+01 -4.713472e+00 1.250000e+01
    endloop
  endfacet
  facet normal -1.117774e-01 -2.089481e-02 9.935136e-01
    outer loop
      vertex   -7.856260e+01 -4.893009e+00 1.248746e+01
      vertex   -7.848473e+01 -4.713472e+00 1.250000e+01
      vertex   -7.859905e+01 -4.698005e+00 1.248746e+01
    endloop
  endfacet
  facet normal -1.100570e-01 -7.871431e-03 9.938941e-01
    outer loop
      vertex   -7.859905e+01 -4.698005e+00 1.248746e+01
      vertex   -7.848473e+01 -4.713472e+00 1.250000e+01
      vertex   -7.850000e+01 -4.500000e+00 1.250000e+01
    endloop
  endfacet
  facet normal -9.422879e-01 5.811833e-02 3.297208e-01
    outer loop
      vertex   -7.898746e+01 -4.500000e+00 1.211126e+01
      vertex   -7.895048e+01 -4.500000e+00 1.221694e+01
      vertex   -7.897240e+01 -4.255764e+00 1.211126e+01
    endloop
  endfacet
  facet normal -9.422879e-01 5.811833e-02 3.297208e-01
    outer loop
      vertex   -7.897240e+01 -4.255764e+00 1.211126e+01
      vertex   -7.895048e+01 -4.500000e+00 1.221694e+01
      vertex   -7.893570e+01 -4.260308e+00 1.221694e+01
    endloop
  endfacet
  facet normal -9.280038e-01 1.734740e-01 3.297208e-01
    outer loop
      vertex   -7.897240e+01 -4.255764e+00 1.211126e+01
      vertex   -7.893570e+01 -4.260308e+00 1.221694e+01
      vertex   -7.892744e+01 -4.015230e+00 1.211126e+01
    endloop
  endfacet
  facet normal -9.280038e-01 1.734740e-01 3.297208e-01
    outer loop
      vertex   -7.892744e+01 -4.015230e+00 1.211126e+01
      vertex   -7.893570e+01 -4.260308e+00 1.221694e+01
      vertex   -7.889157e+01 -4.024250e+00 1.221694e+01
    endloop
  endfacet
  facet normal -8.996520e-01 2.861999e-01 3.297208e-01
    outer loop
      vertex   -7.892744e+01 -4.015230e+00 1.211126e+01
      vertex   -7.889157e+01 -4.024250e+00 1.221694e+01
      vertex   -7.885325e+01 -3.782045e+00 1.211126e+01
    endloop
  endfacet
  facet normal -8.996520e-01 2.861999e-01 3.297208e-01
    outer loop
      vertex   -7.885325e+01 -3.782045e+00 1.211126e+01
      vertex   -7.889157e+01 -4.024250e+00 1.221694e+01
      vertex   -7.881877e+01 -3.795404e+00 1.221694e+01
    endloop
  endfacet
  facet normal -8.576625e-01 3.945874e-01 3.297208e-01
    outer loop
      vertex   -7.885325e+01 -3.782045e+00 1.211126e+01
      vertex   -7.881877e+01 -3.795404e+00 1.221694e+01
      vertex   -7.875098e+01 -3.559744e+00 1.211126e+01
    endloop
  endfacet
  facet normal -8.576625e-01 3.945874e-01 3.297208e-01
    outer loop
      vertex   -7.875098e+01 -3.559744e+00 1.211126e+01
      vertex   -7.881877e+01 -3.795404e+00 1.221694e+01
      vertex   -7.871840e+01 -3.577238e+00 1.221694e+01
    endloop
  endfacet
  facet normal -8.026717e-01 4.969933e-01 3.297208e-01
    outer loop
      vertex   -7.875098e+01 -3.559744e+00 1.211126e+01
      vertex   -7.871840e+01 -3.577238e+00 1.221694e+01
      vertex   -7.862216e+01 -3.351695e+00 1.211126e+01
    endloop
  endfacet
  facet normal -8.026717e-01 4.969933e-01 3.297208e-01
    outer loop
      vertex   -7.862216e+01 -3.351695e+00 1.211126e+01
      vertex   -7.871840e+01 -3.577238e+00 1.221694e+01
      vertex   -7.859198e+01 -3.373061e+00 1.221694e+01
    endloop
  endfacet
  facet normal -7.355132e-01 5.918653e-01 3.297208e-01
    outer loop
      vertex   -7.862216e+01 -3.351695e+00 1.211126e+01
      vertex   -7.859198e+01 -3.373061e+00 1.221694e+01
      vertex   -7.846875e+01 -3.161054e+00 1.211126e+01
    endloop
  endfacet
  facet normal -7.355132e-01 5.918653e-01 3.297208e-01
    outer loop
      vertex   -7.846875e+01 -3.161054e+00 1.211126e+01
      vertex   -7.859198e+01 -3.373061e+00 1.221694e+01
      vertex   -7.844143e+01 -3.185967e+00 1.221694e+01
    endloop
  endfacet
  facet normal -6.572051e-01 6.777652e-01 3.297208e-01
    outer loop
      vertex   -7.846875e+01 -3.161054e+00 1.211126e+01
      vertex   -7.844143e+01 -3.185967e+00 1.221694e+01
      vertex   -7.829308e+01 -2.990710e+00 1.211126e+01
    endloop
  endfacet
  facet normal -6.572051e-01 6.777652e-01 3.297208e-01
    outer loop
      vertex   -7.829308e+01 -2.990710e+00 1.211126e+01
      vertex   -7.844143e+01 -3.185967e+00 1.221694e+01
      vertex   -7.826902e+01 -3.018793e+00 1.221694e+01
    endloop
  endfacet
  facet normal -5.689344e-01 7.533909e-01 3.297208e-01
    outer loop
      vertex   -7.829308e+01 -2.990710e+00 1.211126e+01
      vertex   -7.826902e+01 -3.018793e+00 1.221694e+01
      vertex   -7.809781e+01 -2.843245e+00 1.211126e+01
    endloop
  endfacet
  facet normal -5.689344e-01 7.533909e-01 3.297208e-01
    outer loop
      vertex   -7.809781e+01 -2.843245e+00 1.211126e+01
      vertex   -7.826902e+01 -3.018793e+00 1.221694e+01
      vertex   -7.807738e+01 -2.874072e+00 1.221694e+01
    endloop
  endfacet
  facet normal -4.720392e-01 8.175960e-01 3.297208e-01
    outer loop
      vertex   -7.809781e+01 -2.843245e+00 1.211126e+01
      vertex   -7.807738e+01 -2.874072e+00 1.221694e+01
      vertex   -7.788589e+01 -2.720895e+00 1.211126e+01
    endloop
  endfacet
  facet normal -4.720392e-01 8.175960e-01 3.297208e-01
    outer loop
      vertex   -7.788589e+01 -2.720895e+00 1.211126e+01
      vertex   -7.807738e+01 -2.874072e+00 1.221694e+01
      vertex   -7.786941e+01 -2.753998e+00 1.221694e+01
    endloop
  endfacet
  facet normal -3.679885e-01 8.694071e-01 3.297208e-01
    outer loop
      vertex   -7.788589e+01 -2.720895e+00 1.211126e+01
      vertex   -7.786941e+01 -2.753998e+00 1.221694e+01
      vertex   -7.766054e+01 -2.625515e+00 1.211126e+01
    endloop
  endfacet
  facet normal -3.679885e-01 8.694071e-01 3.297208e-01
    outer loop
      vertex   -7.766054e+01 -2.625515e+00 1.211126e+01
      vertex   -7.786941e+01 -2.753998e+00 1.221694e+01
      vertex   -7.764825e+01 -2.660392e+00 1.221694e+01
    endloop
  endfacet
  facet normal -2.583593e-01 9.080389e-01 3.297208e-01
    outer loop
      vertex   -7.766054e+01 -2.625515e+00 1.211126e+01
      vertex   -7.764825e+01 -2.660392e+00 1.221694e+01
      vertex   -7.742518e+01 -2.558549e+00 1.211126e+01
    endloop
  endfacet
  facet normal -2.583593e-01 9.080389e-01 3.297208e-01
    outer loop
      vertex   -7.742518e+01 -2.558549e+00 1.211126e+01
      vertex   -7.764825e+01 -2.660392e+00 1.221694e+01
      vertex   -7.741727e+01 -2.594673e+00 1.221694e+01
    endloop
  endfacet
  facet normal -1.448138e-01 9.329058e-01 3.297208e-01
    outer loop
      vertex   -7.742518e+01 -2.558549e+00 1.211126e+01
      vertex   -7.741727e+01 -2.594673e+00 1.221694e+01
      vertex   -7.718338e+01 -2.521014e+00 1.211126e+01
    endloop
  endfacet
  facet normal -8.455719e-01 5.215309e-02 5.313080e-01
    outer loop
      vertex   -7.895048e+01 -4.500000e+00 1.221694e+01
      vertex   -7.889092e+01 -4.500000e+00 1.231174e+01
      vertex   -7.893570e+01 -4.260308e+00 1.221694e+01
    endloop
  endfacet
  facet normal -8.455719e-01 5.215309e-02 5.313080e-01
    outer loop
      vertex   -7.893570e+01 -4.260308e+00 1.221694e+01
      vertex   -7.889092e+01 -4.500000e+00 1.231174e+01
      vertex   -7.887658e+01 -4.267629e+00 1.231174e+01
    endloop
  endfacet
  facet normal -8.327539e-01 1.556687e-01 5.313080e-01
    outer loop
      vertex   -7.893570e+01 -4.260308e+00 1.221694e+01
      vertex   -7.887658e+01 -4.267629e+00 1.231174e+01
      vertex   -7.889157e+01 -4.024250e+00 1.221694e+01
    endloop
  endfacet
  facet normal -8.327539e-01 1.556687e-01 5.313080e-01
    outer loop
      vertex   -7.889157e+01 -4.024250e+00 1.221694e+01
      vertex   -7.887658e+01 -4.267629e+00 1.231174e+01
      vertex   -7.883380e+01 -4.038780e+00 1.231174e+01
    endloop
  endfacet
  facet normal -8.073122e-01 2.568245e-01 5.313080e-01
    outer loop
      vertex   -7.889157e+01 -4.024250e+00 1.221694e+01
      vertex   -7.883380e+01 -4.038780e+00 1.231174e+01
      vertex   -7.881877e+01 -3.795404e+00 1.221694e+01
    endloop
  endfacet
  facet normal -8.073122e-01 2.568245e-01 5.313080e-01
    outer loop
      vertex   -7.881877e+01 -3.795404e+00 1.221694e+01
      vertex   -7.883380e+01 -4.038780e+00 1.231174e+01
      vertex   -7.876323e+01 -3.816922e+00 1.231174e+01
    endloop
  endfacet
  facet normal -7.696324e-01 3.540871e-01 5.313080e-01
    outer loop
      vertex   -7.881877e+01 -3.795404e+00 1.221694e+01
      vertex   -7.876323e+01 -3.816922e+00 1.231174e+01
      vertex   -7.871840e+01 -3.577238e+00 1.221694e+01
    endloop
  endfacet
  facet normal -7.696324e-01 3.540871e-01 5.313080e-01
    outer loop
      vertex   -7.871840e+01 -3.577238e+00 1.221694e+01
      vertex   -7.876323e+01 -3.816922e+00 1.231174e+01
      vertex   -7.866592e+01 -3.605420e+00 1.231174e+01
    endloop
  endfacet
  facet normal -7.202859e-01 4.459821e-01 5.313080e-01
    outer loop
      vertex   -7.871840e+01 -3.577238e+00 1.221694e+01
      vertex   -7.866592e+01 -3.605420e+00 1.231174e+01
      vertex   -7.859198e+01 -3.373061e+00 1.221694e+01
    endloop
  endfacet
  facet normal -7.202859e-01 4.459821e-01 5.313080e-01
    outer loop
      vertex   -7.859198e+01 -3.373061e+00 1.221694e+01
      vertex   -7.866592e+01 -3.605420e+00 1.231174e+01
      vertex   -7.854336e+01 -3.407478e+00 1.231174e+01
    endloop
  endfacet
  facet normal -6.600205e-01 5.311165e-01 5.313080e-01
    outer loop
      vertex   -7.859198e+01 -3.373061e+00 1.221694e+01
      vertex   -7.854336e+01 -3.407478e+00 1.231174e+01
      vertex   -7.844143e+01 -3.185967e+00 1.221694e+01
    endloop
  endfacet
  facet normal -6.600205e-01 5.311165e-01 5.313080e-01
    outer loop
      vertex   -7.844143e+01 -3.185967e+00 1.221694e+01
      vertex   -7.854336e+01 -3.407478e+00 1.231174e+01
      vertex   -7.839740e+01 -3.226098e+00 1.231174e+01
    endloop
  endfacet
  facet normal -5.897499e-01 6.081997e-01 5.313080e-01
    outer loop
      vertex   -7.844143e+01 -3.185967e+00 1.221694e+01
      vertex   -7.839740e+01 -3.226098e+00 1.231174e+01
      vertex   -7.826902e+01 -3.018793e+00 1.221694e+01
    endloop
  endfacet
  facet normal -5.897499e-01 6.081997e-01 5.313080e-01
    outer loop
      vertex   -7.826902e+01 -3.018793e+00 1.221694e+01
      vertex   -7.839740e+01 -3.226098e+00 1.231174e+01
      vertex   -7.823026e+01 -3.064029e+00 1.231174e+01
    endloop
  endfacet
  facet normal -5.105392e-01 6.760632e-01 5.313080e-01
    outer loop
      vertex   -7.826902e+01 -3.018793e+00 1.221694e+01
      vertex   -7.823026e+01 -3.064029e+00 1.231174e+01
      vertex   -7.807738e+01 -2.874072e+00 1.221694e+01
    endloop
  endfacet
  facet normal -5.105392e-01 6.760632e-01 5.313080e-01
    outer loop
      vertex   -7.807738e+01 -2.874072e+00 1.221694e+01
      vertex   -7.823026e+01 -3.064029e+00 1.231174e+01
      vertex   -7.804448e+01 -2.923728e+00 1.231174e+01
    endloop
  endfacet
  facet normal -4.235894e-01 7.336783e-01 5.313080e-01
    outer loop
      vertex   -7.807738e+01 -2.874072e+00 1.221694e+01
      vertex   -7.804448e+01 -2.923728e+00 1.231174e+01
      vertex   -7.786941e+01 -2.753998e+00 1.221694e+01
    endloop
  endfacet
  facet normal -4.235894e-01 7.336783e-01 5.313080e-01
    outer loop
      vertex   -7.786941e+01 -2.753998e+00 1.221694e+01
      vertex   -7.804448e+01 -2.923728e+00 1.231174e+01
      vertex   -7.784285e+01 -2.807322e+00 1.231174e+01
    endloop
  endfacet
  facet normal -3.302183e-01 7.801716e-01 5.313080e-01
    outer loop
      vertex   -7.786941e+01 -2.753998e+00 1.221694e+01
      vertex   -7.784285e+01 -2.807322e+00 1.231174e+01
      vertex   -7.764825e+01 -2.660392e+00 1.221694e+01
    endloop
  endfacet
  facet normal -3.302183e-01 7.801716e-01 5.313080e-01
    outer loop
      vertex   -7.764825e+01 -2.660392e+00 1.221694e+01
      vertex   -7.784285e+01 -2.807322e+00 1.231174e+01
      vertex   -7.762845e+01 -2.716574e+00 1.231174e+01
    endloop
  endfacet
  facet normal -2.318415e-01 8.148382e-01 5.313080e-01
    outer loop
      vertex   -7.764825e+01 -2.660392e+00 1.221694e+01
      vertex   -7.762845e+01 -2.716574e+00 1.231174e+01
      vertex   -7.741727e+01 -2.594673e+00 1.221694e+01
    endloop
  endfacet
  facet normal -7.064353e-01 4.357143e-02 7.064353e-01
    outer loop
      vertex   -7.889092e+01 -4.500000e+00 1.231174e+01
      vertex   -7.881174e+01 -4.500000e+00 1.239092e+01
      vertex   -7.887658e+01 -4.267629e+00 1.231174e+01
    endloop
  endfacet
  facet normal -7.064353e-01 4.357143e-02 7.064353e-01
    outer loop
      vertex   -7.887658e+01 -4.267629e+00 1.231174e+01
      vertex   -7.881174e+01 -4.500000e+00 1.239092e+01
      vertex   -7.879801e+01 -4.277358e+00 1.239092e+01
    endloop
  endfacet
  facet normal -6.957264e-01 1.300538e-01 7.064353e-01
    outer loop
      vertex   -7.887658e+01 -4.267629e+00 1.231174e+01
      vertex   -7.879801e+01 -4.277358e+00 1.239092e+01
      vertex   -7.883380e+01 -4.038780e+00 1.231174e+01
    endloop
  endfacet
  facet normal -6.957264e-01 1.300538e-01 7.064353e-01
    outer loop
      vertex   -7.883380e+01 -4.038780e+00 1.231174e+01
      vertex   -7.879801e+01 -4.277358e+00 1.239092e+01
      vertex   -7.875702e+01 -4.058091e+00 1.239092e+01
    endloop
  endfacet
  facet normal -6.744711e-01 2.145647e-01 7.064353e-01
    outer loop
      vertex   -7.883380e+01 -4.038780e+00 1.231174e+01
      vertex   -7.875702e+01 -4.058091e+00 1.239092e+01
      vertex   -7.876323e+01 -3.816922e+00 1.231174e+01
    endloop
  endfacet
  facet normal -6.744711e-01 2.145647e-01 7.064353e-01
    outer loop
      vertex   -7.876323e+01 -3.816922e+00 1.231174e+01
      vertex   -7.875702e+01 -4.058091e+00 1.239092e+01
      vertex   -7.868940e+01 -3.845522e+00 1.239092e+01
    endloop
  endfacet
  facet normal -6.429914e-01 2.958230e-01 7.064353e-01
    outer loop
      vertex   -7.876323e+01 -3.816922e+00 1.231174e+01
      vertex   -7.868940e+01 -3.845522e+00 1.239092e+01
      vertex   -7.866592e+01 -3.605420e+00 1.231174e+01
    endloop
  endfacet
  facet normal -6.429914e-01 2.958230e-01 7.064353e-01
    outer loop
      vertex   -7.866592e+01 -3.605420e+00 1.231174e+01
      vertex   -7.868940e+01 -3.845522e+00 1.239092e+01
      vertex   -7.859617e+01 -3.642875e+00 1.239092e+01
    endloop
  endfacet
  facet normal -6.017647e-01 3.725969e-01 7.064353e-01
    outer loop
      vertex   -7.866592e+01 -3.605420e+00 1.231174e+01
      vertex   -7.859617e+01 -3.642875e+00 1.239092e+01
      vertex   -7.854336e+01 -3.407478e+00 1.231174e+01
    endloop
  endfacet
  facet normal -6.017647e-01 3.725969e-01 7.064353e-01
    outer loop
      vertex   -7.854336e+01 -3.407478e+00 1.231174e+01
      vertex   -7.859617e+01 -3.642875e+00 1.239092e+01
      vertex   -7.847874e+01 -3.453221e+00 1.239092e+01
    endloop
  endfacet
  facet normal -5.514158e-01 4.437227e-01 7.064353e-01
    outer loop
      vertex   -7.854336e+01 -3.407478e+00 1.231174e+01
      vertex   -7.847874e+01 -3.453221e+00 1.239092e+01
      vertex   -7.839740e+01 -3.226098e+00 1.231174e+01
    endloop
  endfacet
  facet normal -5.514158e-01 4.437227e-01 7.064353e-01
    outer loop
      vertex   -7.839740e+01 -3.226098e+00 1.231174e+01
      vertex   -7.847874e+01 -3.453221e+00 1.239092e+01
      vertex   -7.833890e+01 -3.279435e+00 1.239092e+01
    endloop
  endfacet
  facet normal -4.927081e-01 5.081220e-01 7.064353e-01
    outer loop
      vertex   -7.839740e+01 -3.226098e+00 1.231174e+01
      vertex   -7.833890e+01 -3.279435e+00 1.239092e+01
      vertex   -7.823026e+01 -3.064029e+00 1.231174e+01
    endloop
  endfacet
  facet normal -4.927081e-01 5.081220e-01 7.064353e-01
    outer loop
      vertex   -7.823026e+01 -3.064029e+00 1.231174e+01
      vertex   -7.833890e+01 -3.279435e+00 1.239092e+01
      vertex   -7.817875e+01 -3.124152e+00 1.239092e+01
    endloop
  endfacet
  facet normal -4.265313e-01 5.648188e-01 7.064353e-01
    outer loop
      vertex   -7.823026e+01 -3.064029e+00 1.231174e+01
      vertex   -7.817875e+01 -3.124152e+00 1.239092e+01
      vertex   -7.804448e+01 -2.923728e+00 1.231174e+01
    endloop
  endfacet
  facet normal -4.265313e-01 5.648188e-01 7.064353e-01
    outer loop
      vertex   -7.804448e+01 -2.923728e+00 1.231174e+01
      vertex   -7.817875e+01 -3.124152e+00 1.239092e+01
      vertex   -7.800074e+01 -2.989725e+00 1.239092e+01
    endloop
  endfacet
  facet normal -3.538888e-01 6.129534e-01 7.064353e-01
    outer loop
      vertex   -7.804448e+01 -2.923728e+00 1.231174e+01
      vertex   -7.800074e+01 -2.989725e+00 1.239092e+01
      vertex   -7.784285e+01 -2.807322e+00 1.231174e+01
    endloop
  endfacet
  facet normal -3.538888e-01 6.129534e-01 7.064353e-01
    outer loop
      vertex   -7.784285e+01 -2.807322e+00 1.231174e+01
      vertex   -7.800074e+01 -2.989725e+00 1.239092e+01
      vertex   -7.780756e+01 -2.878192e+00 1.239092e+01
    endloop
  endfacet
  facet normal -2.758817e-01 6.517964e-01 7.064353e-01
    outer loop
      vertex   -7.784285e+01 -2.807322e+00 1.231174e+01
      vertex   -7.780756e+01 -2.878192e+00 1.239092e+01
      vertex   -7.762845e+01 -2.716574e+00 1.231174e+01
    endloop
  endfacet
  facet normal -5.317459e-01 3.279696e-02 8.462687e-01
    outer loop
      vertex   -7.881174e+01 -4.500000e+00 1.239092e+01
      vertex   -7.871694e+01 -4.500000e+00 1.245048e+01
      vertex   -7.879801e+01 -4.277358e+00 1.239092e+01
    endloop
  endfacet
  facet normal -5.317459e-01 3.279696e-02 8.462687e-01
    outer loop
      vertex   -7.879801e+01 -4.277358e+00 1.239092e+01
      vertex   -7.871694e+01 -4.500000e+00 1.245048e+01
      vertex   -7.870393e+01 -4.289008e+00 1.245048e+01
    endloop
  endfacet
  facet normal -5.236851e-01 9.789372e-02 8.462687e-01
    outer loop
      vertex   -7.879801e+01 -4.277358e+00 1.239092e+01
      vertex   -7.870393e+01 -4.289008e+00 1.245048e+01
      vertex   -7.875702e+01 -4.058091e+00 1.239092e+01
    endloop
  endfacet
  facet normal -5.236851e-01 9.789372e-02 8.462687e-01
    outer loop
      vertex   -7.875702e+01 -4.058091e+00 1.239092e+01
      vertex   -7.870393e+01 -4.289008e+00 1.245048e+01
      vertex   -7.866508e+01 -4.081214e+00 1.245048e+01
    endloop
  endfacet
  facet normal -5.076859e-01 1.615065e-01 8.462687e-01
    outer loop
      vertex   -7.875702e+01 -4.058091e+00 1.239092e+01
      vertex   -7.866508e+01 -4.081214e+00 1.245048e+01
      vertex   -7.868940e+01 -3.845522e+00 1.239092e+01
    endloop
  endfacet
  facet normal -5.076859e-01 1.615065e-01 8.462687e-01
    outer loop
      vertex   -7.868940e+01 -3.845522e+00 1.239092e+01
      vertex   -7.866508e+01 -4.081214e+00 1.245048e+01
      vertex   -7.860100e+01 -3.879769e+00 1.245048e+01
    endloop
  endfacet
  facet normal -4.839906e-01 2.226710e-01 8.462687e-01
    outer loop
      vertex   -7.868940e+01 -3.845522e+00 1.239092e+01
      vertex   -7.860100e+01 -3.879769e+00 1.245048e+01
      vertex   -7.859617e+01 -3.642875e+00 1.239092e+01
    endloop
  endfacet
  facet normal -4.839906e-01 2.226710e-01 8.462687e-01
    outer loop
      vertex   -7.859617e+01 -3.642875e+00 1.239092e+01
      vertex   -7.860100e+01 -3.879769e+00 1.245048e+01
      vertex   -7.851265e+01 -3.687726e+00 1.245048e+01
    endloop
  endfacet
  facet normal -4.529586e-01 2.804601e-01 8.462687e-01
    outer loop
      vertex   -7.859617e+01 -3.642875e+00 1.239092e+01
      vertex   -7.851265e+01 -3.687726e+00 1.245048e+01
      vertex   -7.847874e+01 -3.453221e+00 1.239092e+01
    endloop
  endfacet
  facet normal -4.529586e-01 2.804601e-01 8.462687e-01
    outer loop
      vertex   -7.847874e+01 -3.453221e+00 1.239092e+01
      vertex   -7.851265e+01 -3.687726e+00 1.245048e+01
      vertex   -7.840136e+01 -3.507996e+00 1.245048e+01
    endloop
  endfacet
  facet normal -4.150601e-01 3.339976e-01 8.462687e-01
    outer loop
      vertex   -7.847874e+01 -3.453221e+00 1.239092e+01
      vertex   -7.840136e+01 -3.507996e+00 1.245048e+01
      vertex   -7.833890e+01 -3.279435e+00 1.239092e+01
    endloop
  endfacet
  facet normal -4.150601e-01 3.339976e-01 8.462687e-01
    outer loop
      vertex   -7.833890e+01 -3.279435e+00 1.239092e+01
      vertex   -7.840136e+01 -3.507996e+00 1.245048e+01
      vertex   -7.826884e+01 -3.343304e+00 1.245048e+01
    endloop
  endfacet
  facet normal -3.708698e-01 3.824721e-01 8.462687e-01
    outer loop
      vertex   -7.833890e+01 -3.279435e+00 1.239092e+01
      vertex   -7.826884e+01 -3.343304e+00 1.245048e+01
      vertex   -7.817875e+01 -3.124152e+00 1.239092e+01
    endloop
  endfacet
  facet normal -3.708698e-01 3.824721e-01 8.462687e-01
    outer loop
      vertex   -7.817875e+01 -3.124152e+00 1.239092e+01
      vertex   -7.826884e+01 -3.343304e+00 1.245048e+01
      vertex   -7.811707e+01 -3.196146e+00 1.245048e+01
    endloop
  endfacet
  facet normal -3.210574e-01 4.251487e-01 8.462687e-01
    outer loop
      vertex   -7.817875e+01 -3.124152e+00 1.239092e+01
      vertex   -7.811707e+01 -3.196146e+00 1.245048e+01
      vertex   -7.800074e+01 -2.989725e+00 1.239092e+01
    endloop
  endfacet
  facet normal -3.210574e-01 4.251487e-01 8.462687e-01
    outer loop
      vertex   -7.800074e+01 -2.989725e+00 1.239092e+01
      vertex   -7.811707e+01 -3.196146e+00 1.245048e+01
      vertex   -7.794838e+01 -3.068753e+00 1.245048e+01
    endloop
  endfacet
  facet normal -2.663782e-01 4.613805e-01 8.462687e-01
    outer loop
      vertex   -7.800074e+01 -2.989725e+00 1.239092e+01
      vertex   -7.794838e+01 -3.068753e+00 1.245048e+01
      vertex   -7.780756e+01 -2.878192e+00 1.239092e+01
    endloop
  endfacet
  facet normal -3.302106e-01 2.036669e-02 9.436875e-01
    outer loop
      vertex   -7.871694e+01 -4.500000e+00 1.245048e+01
      vertex   -7.861126e+01 -4.500000e+00 1.248746e+01
      vertex   -7.870393e+01 -4.289008e+00 1.245048e+01
    endloop
  endfacet
  facet normal -3.302106e-01 2.036669e-02 9.436875e-01
    outer loop
      vertex   -7.870393e+01 -4.289008e+00 1.245048e+01
      vertex   -7.861126e+01 -4.500000e+00 1.248746e+01
      vertex   -7.859905e+01 -4.301995e+00 1.248746e+01
    endloop
  endfacet
  facet normal -3.252049e-01 6.079133e-02 9.436875e-01
    outer loop
      vertex   -7.870393e+01 -4.289008e+00 1.245048e+01
      vertex   -7.859905e+01 -4.301995e+00 1.248746e+01
      vertex   -7.866508e+01 -4.081214e+00 1.245048e+01
    endloop
  endfacet
  facet normal -3.252049e-01 6.079133e-02 9.436875e-01
    outer loop
      vertex   -7.866508e+01 -4.081214e+00 1.245048e+01
      vertex   -7.859905e+01 -4.301995e+00 1.248746e+01
      vertex   -7.856260e+01 -4.106991e+00 1.248746e+01
    endloop
  endfacet
  facet normal -3.152695e-01 1.002944e-01 9.436875e-01
    outer loop
      vertex   -7.866508e+01 -4.081214e+00 1.245048e+01
      vertex   -7.856260e+01 -4.106991e+00 1.248746e+01
      vertex   -7.860100e+01 -3.879769e+00 1.245048e+01
    endloop
  endfacet
  facet normal -3.152695e-01 1.002944e-01 9.436875e-01
    outer loop
      vertex   -7.860100e+01 -3.879769e+00 1.245048e+01
      vertex   -7.856260e+01 -4.106991e+00 1.248746e+01
      vertex   -7.850246e+01 -3.917946e+00 1.248746e+01
    endloop
  endfacet
  facet normal -3.005549e-01 1.382772e-01 9.436875e-01
    outer loop
      vertex   -7.860100e+01 -3.879769e+00 1.245048e+01
      vertex   -7.850246e+01 -3.917946e+00 1.248746e+01
      vertex   -7.851265e+01 -3.687726e+00 1.245048e+01
    endloop
  endfacet
  facet normal -3.005549e-01 1.382772e-01 9.436875e-01
    outer loop
      vertex   -7.851265e+01 -3.687726e+00 1.245048e+01
      vertex   -7.850246e+01 -3.917946e+00 1.248746e+01
      vertex   -7.841954e+01 -3.737723e+00 1.248746e+01
    endloop
  endfacet
  facet normal -2.812842e-01 1.741638e-01 9.436875e-01
    outer loop
      vertex   -7.851265e+01 -3.687726e+00 1.245048e+01
      vertex   -7.841954e+01 -3.737723e+00 1.248746e+01
      vertex   -7.840136e+01 -3.507996e+00 1.245048e+01
    endloop
  endfacet
  facet normal -2.812842e-01 1.741638e-01 9.436875e-01
    outer loop
      vertex   -7.840136e+01 -3.507996e+00 1.245048e+01
      vertex   -7.841954e+01 -3.737723e+00 1.248746e+01
      vertex   -7.831511e+01 -3.569056e+00 1.248746e+01
    endloop
  endfacet
  facet normal -2.577495e-01 2.074102e-01 9.436875e-01
    outer loop
      vertex   -7.840136e+01 -3.507996e+00 1.245048e+01
      vertex   -7.831511e+01 -3.569056e+00 1.248746e+01
      vertex   -7.826884e+01 -3.343304e+00 1.245048e+01
    endloop
  endfacet
  facet normal -2.577495e-01 2.074102e-01 9.436875e-01
    outer loop
      vertex   -7.826884e+01 -3.343304e+00 1.245048e+01
      vertex   -7.831511e+01 -3.569056e+00 1.248746e+01
      vertex   -7.819074e+01 -3.414501e+00 1.248746e+01
    endloop
  endfacet
  facet normal -2.303076e-01 2.375126e-01 9.436875e-01
    outer loop
      vertex   -7.826884e+01 -3.343304e+00 1.245048e+01
      vertex   -7.819074e+01 -3.414501e+00 1.248746e+01
      vertex   -7.811707e+01 -3.196146e+00 1.245048e+01
    endloop
  endfacet
  facet normal -2.303076e-01 2.375126e-01 9.436875e-01
    outer loop
      vertex   -7.811707e+01 -3.196146e+00 1.245048e+01
      vertex   -7.819074e+01 -3.414501e+00 1.248746e+01
      vertex   -7.804832e+01 -3.276401e+00 1.248746e+01
    endloop
  endfacet
  facet normal -1.993745e-01 2.640145e-01 9.436875e-01
    outer loop
      vertex   -7.811707e+01 -3.196146e+00 1.245048e+01
      vertex   -7.804832e+01 -3.276401e+00 1.248746e+01
      vertex   -7.794838e+01 -3.068753e+00 1.245048e+01
    endloop
  endfacet
  facet normal -9.280038e-01 -1.734740e-01 3.297208e-01
    outer loop
      vertex   -7.893570e+01 -4.739692e+00 1.221694e+01
      vertex   -7.897240e+01 -4.744236e+00 1.211126e+01
      vertex   -7.889157e+01 -4.975750e+00 1.221694e+01
    endloop
  endfacet
  facet normal -9.280038e-01 -1.734740e-01 3.297208e-01
    outer loop
      vertex   -7.889157e+01 -4.975750e+00 1.221694e+01
      vertex   -7.897240e+01 -4.744236e+00 1.211126e+01
      vertex   -7.892744e+01 -4.984770e+00 1.211126e+01
    endloop
  endfacet
  facet normal -8.996520e-01 -2.861999e-01 3.297208e-01
    outer loop
      vertex   -7.889157e+01 -4.975750e+00 1.221694e+01
      vertex   -7.892744e+01 -4.984770e+00 1.211126e+01
      vertex   -7.881877e+01 -5.204596e+00 1.221694e+01
    endloop
  endfacet
  facet normal -8.327539e-01 -1.556687e-01 5.313080e-01
    outer loop
      vertex   -7.887658e+01 -4.732371e+00 1.231174e+01
      vertex   -7.893570e+01 -4.739692e+00 1.221694e+01
      vertex   -7.883380e+01 -4.961220e+00 1.231174e+01
    endloop
  endfacet
  facet normal -8.327539e-01 -1.556687e-01 5.313080e-01
    outer loop
      vertex   -7.883380e+01 -4.961220e+00 1.231174e+01
      vertex   -7.893570e+01 -4.739692e+00 1.221694e+01
      vertex   -7.889157e+01 -4.975750e+00 1.221694e+01
    endloop
  endfacet
  facet normal -8.073122e-01 -2.568245e-01 5.313080e-01
    outer loop
      vertex   -7.883380e+01 -4.961220e+00 1.231174e+01
      vertex   -7.889157e+01 -4.975750e+00 1.221694e+01
      vertex   -7.876323e+01 -5.183078e+00 1.231174e+01
    endloop
  endfacet
  facet normal -8.073122e-01 -2.568245e-01 5.313080e-01
    outer loop
      vertex   -7.876323e+01 -5.183078e+00 1.231174e+01
      vertex   -7.889157e+01 -4.975750e+00 1.221694e+01
      vertex   -7.881877e+01 -5.204596e+00 1.221694e+01
    endloop
  endfacet
  facet normal -7.696324e-01 -3.540871e-01 5.313080e-01
    outer loop
      vertex   -7.876323e+01 -5.183078e+00 1.231174e+01
      vertex   -7.881877e+01 -5.204596e+00 1.221694e+01
      vertex   -7.866592e+01 -5.394580e+00 1.231174e+01
    endloop
  endfacet
  facet normal -6.957264e-01 -1.300538e-01 7.064353e-01
    outer loop
      vertex   -7.879801e+01 -4.722642e+00 1.239092e+01
      vertex   -7.887658e+01 -4.732371e+00 1.231174e+01
      vertex   -7.875702e+01 -4.941909e+00 1.239092e+01
    endloop
  endfacet
  facet normal -6.957264e-01 -1.300538e-01 7.064353e-01
    outer loop
      vertex   -7.875702e+01 -4.941909e+00 1.239092e+01
      vertex   -7.887658e+01 -4.732371e+00 1.231174e+01
      vertex   -7.883380e+01 -4.961220e+00 1.231174e+01
    endloop
  endfacet
  facet normal -6.744711e-01 -2.145647e-01 7.064353e-01
    outer loop
      vertex   -7.875702e+01 -4.941909e+00 1.239092e+01
      vertex   -7.883380e+01 -4.961220e+00 1.231174e+01
      vertex   -7.868940e+01 -5.154478e+00 1.239092e+01
    endloop
  endfacet
  facet normal -6.744711e-01 -2.145647e-01 7.064353e-01
    outer loop
      vertex   -7.868940e+01 -5.154478e+00 1.239092e+01
      vertex   -7.883380e+01 -4.961220e+00 1.231174e+01
      vertex   -7.876323e+01 -5.183078e+00 1.231174e+01
    endloop
  endfacet
  facet normal -6.429914e-01 -2.958230e-01 7.064353e-01
    outer loop
      vertex   -7.868940e+01 -5.154478e+00 1.239092e+01
      vertex   -7.876323e+01 -5.183078e+00 1.231174e+01
      vertex   -7.859617e+01 -5.357125e+00 1.239092e+01
    endloop
  endfacet
  facet normal -6.429914e-01 -2.958230e-01 7.064353e-01
    outer loop
      vertex   -7.859617e+01 -5.357125e+00 1.239092e+01
      vertex   -7.876323e+01 -5.183078e+00 1.231174e+01
      vertex   -7.866592e+01 -5.394580e+00 1.231174e+01
    endloop
  endfacet
  facet normal -6.017647e-01 -3.725969e-01 7.064353e-01
    outer loop
      vertex   -7.859617e+01 -5.357125e+00 1.239092e+01
      vertex   -7.866592e+01 -5.394580e+00 1.231174e+01
      vertex   -7.847874e+01 -5.546779e+00 1.239092e+01
    endloop
  endfacet
  facet normal -3.252049e-01 -6.079133e-02 9.436875e-01
    outer loop
      vertex   -7.856260e+01 -4.893009e+00 1.248746e+01
      vertex   -7.859905e+01 -4.698005e+00 1.248746e+01
      vertex   -7.870393e+01 -4.710992e+00 1.245048e+01
    endloop
  endfacet
  facet normal -5.236851e-01 -9.789372e-02 8.462687e-01
    outer loop
      vertex   -7.870393e+01 -4.710992e+00 1.245048e+01
      vertex   -7.879801e+01 -4.722642e+00 1.239092e+01
      vertex   -7.866508e+01 -4.918786e+00 1.245048e+01
    endloop
  endfacet
  facet normal -5.236851e-01 -9.789372e-02 8.462687e-01
    outer loop
      vertex   -7.866508e+01 -4.918786e+00 1.245048e+01
      vertex   -7.879801e+01 -4.722642e+00 1.239092e+01
      vertex   -7.875702e+01 -4.941909e+00 1.239092e+01
    endloop
  endfacet
  facet normal -5.076859e-01 -1.615065e-01 8.462687e-01
    outer loop
      vertex   -7.866508e+01 -4.918786e+00 1.245048e+01
      vertex   -7.875702e+01 -4.941909e+00 1.239092e+01
      vertex   -7.860100e+01 -5.120231e+00 1.245048e+01
    endloop
  endfacet
  facet normal -5.076859e-01 -1.615065e-01 8.462687e-01
    outer loop
      vertex   -7.860100e+01 -5.120231e+00 1.245048e+01
      vertex   -7.875702e+01 -4.941909e+00 1.239092e+01
      vertex   -7.868940e+01 -5.154478e+00 1.239092e+01
    endloop
  endfacet
  facet normal -4.839906e-01 -2.226710e-01 8.462687e-01
    outer loop
      vertex   -7.860100e+01 -5.120231e+00 1.245048e+01
      vertex   -7.868940e+01 -5.154478e+00 1.239092e+01
      vertex   -7.851265e+01 -5.312274e+00 1.245048e+01
    endloop
  endfacet
  facet normal -4.839906e-01 -2.226710e-01 8.462687e-01
    outer loop
      vertex   -7.851265e+01 -5.312274e+00 1.245048e+01
      vertex   -7.868940e+01 -5.154478e+00 1.239092e+01
      vertex   -7.859617e+01 -5.357125e+00 1.239092e+01
    endloop
  endfacet
  facet normal -4.529586e-01 -2.804601e-01 8.462687e-01
    outer loop
      vertex   -7.851265e+01 -5.312274e+00 1.245048e+01
      vertex   -7.859617e+01 -5.357125e+00 1.239092e+01
      vertex   -7.840136e+01 -5.492004e+00 1.245048e+01
    endloop
  endfacet
  facet normal -4.529586e-01 -2.804601e-01 8.462687e-01
    outer loop
      vertex   -7.840136e+01 -5.492004e+00 1.245048e+01
      vertex   -7.859617e+01 -5.357125e+00 1.239092e+01
      vertex   -7.847874e+01 -5.546779e+00 1.239092e+01
    endloop
  endfacet
  facet normal -4.150601e-01 -3.339976e-01 8.462687e-01
    outer loop
      vertex   -7.840136e+01 -5.492004e+00 1.245048e+01
      vertex   -7.847874e+01 -5.546779e+00 1.239092e+01
      vertex   -7.826884e+01 -5.656696e+00 1.245048e+01
    endloop
  endfacet
  facet normal -3.152695e-01 -1.002944e-01 9.436875e-01
    outer loop
      vertex   -7.850246e+01 -5.082054e+00 1.248746e+01
      vertex   -7.856260e+01 -4.893009e+00 1.248746e+01
      vertex   -7.866508e+01 -4.918786e+00 1.245048e+01
    endloop
  endfacet
  facet normal -3.252049e-01 -6.079133e-02 9.436875e-01
    outer loop
      vertex   -7.866508e+01 -4.918786e+00 1.245048e+01
      vertex   -7.856260e+01 -4.893009e+00 1.248746e+01
      vertex   -7.870393e+01 -4.710992e+00 1.245048e+01
    endloop
  endfacet
  facet normal -3.152695e-01 -1.002944e-01 9.436875e-01
    outer loop
      vertex   -7.850246e+01 -5.082054e+00 1.248746e+01
      vertex   -7.866508e+01 -4.918786e+00 1.245048e+01
      vertex   -7.860100e+01 -5.120231e+00 1.245048e+01
    endloop
  endfacet
  facet normal -3.005549e-01 -1.382772e-01 9.436875e-01
    outer loop
      vertex   -7.841954e+01 -5.262277e+00 1.248746e+01
      vertex   -7.850246e+01 -5.082054e+00 1.248746e+01
      vertex   -7.860100e+01 -5.120231e+00 1.245048e+01
    endloop
  endfacet
  facet normal -3.005549e-01 -1.382772e-01 9.436875e-01
    outer loop
      vertex   -7.841954e+01 -5.262277e+00 1.248746e+01
      vertex   -7.860100e+01 -5.120231e+00 1.245048e+01
      vertex   -7.851265e+01 -5.312274e+00 1.245048e+01
    endloop
  endfacet
  facet normal -2.812842e-01 -1.741638e-01 9.436875e-01
    outer loop
      vertex   -7.831511e+01 -5.430944e+00 1.248746e+01
      vertex   -7.841954e+01 -5.262277e+00 1.248746e+01
      vertex   -7.851265e+01 -5.312274e+00 1.245048e+01
    endloop
  endfacet
  facet normal -2.812842e-01 -1.741638e-01 9.436875e-01
    outer loop
      vertex   -7.831511e+01 -5.430944e+00 1.248746e+01
      vertex   -7.851265e+01 -5.312274e+00 1.245048e+01
      vertex   -7.840136e+01 -5.492004e+00 1.245048e+01
    endloop
  endfacet
  facet normal -2.577495e-01 -2.074102e-01 9.436875e-01
    outer loop
      vertex   -7.819074e+01 -5.585499e+00 1.248746e+01
      vertex   -7.831511e+01 -5.430944e+00 1.248746e+01
      vertex   -7.840136e+01 -5.492004e+00 1.245048e+01
    endloop
  endfacet
  facet normal -2.577495e-01 -2.074102e-01 9.436875e-01
    outer loop
      vertex   -7.819074e+01 -5.585499e+00 1.248746e+01
      vertex   -7.840136e+01 -5.492004e+00 1.245048e+01
      vertex   -7.826884e+01 -5.656696e+00 1.245048e+01
    endloop
  endfacet
  facet normal -2.303076e-01 -2.375126e-01 9.436875e-01
    outer loop
      vertex   -7.804832e+01 -5.723599e+00 1.248746e+01
      vertex   -7.819074e+01 -5.585499e+00 1.248746e+01
      vertex   -7.826884e+01 -5.656696e+00 1.245048e+01
    endloop
  endfacet
  facet normal -2.583593e-01 -9.080389e-01 3.297208e-01
    outer loop
      vertex   -7.741727e+01 -6.405327e+00 1.221694e+01
      vertex   -7.766054e+01 -6.374485e+00 1.211126e+01
      vertex   -7.742518e+01 -6.441451e+00 1.211126e+01
    endloop
  endfacet
  facet normal -1.448138e-01 -9.329058e-01 3.297208e-01
    outer loop
      vertex   -7.741727e+01 -6.405327e+00 1.221694e+01
      vertex   -7.742518e+01 -6.441451e+00 1.211126e+01
      vertex   -7.717997e+01 -6.442164e+00 1.221694e+01
    endloop
  endfacet
  facet normal -1.448138e-01 -9.329058e-01 3.297208e-01
    outer loop
      vertex   -7.717997e+01 -6.442164e+00 1.221694e+01
      vertex   -7.742518e+01 -6.441451e+00 1.211126e+01
      vertex   -7.718338e+01 -6.478986e+00 1.211126e+01
    endloop
  endfacet
  facet normal -2.907295e-02 -9.436307e-01 3.297208e-01
    outer loop
      vertex   -7.717997e+01 -6.442164e+00 1.221694e+01
      vertex   -7.718338e+01 -6.478986e+00 1.211126e+01
      vertex   -7.693993e+01 -6.449559e+00 1.221694e+01
    endloop
  endfacet
  facet normal -2.907295e-02 -9.436307e-01 3.297208e-01
    outer loop
      vertex   -7.693993e+01 -6.449559e+00 1.221694e+01
      vertex   -7.718338e+01 -6.478986e+00 1.211126e+01
      vertex   -7.693880e+01 -6.486521e+00 1.211126e+01
    endloop
  endfacet
  facet normal 8.710857e-02 -9.400512e-01 3.297208e-01
    outer loop
      vertex   -7.693993e+01 -6.449559e+00 1.221694e+01
      vertex   -7.693880e+01 -6.486521e+00 1.211126e+01
      vertex   -7.670081e+01 -6.427401e+00 1.221694e+01
    endloop
  endfacet
  facet normal 8.710857e-02 -9.400512e-01 3.297208e-01
    outer loop
      vertex   -7.670081e+01 -6.427401e+00 1.221694e+01
      vertex   -7.693880e+01 -6.486521e+00 1.211126e+01
      vertex   -7.669514e+01 -6.463943e+00 1.211126e+01
    endloop
  endfacet
  facet normal 2.019696e-01 -9.222215e-01 3.297208e-01
    outer loop
      vertex   -7.670081e+01 -6.427401e+00 1.221694e+01
      vertex   -7.669514e+01 -6.463943e+00 1.211126e+01
      vertex   -7.646622e+01 -6.376026e+00 1.221694e+01
    endloop
  endfacet
  facet normal 2.019696e-01 -9.222215e-01 3.297208e-01
    outer loop
      vertex   -7.646622e+01 -6.376026e+00 1.221694e+01
      vertex   -7.669514e+01 -6.463943e+00 1.211126e+01
      vertex   -7.645610e+01 -6.411594e+00 1.211126e+01
    endloop
  endfacet
  facet normal 3.137690e-01 -8.904118e-01 3.297208e-01
    outer loop
      vertex   -7.646622e+01 -6.376026e+00 1.221694e+01
      vertex   -7.645610e+01 -6.411594e+00 1.211126e+01
      vertex   -7.623973e+01 -6.296212e+00 1.221694e+01
    endloop
  endfacet
  facet normal 3.137690e-01 -8.904118e-01 3.297208e-01
    outer loop
      vertex   -7.623973e+01 -6.296212e+00 1.221694e+01
      vertex   -7.645610e+01 -6.411594e+00 1.211126e+01
      vertex   -7.622531e+01 -6.330267e+00 1.211126e+01
    endloop
  endfacet
  facet normal 4.208120e-01 -8.451044e-01 3.297208e-01
    outer loop
      vertex   -7.623973e+01 -6.296212e+00 1.221694e+01
      vertex   -7.622531e+01 -6.330267e+00 1.211126e+01
      vertex   -7.602476e+01 -6.189169e+00 1.221694e+01
    endloop
  endfacet
  facet normal 4.208120e-01 -8.451044e-01 3.297208e-01
    outer loop
      vertex   -7.602476e+01 -6.189169e+00 1.221694e+01
      vertex   -7.622531e+01 -6.330267e+00 1.211126e+01
      vertex   -7.600627e+01 -6.221194e+00 1.211126e+01
    endloop
  endfacet
  facet normal 5.214759e-01 -7.869861e-01 3.297208e-01
    outer loop
      vertex   -7.602476e+01 -6.189169e+00 1.221694e+01
      vertex   -7.600627e+01 -6.221194e+00 1.211126e+01
      vertex   -7.582457e+01 -6.056520e+00 1.221694e+01
    endloop
  endfacet
  facet normal -1.299501e-01 -8.371528e-01 5.313080e-01
    outer loop
      vertex   -7.741727e+01 -6.405327e+00 1.221694e+01
      vertex   -7.717997e+01 -6.442164e+00 1.221694e+01
      vertex   -7.717447e+01 -6.382849e+00 1.231174e+01
    endloop
  endfacet
  facet normal -2.608892e-02 -8.467769e-01 5.313080e-01
    outer loop
      vertex   -7.717447e+01 -6.382849e+00 1.231174e+01
      vertex   -7.717997e+01 -6.442164e+00 1.221694e+01
      vertex   -7.694177e+01 -6.390019e+00 1.231174e+01
    endloop
  endfacet
  facet normal -2.179605e-02 -7.074420e-01 7.064353e-01
    outer loop
      vertex   -7.717447e+01 -6.382849e+00 1.231174e+01
      vertex   -7.694177e+01 -6.390019e+00 1.231174e+01
      vertex   -7.694421e+01 -6.310886e+00 1.239092e+01
    endloop
  endfacet
  facet normal 6.530548e-02 -7.047584e-01 7.064353e-01
    outer loop
      vertex   -7.694421e+01 -6.310886e+00 1.239092e+01
      vertex   -7.694177e+01 -6.390019e+00 1.231174e+01
      vertex   -7.672209e+01 -6.290304e+00 1.239092e+01
    endloop
  endfacet
  facet normal 4.915655e-02 -5.304837e-01 8.462687e-01
    outer loop
      vertex   -7.694421e+01 -6.310886e+00 1.239092e+01
      vertex   -7.672209e+01 -6.290304e+00 1.239092e+01
      vertex   -7.673664e+01 -6.196623e+00 1.245048e+01
    endloop
  endfacet
  facet normal 1.139742e-01 -5.204221e-01 8.462687e-01
    outer loop
      vertex   -7.673664e+01 -6.196623e+00 1.245048e+01
      vertex   -7.672209e+01 -6.290304e+00 1.239092e+01
      vertex   -7.653014e+01 -6.151399e+00 1.245048e+01
    endloop
  endfacet
  facet normal 7.077720e-02 -3.231786e-01 9.436875e-01
    outer loop
      vertex   -7.673664e+01 -6.196623e+00 1.245048e+01
      vertex   -7.653014e+01 -6.151399e+00 1.245048e+01
      vertex   -7.655906e+01 -6.049752e+00 1.248746e+01
    endloop
  endfacet
  facet normal 1.099556e-01 -3.120314e-01 9.436875e-01
    outer loop
      vertex   -7.655906e+01 -6.049752e+00 1.248746e+01
      vertex   -7.653014e+01 -6.151399e+00 1.245048e+01
      vertex   -7.637195e+01 -5.983819e+00 1.248746e+01
    endloop
  endfacet
  facet normal -2.608892e-02 -8.467769e-01 5.313080e-01
    outer loop
      vertex   -7.694177e+01 -6.390019e+00 1.231174e+01
      vertex   -7.717997e+01 -6.442164e+00 1.221694e+01
      vertex   -7.693993e+01 -6.449559e+00 1.221694e+01
    endloop
  endfacet
  facet normal 7.816779e-02 -8.435648e-01 5.313080e-01
    outer loop
      vertex   -7.694177e+01 -6.390019e+00 1.231174e+01
      vertex   -7.693993e+01 -6.449559e+00 1.221694e+01
      vertex   -7.670995e+01 -6.368538e+00 1.231174e+01
    endloop
  endfacet
  facet normal 7.816779e-02 -8.435648e-01 5.313080e-01
    outer loop
      vertex   -7.670995e+01 -6.368538e+00 1.231174e+01
      vertex   -7.693993e+01 -6.449559e+00 1.221694e+01
      vertex   -7.670081e+01 -6.427401e+00 1.221694e+01
    endloop
  endfacet
  facet normal 1.812396e-01 -8.275651e-01 5.313080e-01
    outer loop
      vertex   -7.670995e+01 -6.368538e+00 1.231174e+01
      vertex   -7.670081e+01 -6.427401e+00 1.221694e+01
      vertex   -7.648253e+01 -6.318731e+00 1.231174e+01
    endloop
  endfacet
  facet normal 1.812396e-01 -8.275651e-01 5.313080e-01
    outer loop
      vertex   -7.648253e+01 -6.318731e+00 1.231174e+01
      vertex   -7.670081e+01 -6.427401e+00 1.221694e+01
      vertex   -7.646622e+01 -6.376026e+00 1.221694e+01
    endloop
  endfacet
  facet normal 2.815639e-01 -7.990204e-01 5.313080e-01
    outer loop
      vertex   -7.648253e+01 -6.318731e+00 1.231174e+01
      vertex   -7.646622e+01 -6.376026e+00 1.221694e+01
      vertex   -7.626295e+01 -6.241355e+00 1.231174e+01
    endloop
  endfacet
  facet normal 2.815639e-01 -7.990204e-01 5.313080e-01
    outer loop
      vertex   -7.626295e+01 -6.241355e+00 1.231174e+01
      vertex   -7.646622e+01 -6.376026e+00 1.221694e+01
      vertex   -7.623973e+01 -6.296212e+00 1.221694e+01
    endloop
  endfacet
  facet normal 3.776200e-01 -7.583633e-01 5.313080e-01
    outer loop
      vertex   -7.626295e+01 -6.241355e+00 1.231174e+01
      vertex   -7.623973e+01 -6.296212e+00 1.221694e+01
      vertex   -7.605454e+01 -6.137581e+00 1.231174e+01
    endloop
  endfacet
  facet normal 3.776200e-01 -7.583633e-01 5.313080e-01
    outer loop
      vertex   -7.605454e+01 -6.137581e+00 1.231174e+01
      vertex   -7.623973e+01 -6.296212e+00 1.221694e+01
      vertex   -7.602476e+01 -6.189169e+00 1.221694e+01
    endloop
  endfacet
  facet normal 4.679518e-01 -7.062102e-01 5.313080e-01
    outer loop
      vertex   -7.605454e+01 -6.137581e+00 1.231174e+01
      vertex   -7.602476e+01 -6.189169e+00 1.221694e+01
      vertex   -7.586047e+01 -6.008983e+00 1.231174e+01
    endloop
  endfacet
  facet normal 4.679518e-01 -7.062102e-01 5.313080e-01
    outer loop
      vertex   -7.586047e+01 -6.008983e+00 1.231174e+01
      vertex   -7.602476e+01 -6.189169e+00 1.221694e+01
      vertex   -7.582457e+01 -6.056520e+00 1.221694e+01
    endloop
  endfacet
  facet normal 5.511900e-01 -6.433517e-01 5.313080e-01
    outer loop
      vertex   -7.586047e+01 -6.008983e+00 1.231174e+01
      vertex   -7.582457e+01 -6.056520e+00 1.221694e+01
      vertex   -7.568367e+01 -5.857511e+00 1.231174e+01
    endloop
  endfacet
  facet normal 6.530548e-02 -7.047584e-01 7.064353e-01
    outer loop
      vertex   -7.694177e+01 -6.390019e+00 1.231174e+01
      vertex   -7.670995e+01 -6.368538e+00 1.231174e+01
      vertex   -7.672209e+01 -6.290304e+00 1.239092e+01
    endloop
  endfacet
  facet normal 1.514171e-01 -6.913914e-01 7.064353e-01
    outer loop
      vertex   -7.672209e+01 -6.290304e+00 1.239092e+01
      vertex   -7.670995e+01 -6.368538e+00 1.231174e+01
      vertex   -7.650419e+01 -6.242583e+00 1.239092e+01
    endloop
  endfacet
  facet normal 1.139742e-01 -5.204221e-01 8.462687e-01
    outer loop
      vertex   -7.672209e+01 -6.290304e+00 1.239092e+01
      vertex   -7.650419e+01 -6.242583e+00 1.239092e+01
      vertex   -7.653014e+01 -6.151399e+00 1.245048e+01
    endloop
  endfacet
  facet normal 1.770641e-01 -5.024715e-01 8.462687e-01
    outer loop
      vertex   -7.653014e+01 -6.151399e+00 1.245048e+01
      vertex   -7.650419e+01 -6.242583e+00 1.239092e+01
      vertex   -7.633076e+01 -6.081141e+00 1.245048e+01
    endloop
  endfacet
  facet normal 1.099556e-01 -3.120314e-01 9.436875e-01
    outer loop
      vertex   -7.653014e+01 -6.151399e+00 1.245048e+01
      vertex   -7.633076e+01 -6.081141e+00 1.245048e+01
      vertex   -7.637195e+01 -5.983819e+00 1.248746e+01
    endloop
  endfacet
  facet normal 1.474672e-01 -2.961541e-01 9.436875e-01
    outer loop
      vertex   -7.637195e+01 -5.983819e+00 1.248746e+01
      vertex   -7.633076e+01 -6.081141e+00 1.245048e+01
      vertex   -7.619437e+01 -5.895392e+00 1.248746e+01
    endloop
  endfacet
  facet normal 1.514171e-01 -6.913914e-01 7.064353e-01
    outer loop
      vertex   -7.650419e+01 -6.242583e+00 1.239092e+01
      vertex   -7.670995e+01 -6.368538e+00 1.231174e+01
      vertex   -7.648253e+01 -6.318731e+00 1.231174e+01
    endloop
  endfacet
  facet normal 2.352333e-01 -6.675437e-01 7.064353e-01
    outer loop
      vertex   -7.650419e+01 -6.242583e+00 1.239092e+01
      vertex   -7.648253e+01 -6.318731e+00 1.231174e+01
      vertex   -7.629381e+01 -6.168446e+00 1.239092e+01
    endloop
  endfacet
  facet normal 2.352333e-01 -6.675437e-01 7.064353e-01
    outer loop
      vertex   -7.629381e+01 -6.168446e+00 1.239092e+01
      vertex   -7.648253e+01 -6.318731e+00 1.231174e+01
      vertex   -7.626295e+01 -6.241355e+00 1.231174e+01
    endloop
  endfacet
  facet normal 3.154837e-01 -6.335766e-01 7.064353e-01
    outer loop
      vertex   -7.629381e+01 -6.168446e+00 1.239092e+01
      vertex   -7.626295e+01 -6.241355e+00 1.231174e+01
      vertex   -7.609413e+01 -6.069017e+00 1.239092e+01
    endloop
  endfacet
  facet normal 3.154837e-01 -6.335766e-01 7.064353e-01
    outer loop
      vertex   -7.609413e+01 -6.069017e+00 1.239092e+01
      vertex   -7.626295e+01 -6.241355e+00 1.231174e+01
      vertex   -7.605454e+01 -6.137581e+00 1.231174e+01
    endloop
  endfacet
  facet normal 3.909516e-01 -5.900052e-01 7.064353e-01
    outer loop
      vertex   -7.609413e+01 -6.069017e+00 1.239092e+01
      vertex   -7.605454e+01 -6.137581e+00 1.231174e+01
      vertex   -7.590818e+01 -5.945804e+00 1.239092e+01
    endloop
  endfacet
  facet normal 3.909516e-01 -5.900052e-01 7.064353e-01
    outer loop
      vertex   -7.590818e+01 -5.945804e+00 1.239092e+01
      vertex   -7.605454e+01 -6.137581e+00 1.231174e+01
      vertex   -7.586047e+01 -6.008983e+00 1.231174e+01
    endloop
  endfacet
  facet normal 4.604931e-01 -5.374898e-01 7.064353e-01
    outer loop
      vertex   -7.590818e+01 -5.945804e+00 1.239092e+01
      vertex   -7.586047e+01 -6.008983e+00 1.231174e+01
      vertex   -7.573878e+01 -5.800673e+00 1.239092e+01
    endloop
  endfacet
  facet normal 4.604931e-01 -5.374898e-01 7.064353e-01
    outer loop
      vertex   -7.573878e+01 -5.800673e+00 1.239092e+01
      vertex   -7.586047e+01 -6.008983e+00 1.231174e+01
      vertex   -7.568367e+01 -5.857511e+00 1.231174e+01
    endloop
  endfacet
  facet normal 5.230540e-01 -4.768267e-01 7.064353e-01
    outer loop
      vertex   -7.573878e+01 -5.800673e+00 1.239092e+01
      vertex   -7.568367e+01 -5.857511e+00 1.231174e+01
      vertex   -7.558850e+01 -5.635826e+00 1.239092e+01
    endloop
  endfacet
  facet normal 1.770641e-01 -5.024715e-01 8.462687e-01
    outer loop
      vertex   -7.650419e+01 -6.242583e+00 1.239092e+01
      vertex   -7.629381e+01 -6.168446e+00 1.239092e+01
      vertex   -7.633076e+01 -6.081141e+00 1.245048e+01
    endloop
  endfacet
  facet normal 2.374699e-01 -4.769039e-01 8.462687e-01
    outer loop
      vertex   -7.633076e+01 -6.081141e+00 1.245048e+01
      vertex   -7.629381e+01 -6.168446e+00 1.239092e+01
      vertex   -7.614153e+01 -5.986915e+00 1.245048e+01
    endloop
  endfacet
  facet normal 1.474672e-01 -2.961541e-01 9.436875e-01
    outer loop
      vertex   -7.633076e+01 -6.081141e+00 1.245048e+01
      vertex   -7.614153e+01 -5.986915e+00 1.245048e+01
      vertex   -7.619437e+01 -5.895392e+00 1.248746e+01
    endloop
  endfacet
  facet normal 1.827433e-01 -2.757874e-01 9.436875e-01
    outer loop
      vertex   -7.619437e+01 -5.895392e+00 1.248746e+01
      vertex   -7.614153e+01 -5.986915e+00 1.245048e+01
      vertex   -7.602900e+01 -5.785814e+00 1.248746e+01
    endloop
  endfacet
  facet normal 2.374699e-01 -4.769039e-01 8.462687e-01
    outer loop
      vertex   -7.614153e+01 -5.986915e+00 1.245048e+01
      vertex   -7.629381e+01 -6.168446e+00 1.239092e+01
      vertex   -7.609413e+01 -6.069017e+00 1.239092e+01
    endloop
  endfacet
  facet normal 2.942759e-01 -4.441069e-01 8.462687e-01
    outer loop
      vertex   -7.614153e+01 -5.986915e+00 1.245048e+01
      vertex   -7.609413e+01 -6.069017e+00 1.239092e+01
      vertex   -7.596531e+01 -5.870149e+00 1.245048e+01
    endloop
  endfacet
  facet normal 2.942759e-01 -4.441069e-01 8.462687e-01
    outer loop
      vertex   -7.596531e+01 -5.870149e+00 1.245048e+01
      vertex   -7.609413e+01 -6.069017e+00 1.239092e+01
      vertex   -7.590818e+01 -5.945804e+00 1.239092e+01
    endloop
  endfacet
  facet normal 3.466210e-01 -4.045778e-01 8.462687e-01
    outer loop
      vertex   -7.596531e+01 -5.870149e+00 1.245048e+01
      vertex   -7.590818e+01 -5.945804e+00 1.239092e+01
      vertex   -7.580478e+01 -5.732613e+00 1.245048e+01
    endloop
  endfacet
  facet normal 3.466210e-01 -4.045778e-01 8.462687e-01
    outer loop
      vertex   -7.580478e+01 -5.732613e+00 1.245048e+01
      vertex   -7.590818e+01 -5.945804e+00 1.239092e+01
      vertex   -7.573878e+01 -5.800673e+00 1.239092e+01
    endloop
  endfacet
  facet normal 3.937117e-01 -3.589156e-01 8.462687e-01
    outer loop
      vertex   -7.580478e+01 -5.732613e+00 1.245048e+01
      vertex   -7.573878e+01 -5.800673e+00 1.239092e+01
      vertex   -7.566236e+01 -5.576392e+00 1.245048e+01
    endloop
  endfacet
  facet normal 3.937117e-01 -3.589156e-01 8.462687e-01
    outer loop
      vertex   -7.566236e+01 -5.576392e+00 1.245048e+01
      vertex   -7.573878e+01 -5.800673e+00 1.239092e+01
      vertex   -7.558850e+01 -5.635826e+00 1.239092e+01
    endloop
  endfacet
  facet normal 4.348341e-01 -3.078127e-01 8.462687e-01
    outer loop
      vertex   -7.566236e+01 -5.576392e+00 1.245048e+01
      vertex   -7.558850e+01 -5.635826e+00 1.239092e+01
      vertex   -7.554023e+01 -5.403853e+00 1.245048e+01
    endloop
  endfacet
  facet normal 2.152493e-01 -2.512400e-01 9.436875e-01
    outer loop
      vertex   -7.587835e+01 -5.656743e+00 1.248746e+01
      vertex   -7.602900e+01 -5.785814e+00 1.248746e+01
      vertex   -7.596531e+01 -5.870149e+00 1.245048e+01
    endloop
  endfacet
  facet normal 1.827433e-01 -2.757874e-01 9.436875e-01
    outer loop
      vertex   -7.596531e+01 -5.870149e+00 1.245048e+01
      vertex   -7.602900e+01 -5.785814e+00 1.248746e+01
      vertex   -7.614153e+01 -5.986915e+00 1.245048e+01
    endloop
  endfacet
  facet normal 2.152493e-01 -2.512400e-01 9.436875e-01
    outer loop
      vertex   -7.587835e+01 -5.656743e+00 1.248746e+01
      vertex   -7.596531e+01 -5.870149e+00 1.245048e+01
      vertex   -7.580478e+01 -5.732613e+00 1.245048e+01
    endloop
  endfacet
  facet normal 2.444923e-01 -2.228842e-01 9.436875e-01
    outer loop
      vertex   -7.574470e+01 -5.510138e+00 1.248746e+01
      vertex   -7.587835e+01 -5.656743e+00 1.248746e+01
      vertex   -7.580478e+01 -5.732613e+00 1.245048e+01
    endloop
  endfacet
  facet normal 2.444923e-01 -2.228842e-01 9.436875e-01
    outer loop
      vertex   -7.574470e+01 -5.510138e+00 1.248746e+01
      vertex   -7.580478e+01 -5.732613e+00 1.245048e+01
      vertex   -7.566236e+01 -5.576392e+00 1.245048e+01
    endloop
  endfacet
  facet normal 2.700290e-01 -1.911496e-01 9.436875e-01
    outer loop
      vertex   -7.563008e+01 -5.348219e+00 1.248746e+01
      vertex   -7.574470e+01 -5.510138e+00 1.248746e+01
      vertex   -7.566236e+01 -5.576392e+00 1.245048e+01
    endloop
  endfacet
  facet normal 2.700290e-01 -1.911496e-01 9.436875e-01
    outer loop
      vertex   -7.563008e+01 -5.348219e+00 1.248746e+01
      vertex   -7.566236e+01 -5.576392e+00 1.245048e+01
      vertex   -7.554023e+01 -5.403853e+00 1.245048e+01
    endloop
  endfacet
  facet normal 2.914724e-01 -1.565173e-01 9.436875e-01
    outer loop
      vertex   -7.553623e+01 -5.173443e+00 1.248746e+01
      vertex   -7.563008e+01 -5.348219e+00 1.248746e+01
      vertex   -7.554023e+01 -5.403853e+00 1.245048e+01
    endloop
  endfacet
  facet normal 9.369229e-01 -1.160162e-01 3.297208e-01
    outer loop
      vertex   -7.505321e+01 -4.620074e+00 1.221694e+01
      vertex   -7.504638e+01 -4.865196e+00 1.211126e+01
      vertex   -7.501631e+01 -4.622350e+00 1.211126e+01
    endloop
  endfacet
  facet normal 9.440785e-01 -0.000000e+00 3.297208e-01
    outer loop
      vertex   -7.505321e+01 -4.620074e+00 1.221694e+01
      vertex   -7.501631e+01 -4.622350e+00 1.211126e+01
      vertex   -7.505321e+01 -4.379926e+00 1.221694e+01
    endloop
  endfacet
  facet normal 9.440785e-01 0.000000e+00 3.297208e-01
    outer loop
      vertex   -7.505321e+01 -4.379926e+00 1.221694e+01
      vertex   -7.501631e+01 -4.622350e+00 1.211126e+01
      vertex   -7.501631e+01 -4.377650e+00 1.211126e+01
    endloop
  endfacet
  facet normal 9.369229e-01 1.160162e-01 3.297208e-01
    outer loop
      vertex   -7.505321e+01 -4.379926e+00 1.221694e+01
      vertex   -7.501631e+01 -4.377650e+00 1.211126e+01
      vertex   -7.508273e+01 -4.141599e+00 1.221694e+01
    endloop
  endfacet
  facet normal 9.369229e-01 1.160162e-01 3.297208e-01
    outer loop
      vertex   -7.508273e+01 -4.141599e+00 1.221694e+01
      vertex   -7.501631e+01 -4.377650e+00 1.211126e+01
      vertex   -7.504638e+01 -4.134804e+00 1.211126e+01
    endloop
  endfacet
  facet normal 9.155644e-01 2.302737e-01 3.297208e-01
    outer loop
      vertex   -7.508273e+01 -4.141599e+00 1.221694e+01
      vertex   -7.504638e+01 -4.134804e+00 1.211126e+01
      vertex   -7.514130e+01 -3.908705e+00 1.221694e+01
    endloop
  endfacet
  facet normal 9.155644e-01 2.302737e-01 3.297208e-01
    outer loop
      vertex   -7.514130e+01 -3.908705e+00 1.221694e+01
      vertex   -7.504638e+01 -4.134804e+00 1.211126e+01
      vertex   -7.510606e+01 -3.897495e+00 1.211126e+01
    endloop
  endfacet
  facet normal 8.803270e-01 3.410405e-01 3.297208e-01
    outer loop
      vertex   -7.514130e+01 -3.908705e+00 1.221694e+01
      vertex   -7.510606e+01 -3.897495e+00 1.211126e+01
      vertex   -7.522805e+01 -3.684775e+00 1.221694e+01
    endloop
  endfacet
  facet normal 8.803270e-01 3.410405e-01 3.297208e-01
    outer loop
      vertex   -7.522805e+01 -3.684775e+00 1.221694e+01
      vertex   -7.510606e+01 -3.897495e+00 1.211126e+01
      vertex   -7.519446e+01 -3.669319e+00 1.211126e+01
    endloop
  endfacet
  facet normal 8.317447e-01 4.466375e-01 3.297208e-01
    outer loop
      vertex   -7.522805e+01 -3.684775e+00 1.221694e+01
      vertex   -7.519446e+01 -3.669319e+00 1.211126e+01
      vertex   -7.534166e+01 -3.473202e+00 1.221694e+01
    endloop
  endfacet
  facet normal 8.317447e-01 4.466375e-01 3.297208e-01
    outer loop
      vertex   -7.534166e+01 -3.473202e+00 1.221694e+01
      vertex   -7.519446e+01 -3.669319e+00 1.211126e+01
      vertex   -7.531022e+01 -3.453735e+00 1.211126e+01
    endloop
  endfacet
  facet normal 7.705540e-01 5.454638e-01 3.297208e-01
    outer loop
      vertex   -7.534166e+01 -3.473202e+00 1.221694e+01
      vertex   -7.531022e+01 -3.453735e+00 1.211126e+01
      vertex   -7.548042e+01 -3.277195e+00 1.221694e+01
    endloop
  endfacet
  facet normal 7.705540e-01 5.454638e-01 3.297208e-01
    outer loop
      vertex   -7.548042e+01 -3.277195e+00 1.221694e+01
      vertex   -7.531022e+01 -3.453735e+00 1.211126e+01
      vertex   -7.545161e+01 -3.254012e+00 1.211126e+01
    endloop
  endfacet
  facet normal 6.976824e-01 6.360216e-01 3.297208e-01
    outer loop
      vertex   -7.548042e+01 -3.277195e+00 1.221694e+01
      vertex   -7.545161e+01 -3.254012e+00 1.211126e+01
      vertex   -7.564220e+01 -3.099724e+00 1.221694e+01
    endloop
  endfacet
  facet normal 8.471787e-01 -0.000000e+00 5.313080e-01
    outer loop
      vertex   -7.505321e+01 -4.620074e+00 1.221694e+01
      vertex   -7.505321e+01 -4.379926e+00 1.221694e+01
      vertex   -7.511267e+01 -4.383594e+00 1.231174e+01
    endloop
  endfacet
  facet normal 8.407575e-01 1.041083e-01 5.313080e-01
    outer loop
      vertex   -7.511267e+01 -4.383594e+00 1.231174e+01
      vertex   -7.505321e+01 -4.379926e+00 1.221694e+01
      vertex   -7.514128e+01 -4.152545e+00 1.231174e+01
    endloop
  endfacet
  facet normal 7.024131e-01 8.697759e-02 7.064353e-01
    outer loop
      vertex   -7.511267e+01 -4.383594e+00 1.231174e+01
      vertex   -7.514128e+01 -4.152545e+00 1.231174e+01
      vertex   -7.521910e+01 -4.167093e+00 1.239092e+01
    endloop
  endfacet
  facet normal 6.864006e-01 1.726367e-01 7.064353e-01
    outer loop
      vertex   -7.521910e+01 -4.167093e+00 1.239092e+01
      vertex   -7.514128e+01 -4.152545e+00 1.231174e+01
      vertex   -7.527351e+01 -3.950765e+00 1.239092e+01
    endloop
  endfacet
  facet normal 5.166655e-01 1.299466e-01 8.462687e-01
    outer loop
      vertex   -7.521910e+01 -4.167093e+00 1.239092e+01
      vertex   -7.527351e+01 -3.950765e+00 1.239092e+01
      vertex   -7.536385e+01 -3.979504e+00 1.245048e+01
    endloop
  endfacet
  facet normal 4.967805e-01 1.924538e-01 8.462687e-01
    outer loop
      vertex   -7.536385e+01 -3.979504e+00 1.245048e+01
      vertex   -7.527351e+01 -3.950765e+00 1.239092e+01
      vertex   -7.544022e+01 -3.782386e+00 1.245048e+01
    endloop
  endfacet
  facet normal 3.084973e-01 1.195125e-01 9.436875e-01
    outer loop
      vertex   -7.536385e+01 -3.979504e+00 1.245048e+01
      vertex   -7.544022e+01 -3.782386e+00 1.245048e+01
      vertex   -7.553623e+01 -3.826557e+00 1.248746e+01
    endloop
  endfacet
  facet normal 2.914724e-01 1.565173e-01 9.436875e-01
    outer loop
      vertex   -7.553623e+01 -3.826557e+00 1.248746e+01
      vertex   -7.544022e+01 -3.782386e+00 1.245048e+01
      vertex   -7.563008e+01 -3.651781e+00 1.248746e+01
    endloop
  endfacet
  facet normal 8.407575e-01 1.041083e-01 5.313080e-01
    outer loop
      vertex   -7.514128e+01 -4.152545e+00 1.231174e+01
      vertex   -7.505321e+01 -4.379926e+00 1.221694e+01
      vertex   -7.508273e+01 -4.141599e+00 1.221694e+01
    endloop
  endfacet
  facet normal 8.215913e-01 2.066385e-01 5.313080e-01
    outer loop
      vertex   -7.514128e+01 -4.152545e+00 1.231174e+01
      vertex   -7.508273e+01 -4.141599e+00 1.221694e+01
      vertex   -7.519807e+01 -3.926764e+00 1.231174e+01
    endloop
  endfacet
  facet normal 8.215913e-01 2.066385e-01 5.313080e-01
    outer loop
      vertex   -7.519807e+01 -3.926764e+00 1.231174e+01
      vertex   -7.508273e+01 -4.141599e+00 1.221694e+01
      vertex   -7.514130e+01 -3.908705e+00 1.221694e+01
    endloop
  endfacet
  facet normal 7.899706e-01 3.060362e-01 5.313080e-01
    outer loop
      vertex   -7.519807e+01 -3.926764e+00 1.231174e+01
      vertex   -7.514130e+01 -3.908705e+00 1.221694e+01
      vertex   -7.528217e+01 -3.709672e+00 1.231174e+01
    endloop
  endfacet
  facet normal 7.899706e-01 3.060362e-01 5.313080e-01
    outer loop
      vertex   -7.528217e+01 -3.709672e+00 1.231174e+01
      vertex   -7.514130e+01 -3.908705e+00 1.221694e+01
      vertex   -7.522805e+01 -3.684775e+00 1.221694e+01
    endloop
  endfacet
  facet normal 7.463748e-01 4.007948e-01 5.313080e-01
    outer loop
      vertex   -7.528217e+01 -3.709672e+00 1.231174e+01
      vertex   -7.522805e+01 -3.684775e+00 1.221694e+01
      vertex   -7.539231e+01 -3.504561e+00 1.231174e+01
    endloop
  endfacet
  facet normal 7.463748e-01 4.007948e-01 5.313080e-01
    outer loop
      vertex   -7.539231e+01 -3.504561e+00 1.231174e+01
      vertex   -7.522805e+01 -3.684775e+00 1.221694e+01
      vertex   -7.534166e+01 -3.473202e+00 1.221694e+01
    endloop
  endfacet
  facet normal 6.914646e-01 4.894777e-01 5.313080e-01
    outer loop
      vertex   -7.539231e+01 -3.504561e+00 1.231174e+01
      vertex   -7.534166e+01 -3.473202e+00 1.221694e+01
      vertex   -7.552682e+01 -3.314540e+00 1.231174e+01
    endloop
  endfacet
  facet normal 6.914646e-01 4.894777e-01 5.313080e-01
    outer loop
      vertex   -7.552682e+01 -3.314540e+00 1.231174e+01
      vertex   -7.534166e+01 -3.473202e+00 1.221694e+01
      vertex   -7.548042e+01 -3.277195e+00 1.221694e+01
    endloop
  endfacet
  facet normal 6.260726e-01 5.707406e-01 5.313080e-01
    outer loop
      vertex   -7.552682e+01 -3.314540e+00 1.231174e+01
      vertex   -7.548042e+01 -3.277195e+00 1.221694e+01
      vertex   -7.568367e+01 -3.142489e+00 1.231174e+01
    endloop
  endfacet
  facet normal 6.260726e-01 5.707406e-01 5.313080e-01
    outer loop
      vertex   -7.568367e+01 -3.142489e+00 1.231174e+01
      vertex   -7.548042e+01 -3.277195e+00 1.221694e+01
      vertex   -7.564220e+01 -3.099724e+00 1.221694e+01
    endloop
  endfacet
  facet normal 5.511900e-01 6.433517e-01 5.313080e-01
    outer loop
      vertex   -7.568367e+01 -3.142489e+00 1.231174e+01
      vertex   -7.564220e+01 -3.099724e+00 1.221694e+01
      vertex   -7.586047e+01 -2.991017e+00 1.231174e+01
    endloop
  endfacet
  facet normal 6.864006e-01 1.726367e-01 7.064353e-01
    outer loop
      vertex   -7.514128e+01 -4.152545e+00 1.231174e+01
      vertex   -7.519807e+01 -3.926764e+00 1.231174e+01
      vertex   -7.527351e+01 -3.950765e+00 1.239092e+01
    endloop
  endfacet
  facet normal 6.599830e-01 2.556788e-01 7.064353e-01
    outer loop
      vertex   -7.527351e+01 -3.950765e+00 1.239092e+01
      vertex   -7.519807e+01 -3.926764e+00 1.231174e+01
      vertex   -7.535409e+01 -3.742762e+00 1.239092e+01
    endloop
  endfacet
  facet normal 4.967805e-01 1.924538e-01 8.462687e-01
    outer loop
      vertex   -7.527351e+01 -3.950765e+00 1.239092e+01
      vertex   -7.535409e+01 -3.742762e+00 1.239092e+01
      vertex   -7.544022e+01 -3.782386e+00 1.245048e+01
    endloop
  endfacet
  facet normal 4.693648e-01 2.520436e-01 8.462687e-01
    outer loop
      vertex   -7.544022e+01 -3.782386e+00 1.245048e+01
      vertex   -7.535409e+01 -3.742762e+00 1.239092e+01
      vertex   -7.554023e+01 -3.596147e+00 1.245048e+01
    endloop
  endfacet
  facet normal 2.914724e-01 1.565173e-01 9.436875e-01
    outer loop
      vertex   -7.544022e+01 -3.782386e+00 1.245048e+01
      vertex   -7.554023e+01 -3.596147e+00 1.245048e+01
      vertex   -7.563008e+01 -3.651781e+00 1.248746e+01
    endloop
  endfacet
  facet normal 2.700290e-01 1.911496e-01 9.436875e-01
    outer loop
      vertex   -7.563008e+01 -3.651781e+00 1.248746e+01
      vertex   -7.554023e+01 -3.596147e+00 1.245048e+01
      vertex   -7.574470e+01 -3.489862e+00 1.248746e+01
    endloop
  endfacet
  facet normal 6.599830e-01 2.556788e-01 7.064353e-01
    outer loop
      vertex   -7.535409e+01 -3.742762e+00 1.239092e+01
      vertex   -7.519807e+01 -3.926764e+00 1.231174e+01
      vertex   -7.528217e+01 -3.709672e+00 1.231174e+01
    endloop
  endfacet
  facet normal 6.235608e-01 3.348451e-01 7.064353e-01
    outer loop
      vertex   -7.535409e+01 -3.742762e+00 1.239092e+01
      vertex   -7.528217e+01 -3.709672e+00 1.231174e+01
      vertex   -7.545962e+01 -3.546239e+00 1.239092e+01
    endloop
  endfacet
  facet normal 6.235608e-01 3.348451e-01 7.064353e-01
    outer loop
      vertex   -7.545962e+01 -3.546239e+00 1.239092e+01
      vertex   -7.528217e+01 -3.709672e+00 1.231174e+01
      vertex   -7.539231e+01 -3.504561e+00 1.231174e+01
    endloop
  endfacet
  facet normal 5.776860e-01 4.089354e-01 7.064353e-01
    outer loop
      vertex   -7.545962e+01 -3.546239e+00 1.239092e+01
      vertex   -7.539231e+01 -3.504561e+00 1.231174e+01
      vertex   -7.558850e+01 -3.364174e+00 1.239092e+01
    endloop
  endfacet
  facet normal 5.776860e-01 4.089354e-01 7.064353e-01
    outer loop
      vertex   -7.558850e+01 -3.364174e+00 1.239092e+01
      vertex   -7.539231e+01 -3.504561e+00 1.231174e+01
      vertex   -7.552682e+01 -3.314540e+00 1.231174e+01
    endloop
  endfacet
  facet normal 5.230540e-01 4.768267e-01 7.064353e-01
    outer loop
      vertex   -7.558850e+01 -3.364174e+00 1.239092e+01
      vertex   -7.552682e+01 -3.314540e+00 1.231174e+01
      vertex   -7.573878e+01 -3.199327e+00 1.239092e+01
    endloop
  endfacet
  facet normal 5.230540e-01 4.768267e-01 7.064353e-01
    outer loop
      vertex   -7.573878e+01 -3.199327e+00 1.239092e+01
      vertex   -7.552682e+01 -3.314540e+00 1.231174e+01
      vertex   -7.568367e+01 -3.142489e+00 1.231174e+01
    endloop
  endfacet
  facet normal 4.604931e-01 5.374898e-01 7.064353e-01
    outer loop
      vertex   -7.573878e+01 -3.199327e+00 1.239092e+01
      vertex   -7.568367e+01 -3.142489e+00 1.231174e+01
      vertex   -7.590818e+01 -3.054196e+00 1.239092e+01
    endloop
  endfacet
  facet normal 4.604931e-01 5.374898e-01 7.064353e-01
    outer loop
      vertex   -7.590818e+01 -3.054196e+00 1.239092e+01
      vertex   -7.568367e+01 -3.142489e+00 1.231174e+01
      vertex   -7.586047e+01 -2.991017e+00 1.231174e+01
    endloop
  endfacet
  facet normal 3.909516e-01 5.900052e-01 7.064353e-01
    outer loop
      vertex   -7.590818e+01 -3.054196e+00 1.239092e+01
      vertex   -7.586047e+01 -2.991017e+00 1.231174e+01
      vertex   -7.609413e+01 -2.930983e+00 1.239092e+01
    endloop
  endfacet
  facet normal 4.693648e-01 2.520436e-01 8.462687e-01
    outer loop
      vertex   -7.535409e+01 -3.742762e+00 1.239092e+01
      vertex   -7.545962e+01 -3.546239e+00 1.239092e+01
      vertex   -7.554023e+01 -3.596147e+00 1.245048e+01
    endloop
  endfacet
  facet normal 4.348341e-01 3.078127e-01 8.462687e-01
    outer loop
      vertex   -7.554023e+01 -3.596147e+00 1.245048e+01
      vertex   -7.545962e+01 -3.546239e+00 1.239092e+01
      vertex   -7.566236e+01 -3.423608e+00 1.245048e+01
    endloop
  endfacet
  facet normal 2.700290e-01 1.911496e-01 9.436875e-01
    outer loop
      vertex   -7.554023e+01 -3.596147e+00 1.245048e+01
      vertex   -7.566236e+01 -3.423608e+00 1.245048e+01
      vertex   -7.574470e+01 -3.489862e+00 1.248746e+01
    endloop
  endfacet
  facet normal 2.444923e-01 2.228842e-01 9.436875e-01
    outer loop
      vertex   -7.574470e+01 -3.489862e+00 1.248746e+01
      vertex   -7.566236e+01 -3.423608e+00 1.245048e+01
      vertex   -7.587835e+01 -3.343257e+00 1.248746e+01
    endloop
  endfacet
  facet normal 4.348341e-01 3.078127e-01 8.462687e-01
    outer loop
      vertex   -7.566236e+01 -3.423608e+00 1.245048e+01
      vertex   -7.545962e+01 -3.546239e+00 1.239092e+01
      vertex   -7.558850e+01 -3.364174e+00 1.239092e+01
    endloop
  endfacet
  facet normal 3.937117e-01 3.589156e-01 8.462687e-01
    outer loop
      vertex   -7.566236e+01 -3.423608e+00 1.245048e+01
      vertex   -7.558850e+01 -3.364174e+00 1.239092e+01
      vertex   -7.580478e+01 -3.267387e+00 1.245048e+01
    endloop
  endfacet
  facet normal 3.937117e-01 3.589156e-01 8.462687e-01
    outer loop
      vertex   -7.580478e+01 -3.267387e+00 1.245048e+01
      vertex   -7.558850e+01 -3.364174e+00 1.239092e+01
      vertex   -7.573878e+01 -3.199327e+00 1.239092e+01
    endloop
  endfacet
  facet normal 3.466210e-01 4.045778e-01 8.462687e-01
    outer loop
      vertex   -7.580478e+01 -3.267387e+00 1.245048e+01
      vertex   -7.573878e+01 -3.199327e+00 1.239092e+01
      vertex   -7.596531e+01 -3.129851e+00 1.245048e+01
    endloop
  endfacet
  facet normal 3.466210e-01 4.045778e-01 8.462687e-01
    outer loop
      vertex   -7.596531e+01 -3.129851e+00 1.245048e+01
      vertex   -7.573878e+01 -3.199327e+00 1.239092e+01
      vertex   -7.590818e+01 -3.054196e+00 1.239092e+01
    endloop
  endfacet
  facet normal 2.942759e-01 4.441069e-01 8.462687e-01
    outer loop
      vertex   -7.596531e+01 -3.129851e+00 1.245048e+01
      vertex   -7.590818e+01 -3.054196e+00 1.239092e+01
      vertex   -7.614153e+01 -3.013085e+00 1.245048e+01
    endloop
  endfacet
  facet normal 2.942759e-01 4.441069e-01 8.462687e-01
    outer loop
      vertex   -7.614153e+01 -3.013085e+00 1.245048e+01
      vertex   -7.590818e+01 -3.054196e+00 1.239092e+01
      vertex   -7.609413e+01 -2.930983e+00 1.239092e+01
    endloop
  endfacet
  facet normal 2.374699e-01 4.769039e-01 8.462687e-01
    outer loop
      vertex   -7.614153e+01 -3.013085e+00 1.245048e+01
      vertex   -7.609413e+01 -2.930983e+00 1.239092e+01
      vertex   -7.633076e+01 -2.918859e+00 1.245048e+01
    endloop
  endfacet
  facet normal 2.152493e-01 2.512400e-01 9.436875e-01
    outer loop
      vertex   -7.602900e+01 -3.214186e+00 1.248746e+01
      vertex   -7.587835e+01 -3.343257e+00 1.248746e+01
      vertex   -7.580478e+01 -3.267387e+00 1.245048e+01
    endloop
  endfacet
  facet normal 2.444923e-01 2.228842e-01 9.436875e-01
    outer loop
      vertex   -7.580478e+01 -3.267387e+00 1.245048e+01
      vertex   -7.587835e+01 -3.343257e+00 1.248746e+01
      vertex   -7.566236e+01 -3.423608e+00 1.245048e+01
    endloop
  endfacet
  facet normal 2.152493e-01 2.512400e-01 9.436875e-01
    outer loop
      vertex   -7.602900e+01 -3.214186e+00 1.248746e+01
      vertex   -7.580478e+01 -3.267387e+00 1.245048e+01
      vertex   -7.596531e+01 -3.129851e+00 1.245048e+01
    endloop
  endfacet
  facet normal 1.827433e-01 2.757874e-01 9.436875e-01
    outer loop
      vertex   -7.619437e+01 -3.104608e+00 1.248746e+01
      vertex   -7.602900e+01 -3.214186e+00 1.248746e+01
      vertex   -7.596531e+01 -3.129851e+00 1.245048e+01
    endloop
  endfacet
  facet normal 1.827433e-01 2.757874e-01 9.436875e-01
    outer loop
      vertex   -7.619437e+01 -3.104608e+00 1.248746e+01
      vertex   -7.596531e+01 -3.129851e+00 1.245048e+01
      vertex   -7.614153e+01 -3.013085e+00 1.245048e+01
    endloop
  endfacet
  facet normal 1.474672e-01 2.961541e-01 9.436875e-01
    outer loop
      vertex   -7.637195e+01 -3.016181e+00 1.248746e+01
      vertex   -7.619437e+01 -3.104608e+00 1.248746e+01
      vertex   -7.614153e+01 -3.013085e+00 1.245048e+01
    endloop
  endfacet
  facet normal 1.474672e-01 2.961541e-01 9.436875e-01
    outer loop
      vertex   -7.637195e+01 -3.016181e+00 1.248746e+01
      vertex   -7.614153e+01 -3.013085e+00 1.245048e+01
      vertex   -7.633076e+01 -2.918859e+00 1.245048e+01
    endloop
  endfacet
  facet normal 1.099556e-01 3.120314e-01 9.436875e-01
    outer loop
      vertex   -7.655906e+01 -2.950248e+00 1.248746e+01
      vertex   -7.637195e+01 -3.016181e+00 1.248746e+01
      vertex   -7.633076e+01 -2.918859e+00 1.245048e+01
    endloop
  endfacet
  facet normal -9.981033e-01 -6.156091e-02 0.000000e+00
    outer loop
      vertex   -7.898484e+01 -4.745777e+00 1.100000e+01
      vertex   -7.898484e+01 -4.745777e+00 1.200000e+01
      vertex   -7.900000e+01 -4.500000e+00 1.100000e+01
    endloop
  endfacet
  facet normal -9.981033e-01 -6.156091e-02 0.000000e+00
    outer loop
      vertex   -7.900000e+01 -4.500000e+00 1.100000e+01
      vertex   -7.898484e+01 -4.745777e+00 1.200000e+01
      vertex   -7.900000e+01 -4.500000e+00 1.200000e+01
    endloop
  endfacet
  facet normal -9.981033e-01 6.156091e-02 0.000000e+00
    outer loop
      vertex   -7.900000e+01 -4.500000e+00 1.100000e+01
      vertex   -7.900000e+01 -4.500000e+00 1.200000e+01
      vertex   -7.898484e+01 -4.254223e+00 1.100000e+01
    endloop
  endfacet
  facet normal -9.981033e-01 6.156091e-02 0.000000e+00
    outer loop
      vertex   -7.898484e+01 -4.254223e+00 1.100000e+01
      vertex   -7.900000e+01 -4.500000e+00 1.200000e+01
      vertex   -7.898484e+01 -4.254223e+00 1.200000e+01
    endloop
  endfacet
  facet normal -9.829731e-01 1.837495e-01 0.000000e+00
    outer loop
      vertex   -7.898484e+01 -4.254223e+00 1.100000e+01
      vertex   -7.898484e+01 -4.254223e+00 1.200000e+01
      vertex   -7.893959e+01 -4.012173e+00 1.100000e+01
    endloop
  endfacet
  facet normal -9.829731e-01 1.837495e-01 0.000000e+00
    outer loop
      vertex   -7.893959e+01 -4.012173e+00 1.100000e+01
      vertex   -7.898484e+01 -4.254223e+00 1.200000e+01
      vertex   -7.893959e+01 -4.012173e+00 1.200000e+01
    endloop
  endfacet
  facet normal -9.529420e-01 3.031527e-01 0.000000e+00
    outer loop
      vertex   -7.893959e+01 -4.012173e+00 1.100000e+01
      vertex   -7.893959e+01 -4.012173e+00 1.200000e+01
      vertex   -7.886494e+01 -3.777517e+00 1.100000e+01
    endloop
  endfacet
  facet normal -9.529420e-01 3.031527e-01 0.000000e+00
    outer loop
      vertex   -7.886494e+01 -3.777517e+00 1.100000e+01
      vertex   -7.893959e+01 -4.012173e+00 1.200000e+01
      vertex   -7.886494e+01 -3.777517e+00 1.200000e+01
    endloop
  endfacet
  facet normal -9.084653e-01 4.179603e-01 0.000000e+00
    outer loop
      vertex   -7.886494e+01 -3.777517e+00 1.100000e+01
      vertex   -7.886494e+01 -3.777517e+00 1.200000e+01
      vertex   -7.876202e+01 -3.553813e+00 1.100000e+01
    endloop
  endfacet
  facet normal -9.084653e-01 4.179603e-01 0.000000e+00
    outer loop
      vertex   -7.876202e+01 -3.553813e+00 1.100000e+01
      vertex   -7.886494e+01 -3.777517e+00 1.200000e+01
      vertex   -7.876202e+01 -3.553813e+00 1.200000e+01
    endloop
  endfacet
  facet normal -8.502171e-01 5.264322e-01 0.000000e+00
    outer loop
      vertex   -7.876202e+01 -3.553813e+00 1.100000e+01
      vertex   -7.876202e+01 -3.553813e+00 1.200000e+01
      vertex   -7.863239e+01 -3.344452e+00 1.100000e+01
    endloop
  endfacet
  facet normal -8.502171e-01 5.264322e-01 0.000000e+00
    outer loop
      vertex   -7.863239e+01 -3.344452e+00 1.100000e+01
      vertex   -7.876202e+01 -3.553813e+00 1.200000e+01
      vertex   -7.863239e+01 -3.344452e+00 1.200000e+01
    endloop
  endfacet
  facet normal -7.790806e-01 6.269238e-01 0.000000e+00
    outer loop
      vertex   -7.863239e+01 -3.344452e+00 1.100000e+01
      vertex   -7.863239e+01 -3.344452e+00 1.200000e+01
      vertex   -7.847802e+01 -3.152609e+00 1.100000e+01
    endloop
  endfacet
  facet normal -7.790806e-01 6.269238e-01 0.000000e+00
    outer loop
      vertex   -7.847802e+01 -3.152609e+00 1.100000e+01
      vertex   -7.863239e+01 -3.344452e+00 1.200000e+01
      vertex   -7.847802e+01 -3.152609e+00 1.200000e+01
    endloop
  endfacet
  facet normal -6.961339e-01 7.179119e-01 0.000000e+00
    outer loop
      vertex   -7.847802e+01 -3.152609e+00 1.100000e+01
      vertex   -7.847802e+01 -3.152609e+00 1.200000e+01
      vertex   -7.830124e+01 -2.981190e+00 1.100000e+01
    endloop
  endfacet
  facet normal -6.961339e-01 7.179119e-01 0.000000e+00
    outer loop
      vertex   -7.830124e+01 -2.981190e+00 1.100000e+01
      vertex   -7.847802e+01 -3.152609e+00 1.200000e+01
      vertex   -7.830124e+01 -2.981190e+00 1.200000e+01
    endloop
  endfacet
  facet normal -6.026346e-01 7.980172e-01 0.000000e+00
    outer loop
      vertex   -7.830124e+01 -2.981190e+00 1.100000e+01
      vertex   -7.830124e+01 -2.981190e+00 1.200000e+01
      vertex   -7.810473e+01 -2.832795e+00 1.100000e+01
    endloop
  endfacet
  facet normal -6.026346e-01 7.980172e-01 0.000000e+00
    outer loop
      vertex   -7.810473e+01 -2.832795e+00 1.100000e+01
      vertex   -7.830124e+01 -2.981190e+00 1.200000e+01
      vertex   -7.810473e+01 -2.832795e+00 1.200000e+01
    endloop
  endfacet
  facet normal -5.000000e-01 8.660254e-01 0.000000e+00
    outer loop
      vertex   -7.810473e+01 -2.832795e+00 1.100000e+01
      vertex   -7.810473e+01 -2.832795e+00 1.200000e+01
      vertex   -7.789148e+01 -2.709673e+00 1.100000e+01
    endloop
  endfacet
  facet normal -5.000000e-01 8.660254e-01 0.000000e+00
    outer loop
      vertex   -7.789148e+01 -2.709673e+00 1.100000e+01
      vertex   -7.810473e+01 -2.832795e+00 1.200000e+01
      vertex   -7.789148e+01 -2.709673e+00 1.200000e+01
    endloop
  endfacet
  facet normal -3.897859e-01 9.209055e-01 0.000000e+00
    outer loop
      vertex   -7.789148e+01 -2.709673e+00 1.100000e+01
      vertex   -7.789148e+01 -2.709673e+00 1.200000e+01
      vertex   -7.766471e+01 -2.613691e+00 1.100000e+01
    endloop
  endfacet
  facet normal -3.897859e-01 9.209055e-01 0.000000e+00
    outer loop
      vertex   -7.766471e+01 -2.613691e+00 1.100000e+01
      vertex   -7.789148e+01 -2.709673e+00 1.200000e+01
      vertex   -7.766471e+01 -2.613691e+00 1.200000e+01
    endloop
  endfacet
  facet normal -2.736630e-01 9.618256e-01 0.000000e+00
    outer loop
      vertex   -7.766471e+01 -2.613691e+00 1.100000e+01
      vertex   -7.766471e+01 -2.613691e+00 1.200000e+01
      vertex   -7.742787e+01 -2.546303e+00 1.100000e+01
    endloop
  endfacet
  facet normal -2.736630e-01 9.618256e-01 0.000000e+00
    outer loop
      vertex   -7.742787e+01 -2.546303e+00 1.100000e+01
      vertex   -7.766471e+01 -2.613691e+00 1.200000e+01
      vertex   -7.742787e+01 -2.546303e+00 1.200000e+01
    endloop
  endfacet
  facet normal -1.533917e-01 9.881655e-01 0.000000e+00
    outer loop
      vertex   -7.742787e+01 -2.546303e+00 1.100000e+01
      vertex   -7.742787e+01 -2.546303e+00 1.200000e+01
      vertex   -7.718454e+01 -2.508532e+00 1.100000e+01
    endloop
  endfacet
  facet normal -1.533917e-01 9.881655e-01 0.000000e+00
    outer loop
      vertex   -7.718454e+01 -2.508532e+00 1.100000e+01
      vertex   -7.742787e+01 -2.546303e+00 1.200000e+01
      vertex   -7.718454e+01 -2.508532e+00 1.200000e+01
    endloop
  endfacet
  facet normal -3.079506e-02 9.995257e-01 0.000000e+00
    outer loop
      vertex   -7.718454e+01 -2.508532e+00 1.100000e+01
      vertex   -7.718454e+01 -2.508532e+00 1.200000e+01
      vertex   -7.693841e+01 -2.500949e+00 1.100000e+01
    endloop
  endfacet
  facet normal -3.079506e-02 9.995257e-01 0.000000e+00
    outer loop
      vertex   -7.693841e+01 -2.500949e+00 1.100000e+01
      vertex   -7.718454e+01 -2.508532e+00 1.200000e+01
      vertex   -7.693841e+01 -2.500949e+00 1.200000e+01
    endloop
  endfacet
  facet normal 9.226836e-02 9.957342e-01 -0.000000e+00
    outer loop
      vertex   -7.693841e+01 -2.500949e+00 1.100000e+01
      vertex   -7.693841e+01 -2.500949e+00 1.200000e+01
      vertex   -7.669322e+01 -2.523669e+00 1.100000e+01
    endloop
  endfacet
  facet normal 9.226836e-02 9.957342e-01 -0.000000e+00
    outer loop
      vertex   -7.669322e+01 -2.523669e+00 1.100000e+01
      vertex   -7.693841e+01 -2.500949e+00 1.200000e+01
      vertex   -7.669322e+01 -2.523669e+00 1.200000e+01
    endloop
  endfacet
  facet normal 2.139331e-01 9.768483e-01 -0.000000e+00
    outer loop
      vertex   -7.669322e+01 -2.523669e+00 1.100000e+01
      vertex   -7.669322e+01 -2.523669e+00 1.200000e+01
      vertex   -7.645267e+01 -2.576349e+00 1.100000e+01
    endloop
  endfacet
  facet normal 2.139331e-01 9.768483e-01 -0.000000e+00
    outer loop
      vertex   -7.645267e+01 -2.576349e+00 1.100000e+01
      vertex   -7.669322e+01 -2.523669e+00 1.200000e+01
      vertex   -7.645267e+01 -2.576349e+00 1.200000e+01
    endloop
  endfacet
  facet normal 3.323548e-01 9.431544e-01 -0.000000e+00
    outer loop
      vertex   -7.645267e+01 -2.576349e+00 1.100000e+01
      vertex   -7.645267e+01 -2.576349e+00 1.200000e+01
      vertex   -7.622043e+01 -2.658189e+00 1.100000e+01
    endloop
  endfacet
  facet normal 3.323548e-01 9.431544e-01 -0.000000e+00
    outer loop
      vertex   -7.622043e+01 -2.658189e+00 1.100000e+01
      vertex   -7.645267e+01 -2.576349e+00 1.200000e+01
      vertex   -7.622043e+01 -2.658189e+00 1.200000e+01
    endloop
  endfacet
  facet normal 4.457384e-01 8.951633e-01 -0.000000e+00
    outer loop
      vertex   -7.622043e+01 -2.658189e+00 1.100000e+01
      vertex   -7.622043e+01 -2.658189e+00 1.200000e+01
      vertex   -7.600000e+01 -2.767949e+00 1.100000e+01
    endloop
  endfacet
  facet normal 4.457384e-01 8.951633e-01 -0.000000e+00
    outer loop
      vertex   -7.600000e+01 -2.767949e+00 1.100000e+01
      vertex   -7.622043e+01 -2.658189e+00 1.200000e+01
      vertex   -7.600000e+01 -2.767949e+00 1.200000e+01
    endloop
  endfacet
  facet normal 5.523650e-01 8.336024e-01 -0.000000e+00
    outer loop
      vertex   -7.600000e+01 -2.767949e+00 1.100000e+01
      vertex   -7.600000e+01 -2.767949e+00 1.200000e+01
      vertex   -7.579473e+01 -2.903966e+00 1.100000e+01
    endloop
  endfacet
  facet normal 5.523650e-01 8.336024e-01 -0.000000e+00
    outer loop
      vertex   -7.579473e+01 -2.903966e+00 1.100000e+01
      vertex   -7.600000e+01 -2.767949e+00 1.200000e+01
      vertex   -7.579473e+01 -2.903966e+00 1.200000e+01
    endloop
  endfacet
  facet normal 6.506183e-01 7.594049e-01 -0.000000e+00
    outer loop
      vertex   -7.579473e+01 -2.903966e+00 1.100000e+01
      vertex   -7.579473e+01 -2.903966e+00 1.200000e+01
      vertex   -7.560773e+01 -3.064176e+00 1.100000e+01
    endloop
  endfacet
  facet normal 6.506183e-01 7.594049e-01 -0.000000e+00
    outer loop
      vertex   -7.560773e+01 -3.064176e+00 1.100000e+01
      vertex   -7.579473e+01 -2.903966e+00 1.200000e+01
      vertex   -7.560773e+01 -3.064176e+00 1.200000e+01
    endloop
  endfacet
  facet normal 7.390089e-01 6.736956e-01 -0.000000e+00
    outer loop
      vertex   -7.560773e+01 -3.064176e+00 1.100000e+01
      vertex   -7.560773e+01 -3.064176e+00 1.200000e+01
      vertex   -7.544184e+01 -3.246152e+00 1.100000e+01
    endloop
  endfacet
  facet normal 7.390089e-01 6.736956e-01 -0.000000e+00
    outer loop
      vertex   -7.544184e+01 -3.246152e+00 1.100000e+01
      vertex   -7.560773e+01 -3.064176e+00 1.200000e+01
      vertex   -7.544184e+01 -3.246152e+00 1.200000e+01
    endloop
  endfacet
  facet normal 8.161969e-01 5.777738e-01 -0.000000e+00
    outer loop
      vertex   -7.544184e+01 -3.246152e+00 1.100000e+01
      vertex   -7.544184e+01 -3.246152e+00 1.200000e+01
      vertex   -7.529957e+01 -3.447136e+00 1.100000e+01
    endloop
  endfacet
  facet normal 8.161969e-01 5.777738e-01 -0.000000e+00
    outer loop
      vertex   -7.529957e+01 -3.447136e+00 1.100000e+01
      vertex   -7.544184e+01 -3.246152e+00 1.200000e+01
      vertex   -7.529957e+01 -3.447136e+00 1.200000e+01
    endloop
  endfacet
  facet normal 8.810122e-01 4.730936e-01 -0.000000e+00
    outer loop
      vertex   -7.529957e+01 -3.447136e+00 1.100000e+01
      vertex   -7.529957e+01 -3.447136e+00 1.200000e+01
      vertex   -7.518307e+01 -3.664079e+00 1.100000e+01
    endloop
  endfacet
  facet normal 8.810122e-01 4.730936e-01 -0.000000e+00
    outer loop
      vertex   -7.518307e+01 -3.664079e+00 1.100000e+01
      vertex   -7.529957e+01 -3.447136e+00 1.200000e+01
      vertex   -7.518307e+01 -3.664079e+00 1.200000e+01
    endloop
  endfacet
  facet normal 9.324722e-01 3.612417e-01 -0.000000e+00
    outer loop
      vertex   -7.518307e+01 -3.664079e+00 1.100000e+01
      vertex   -7.518307e+01 -3.664079e+00 1.200000e+01
      vertex   -7.509412e+01 -3.893695e+00 1.100000e+01
    endloop
  endfacet
  facet normal 9.324722e-01 3.612417e-01 -0.000000e+00
    outer loop
      vertex   -7.509412e+01 -3.893695e+00 1.100000e+01
      vertex   -7.518307e+01 -3.664079e+00 1.200000e+01
      vertex   -7.509412e+01 -3.893695e+00 1.200000e+01
    endloop
  endfacet
  facet normal 9.697969e-01 2.439137e-01 -0.000000e+00
    outer loop
      vertex   -7.509412e+01 -3.893695e+00 1.100000e+01
      vertex   -7.509412e+01 -3.893695e+00 1.200000e+01
      vertex   -7.503405e+01 -4.132501e+00 1.100000e+01
    endloop
  endfacet
  facet normal 9.697969e-01 2.439137e-01 -0.000000e+00
    outer loop
      vertex   -7.503405e+01 -4.132501e+00 1.100000e+01
      vertex   -7.509412e+01 -3.893695e+00 1.200000e+01
      vertex   -7.503405e+01 -4.132501e+00 1.200000e+01
    endloop
  endfacet
  facet normal 9.924205e-01 1.228883e-01 -0.000000e+00
    outer loop
      vertex   -7.503405e+01 -4.132501e+00 1.100000e+01
      vertex   -7.503405e+01 -4.132501e+00 1.200000e+01
      vertex   -7.500379e+01 -4.376878e+00 1.100000e+01
    endloop
  endfacet
  facet normal 9.924205e-01 1.228883e-01 -0.000000e+00
    outer loop
      vertex   -7.500379e+01 -4.376878e+00 1.100000e+01
      vertex   -7.503405e+01 -4.132501e+00 1.200000e+01
      vertex   -7.500379e+01 -4.376878e+00 1.200000e+01
    endloop
  endfacet
  facet normal 1.000000e+00 0.000000e+00 -0.000000e+00
    outer loop
      vertex   -7.500379e+01 -4.376878e+00 1.100000e+01
      vertex   -7.500379e+01 -4.376878e+00 1.200000e+01
      vertex   -7.500379e+01 -4.623122e+00 1.100000e+01
    endloop
  endfacet
  facet normal 1.000000e+00 0.000000e+00 0.000000e+00
    outer loop
      vertex   -7.500379e+01 -4.623122e+00 1.100000e+01
      vertex   -7.500379e+01 -4.376878e+00 1.200000e+01
      vertex   -7.500379e+01 -4.623122e+00 1.200000e+01
    endloop
  endfacet
  facet normal 9.924205e-01 -1.228883e-01 0.000000e+00
    outer loop
      vertex   -7.500379e+01 -4.623122e+00 1.100000e+01
      vertex   -7.500379e+01 -4.623122e+00 1.200000e+01
      vertex   -7.503405e+01 -4.867499e+00 1.100000e+01
    endloop
  endfacet
  facet normal 9.924205e-01 -1.228883e-01 0.000000e+00
    outer loop
      vertex   -7.503405e+01 -4.867499e+00 1.100000e+01
      vertex   -7.500379e+01 -4.623122e+00 1.200000e+01
      vertex   -7.503405e+01 -4.867499e+00 1.200000e+01
    endloop
  endfacet
  facet normal 9.697969e-01 -2.439137e-01 0.000000e+00
    outer loop
      vertex   -7.503405e+01 -4.867499e+00 1.100000e+01
      vertex   -7.503405e+01 -4.867499e+00 1.200000e+01
      vertex   -7.509412e+01 -5.106305e+00 1.100000e+01
    endloop
  endfacet
  facet normal 9.697969e-01 -2.439137e-01 0.000000e+00
    outer loop
      vertex   -7.509412e+01 -5.106305e+00 1.100000e+01
      vertex   -7.503405e+01 -4.867499e+00 1.200000e+01
      vertex   -7.509412e+01 -5.106305e+00 1.200000e+01
    endloop
  endfacet
  facet normal 9.324722e-01 -3.612417e-01 0.000000e+00
    outer loop
      vertex   -7.509412e+01 -5.106305e+00 1.100000e+01
      vertex   -7.509412e+01 -5.106305e+00 1.200000e+01
      vertex   -7.518307e+01 -5.335921e+00 1.100000e+01
    endloop
  endfacet
  facet normal 9.324722e-01 -3.612417e-01 0.000000e+00
    outer loop
      vertex   -7.518307e+01 -5.335921e+00 1.100000e+01
      vertex   -7.509412e+01 -5.106305e+00 1.200000e+01
      vertex   -7.518307e+01 -5.335921e+00 1.200000e+01
    endloop
  endfacet
  facet normal 8.810122e-01 -4.730936e-01 0.000000e+00
    outer loop
      vertex   -7.518307e+01 -5.335921e+00 1.100000e+01
      vertex   -7.518307e+01 -5.335921e+00 1.200000e+01
      vertex   -7.529957e+01 -5.552864e+00 1.100000e+01
    endloop
  endfacet
  facet normal 8.810122e-01 -4.730936e-01 0.000000e+00
    outer loop
      vertex   -7.529957e+01 -5.552864e+00 1.100000e+01
      vertex   -7.518307e+01 -5.335921e+00 1.200000e+01
      vertex   -7.529957e+01 -5.552864e+00 1.200000e+01
    endloop
  endfacet
  facet normal 8.161969e-01 -5.777738e-01 0.000000e+00
    outer loop
      vertex   -7.529957e+01 -5.552864e+00 1.100000e+01
      vertex   -7.529957e+01 -5.552864e+00 1.200000e+01
      vertex   -7.544184e+01 -5.753848e+00 1.100000e+01
    endloop
  endfacet
  facet normal 8.161969e-01 -5.777738e-01 0.000000e+00
    outer loop
      vertex   -7.544184e+01 -5.753848e+00 1.100000e+01
      vertex   -7.529957e+01 -5.552864e+00 1.200000e+01
      vertex   -7.544184e+01 -5.753848e+00 1.200000e+01
    endloop
  endfacet
  facet normal 7.390089e-01 -6.736956e-01 0.000000e+00
    outer loop
      vertex   -7.544184e+01 -5.753848e+00 1.100000e+01
      vertex   -7.544184e+01 -5.753848e+00 1.200000e+01
      vertex   -7.560773e+01 -5.935824e+00 1.100000e+01
    endloop
  endfacet
  facet normal 7.390089e-01 -6.736956e-01 0.000000e+00
    outer loop
      vertex   -7.560773e+01 -5.935824e+00 1.100000e+01
      vertex   -7.544184e+01 -5.753848e+00 1.200000e+01
      vertex   -7.560773e+01 -5.935824e+00 1.200000e+01
    endloop
  endfacet
  facet normal 6.506183e-01 -7.594049e-01 0.000000e+00
    outer loop
      vertex   -7.560773e+01 -5.935824e+00 1.100000e+01
      vertex   -7.560773e+01 -5.935824e+00 1.200000e+01
      vertex   -7.579473e+01 -6.096034e+00 1.100000e+01
    endloop
  endfacet
  facet normal 6.506183e-01 -7.594049e-01 0.000000e+00
    outer loop
      vertex   -7.579473e+01 -6.096034e+00 1.100000e+01
      vertex   -7.560773e+01 -5.935824e+00 1.200000e+01
      vertex   -7.579473e+01 -6.096034e+00 1.200000e+01
    endloop
  endfacet
  facet normal 5.523650e-01 -8.336024e-01 0.000000e+00
    outer loop
      vertex   -7.579473e+01 -6.096034e+00 1.100000e+01
      vertex   -7.579473e+01 -6.096034e+00 1.200000e+01
      vertex   -7.600000e+01 -6.232051e+00 1.100000e+01
    endloop
  endfacet
  facet normal 5.523650e-01 -8.336024e-01 0.000000e+00
    outer loop
      vertex   -7.600000e+01 -6.232051e+00 1.100000e+01
      vertex   -7.579473e+01 -6.096034e+00 1.200000e+01
      vertex   -7.600000e+01 -6.232051e+00 1.200000e+01
    endloop
  endfacet
  facet normal 4.457384e-01 -8.951633e-01 0.000000e+00
    outer loop
      vertex   -7.600000e+01 -6.232051e+00 1.100000e+01
      vertex   -7.600000e+01 -6.232051e+00 1.200000e+01
      vertex   -7.622043e+01 -6.341811e+00 1.100000e+01
    endloop
  endfacet
  facet normal 4.457384e-01 -8.951633e-01 0.000000e+00
    outer loop
      vertex   -7.622043e+01 -6.341811e+00 1.100000e+01
      vertex   -7.600000e+01 -6.232051e+00 1.200000e+01
      vertex   -7.622043e+01 -6.341811e+00 1.200000e+01
    endloop
  endfacet
  facet normal 3.323548e-01 -9.431544e-01 0.000000e+00
    outer loop
      vertex   -7.622043e+01 -6.341811e+00 1.100000e+01
      vertex   -7.622043e+01 -6.341811e+00 1.200000e+01
      vertex   -7.645267e+01 -6.423651e+00 1.100000e+01
    endloop
  endfacet
  facet normal 3.323548e-01 -9.431544e-01 0.000000e+00
    outer loop
      vertex   -7.645267e+01 -6.423651e+00 1.100000e+01
      vertex   -7.622043e+01 -6.341811e+00 1.200000e+01
      vertex   -7.645267e+01 -6.423651e+00 1.200000e+01
    endloop
  endfacet
  facet normal 2.139331e-01 -9.768483e-01 0.000000e+00
    outer loop
      vertex   -7.645267e+01 -6.423651e+00 1.100000e+01
      vertex   -7.645267e+01 -6.423651e+00 1.200000e+01
      vertex   -7.669322e+01 -6.476331e+00 1.100000e+01
    endloop
  endfacet
  facet normal 2.139331e-01 -9.768483e-01 0.000000e+00
    outer loop
      vertex   -7.669322e+01 -6.476331e+00 1.100000e+01
      vertex   -7.645267e+01 -6.423651e+00 1.200000e+01
      vertex   -7.669322e+01 -6.476331e+00 1.200000e+01
    endloop
  endfacet
  facet normal 9.226836e-02 -9.957342e-01 0.000000e+00
    outer loop
      vertex   -7.669322e+01 -6.476331e+00 1.100000e+01
      vertex   -7.669322e+01 -6.476331e+00 1.200000e+01
      vertex   -7.693841e+01 -6.499051e+00 1.100000e+01
    endloop
  endfacet
  facet normal 9.226836e-02 -9.957342e-01 0.000000e+00
    outer loop
      vertex   -7.693841e+01 -6.499051e+00 1.100000e+01
      vertex   -7.669322e+01 -6.476331e+00 1.200000e+01
      vertex   -7.693841e+01 -6.499051e+00 1.200000e+01
    endloop
  endfacet
  facet normal -3.079506e-02 -9.995257e-01 0.000000e+00
    outer loop
      vertex   -7.693841e+01 -6.499051e+00 1.100000e+01
      vertex   -7.693841e+01 -6.499051e+00 1.200000e+01
      vertex   -7.718454e+01 -6.491468e+00 1.100000e+01
    endloop
  endfacet
  facet normal -3.079506e-02 -9.995257e-01 0.000000e+00
    outer loop
      vertex   -7.718454e+01 -6.491468e+00 1.100000e+01
      vertex   -7.693841e+01 -6.499051e+00 1.200000e+01
      vertex   -7.718454e+01 -6.491468e+00 1.200000e+01
    endloop
  endfacet
  facet normal -1.533917e-01 -9.881655e-01 0.000000e+00
    outer loop
      vertex   -7.718454e+01 -6.491468e+00 1.100000e+01
      vertex   -7.718454e+01 -6.491468e+00 1.200000e+01
      vertex   -7.742787e+01 -6.453697e+00 1.100000e+01
    endloop
  endfacet
  facet normal -1.533917e-01 -9.881655e-01 0.000000e+00
    outer loop
      vertex   -7.742787e+01 -6.453697e+00 1.100000e+01
      vertex   -7.718454e+01 -6.491468e+00 1.200000e+01
      vertex   -7.742787e+01 -6.453697e+00 1.200000e+01
    endloop
  endfacet
  facet normal -2.736630e-01 -9.618256e-01 0.000000e+00
    outer loop
      vertex   -7.742787e+01 -6.453697e+00 1.100000e+01
      vertex   -7.742787e+01 -6.453697e+00 1.200000e+01
      vertex   -7.766471e+01 -6.386309e+00 1.100000e+01
    endloop
  endfacet
  facet normal -2.736630e-01 -9.618256e-01 0.000000e+00
    outer loop
      vertex   -7.766471e+01 -6.386309e+00 1.100000e+01
      vertex   -7.742787e+01 -6.453697e+00 1.200000e+01
      vertex   -7.766471e+01 -6.386309e+00 1.200000e+01
    endloop
  endfacet
  facet normal -3.897859e-01 -9.209055e-01 0.000000e+00
    outer loop
      vertex   -7.766471e+01 -6.386309e+00 1.100000e+01
      vertex   -7.766471e+01 -6.386309e+00 1.200000e+01
      vertex   -7.789148e+01 -6.290327e+00 1.100000e+01
    endloop
  endfacet
  facet normal -3.897859e-01 -9.209055e-01 0.000000e+00
    outer loop
      vertex   -7.789148e+01 -6.290327e+00 1.100000e+01
      vertex   -7.766471e+01 -6.386309e+00 1.200000e+01
      vertex   -7.789148e+01 -6.290327e+00 1.200000e+01
    endloop
  endfacet
  facet normal -5.000000e-01 -8.660254e-01 0.000000e+00
    outer loop
      vertex   -7.789148e+01 -6.290327e+00 1.100000e+01
      vertex   -7.789148e+01 -6.290327e+00 1.200000e+01
      vertex   -7.810473e+01 -6.167205e+00 1.100000e+01
    endloop
  endfacet
  facet normal -5.000000e-01 -8.660254e-01 0.000000e+00
    outer loop
      vertex   -7.810473e+01 -6.167205e+00 1.100000e+01
      vertex   -7.789148e+01 -6.290327e+00 1.200000e+01
      vertex   -7.810473e+01 -6.167205e+00 1.200000e+01
    endloop
  endfacet
  facet normal -6.026346e-01 -7.980172e-01 0.000000e+00
    outer loop
      vertex   -7.810473e+01 -6.167205e+00 1.100000e+01
      vertex   -7.810473e+01 -6.167205e+00 1.200000e+01
      vertex   -7.830124e+01 -6.018810e+00 1.100000e+01
    endloop
  endfacet
  facet normal -6.026346e-01 -7.980172e-01 0.000000e+00
    outer loop
      vertex   -7.830124e+01 -6.018810e+00 1.100000e+01
      vertex   -7.810473e+01 -6.167205e+00 1.200000e+01
      vertex   -7.830124e+01 -6.018810e+00 1.200000e+01
    endloop
  endfacet
  facet normal -6.961339e-01 -7.179119e-01 0.000000e+00
    outer loop
      vertex   -7.830124e+01 -6.018810e+00 1.100000e+01
      vertex   -7.830124e+01 -6.018810e+00 1.200000e+01
      vertex   -7.847802e+01 -5.847391e+00 1.100000e+01
    endloop
  endfacet
  facet normal -6.961339e-01 -7.179119e-01 0.000000e+00
    outer loop
      vertex   -7.847802e+01 -5.847391e+00 1.100000e+01
      vertex   -7.830124e+01 -6.018810e+00 1.200000e+01
      vertex   -7.847802e+01 -5.847391e+00 1.200000e+01
    endloop
  endfacet
  facet normal -7.790806e-01 -6.269238e-01 0.000000e+00
    outer loop
      vertex   -7.847802e+01 -5.847391e+00 1.100000e+01
      vertex   -7.847802e+01 -5.847391e+00 1.200000e+01
      vertex   -7.863239e+01 -5.655548e+00 1.100000e+01
    endloop
  endfacet
  facet normal -7.790806e-01 -6.269238e-01 0.000000e+00
    outer loop
      vertex   -7.863239e+01 -5.655548e+00 1.100000e+01
      vertex   -7.847802e+01 -5.847391e+00 1.200000e+01
      vertex   -7.863239e+01 -5.655548e+00 1.200000e+01
    endloop
  endfacet
  facet normal -8.502171e-01 -5.264322e-01 0.000000e+00
    outer loop
      vertex   -7.863239e+01 -5.655548e+00 1.100000e+01
      vertex   -7.863239e+01 -5.655548e+00 1.200000e+01
      vertex   -7.876202e+01 -5.446187e+00 1.100000e+01
    endloop
  endfacet
  facet normal -8.502171e-01 -5.264322e-01 0.000000e+00
    outer loop
      vertex   -7.876202e+01 -5.446187e+00 1.100000e+01
      vertex   -7.863239e+01 -5.655548e+00 1.200000e+01
      vertex   -7.876202e+01 -5.446187e+00 1.200000e+01
    endloop
  endfacet
  facet normal -9.084653e-01 -4.179603e-01 0.000000e+00
    outer loop
      vertex   -7.876202e+01 -5.446187e+00 1.100000e+01
      vertex   -7.876202e+01 -5.446187e+00 1.200000e+01
      vertex   -7.886494e+01 -5.222483e+00 1.100000e+01
    endloop
  endfacet
  facet normal -9.084653e-01 -4.179603e-01 0.000000e+00
    outer loop
      vertex   -7.886494e+01 -5.222483e+00 1.100000e+01
      vertex   -7.876202e+01 -5.446187e+00 1.200000e+01
      vertex   -7.886494e+01 -5.222483e+00 1.200000e+01
    endloop
  endfacet
  facet normal -9.529420e-01 -3.031527e-01 0.000000e+00
    outer loop
      vertex   -7.886494e+01 -5.222483e+00 1.100000e+01
      vertex   -7.886494e+01 -5.222483e+00 1.200000e+01
      vertex   -7.893959e+01 -4.987827e+00 1.100000e+01
    endloop
  endfacet
  facet normal -9.529420e-01 -3.031527e-01 0.000000e+00
    outer loop
      vertex   -7.893959e+01 -4.987827e+00 1.100000e+01
      vertex   -7.886494e+01 -5.222483e+00 1.200000e+01
      vertex   -7.893959e+01 -4.987827e+00 1.200000e+01
    endloop
  endfacet
  facet normal -9.829731e-01 -1.837495e-01 0.000000e+00
    outer loop
      vertex   -7.893959e+01 -4.987827e+00 1.100000e+01
      vertex   -7.893959e+01 -4.987827e+00 1.200000e+01
      vertex   -7.898484e+01 -4.745777e+00 1.100000e+01
    endloop
  endfacet
  facet normal -9.829731e-01 -1.837495e-01 0.000000e+00
    outer loop
      vertex   -7.898484e+01 -4.745777e+00 1.100000e+01
      vertex   -7.893959e+01 -4.987827e+00 1.200000e+01
      vertex   -7.898484e+01 -4.745777e+00 1.200000e+01
    endloop
  endfacet
  facet normal 0.000000e+00 -0.000000e+00 1.000000e+00
    outer loop
      vertex   -7.848473e+01 -4.713472e+00 1.250000e+01
      vertex   -7.551527e+01 -4.713472e+00 1.250000e+01
      vertex   -7.850000e+01 -4.500000e+00 1.250000e+01
    endloop
  endfacet
  facet normal -0.000000e+00 0.000000e+00 1.000000e+00
    outer loop
      vertex   -7.850000e+01 -4.500000e+00 1.250000e+01
      vertex   -7.551527e+01 -4.713472e+00 1.250000e+01
      vertex   -7.550000e+01 -4.500000e+00 1.250000e+01
    endloop
  endfacet
  facet normal 0.000000e+00 0.000000e+00 1.000000e+00
    outer loop
      vertex   -7.850000e+01 -4.500000e+00 1.250000e+01
      vertex   -7.550000e+01 -4.500000e+00 1.250000e+01
      vertex   -7.848473e+01 -4.286528e+00 1.250000e+01
    endloop
  endfacet
  facet normal -0.000000e+00 0.000000e+00 1.000000e+00
    outer loop
      vertex   -7.848473e+01 -4.286528e+00 1.250000e+01
      vertex   -7.550000e+01 -4.500000e+00 1.250000e+01
      vertex   -7.551527e+01 -4.286528e+00 1.250000e+01
    endloop
  endfacet
  facet normal 0.000000e+00 0.000000e+00 1.000000e+00
    outer loop
      vertex   -7.848473e+01 -4.286528e+00 1.250000e+01
      vertex   -7.551527e+01 -4.286528e+00 1.250000e+01
      vertex   -7.843924e+01 -4.077401e+00 1.250000e+01
    endloop
  endfacet
  facet normal 0.000000e+00 0.000000e+00 1.000000e+00
    outer loop
      vertex   -7.843924e+01 -4.077401e+00 1.250000e+01
      vertex   -7.551527e+01 -4.286528e+00 1.250000e+01
      vertex   -7.556076e+01 -4.077401e+00 1.250000e+01
    endloop
  endfacet
  facet normal -0.000000e+00 0.000000e+00 1.000000e+00
    outer loop
      vertex   -7.843924e+01 -4.077401e+00 1.250000e+01
      vertex   -7.556076e+01 -4.077401e+00 1.250000e+01
      vertex   -7.836445e+01 -3.876877e+00 1.250000e+01
    endloop
  endfacet
  facet normal -0.000000e+00 0.000000e+00 1.000000e+00
    outer loop
      vertex   -7.836445e+01 -3.876877e+00 1.250000e+01
      vertex   -7.556076e+01 -4.077401e+00 1.250000e+01
      vertex   -7.563555e+01 -3.876877e+00 1.250000e+01
    endloop
  endfacet
  facet normal 0.000000e+00 0.000000e+00 1.000000e+00
    outer loop
      vertex   -7.836445e+01 -3.876877e+00 1.250000e+01
      vertex   -7.563555e+01 -3.876877e+00 1.250000e+01
      vertex   -7.826188e+01 -3.689039e+00 1.250000e+01
    endloop
  endfacet
  facet normal -0.000000e+00 0.000000e+00 1.000000e+00
    outer loop
      vertex   -7.826188e+01 -3.689039e+00 1.250000e+01
      vertex   -7.563555e+01 -3.876877e+00 1.250000e+01
      vertex   -7.573812e+01 -3.689039e+00 1.250000e+01
    endloop
  endfacet
  facet normal 0.000000e+00 0.000000e+00 1.000000e+00
    outer loop
      vertex   -7.826188e+01 -3.689039e+00 1.250000e+01
      vertex   -7.573812e+01 -3.689039e+00 1.250000e+01
      vertex   -7.813362e+01 -3.517709e+00 1.250000e+01
    endloop
  endfacet
  facet normal -0.000000e+00 0.000000e+00 1.000000e+00
    outer loop
      vertex   -7.813362e+01 -3.517709e+00 1.250000e+01
      vertex   -7.573812e+01 -3.689039e+00 1.250000e+01
      vertex   -7.586638e+01 -3.517709e+00 1.250000e+01
    endloop
  endfacet
  facet normal 0.000000e+00 0.000000e+00 1.000000e+00
    outer loop
      vertex   -7.813362e+01 -3.517709e+00 1.250000e+01
      vertex   -7.586638e+01 -3.517709e+00 1.250000e+01
      vertex   -7.798229e+01 -3.366376e+00 1.250000e+01
    endloop
  endfacet
  facet normal -0.000000e+00 0.000000e+00 1.000000e+00
    outer loop
      vertex   -7.798229e+01 -3.366376e+00 1.250000e+01
      vertex   -7.586638e+01 -3.517709e+00 1.250000e+01
      vertex   -7.601771e+01 -3.366376e+00 1.250000e+01
    endloop
  endfacet
  facet normal 0.000000e+00 0.000000e+00 1.000000e+00
    outer loop
      vertex   -7.798229e+01 -3.366376e+00 1.250000e+01
      vertex   -7.601771e+01 -3.366376e+00 1.250000e+01
      vertex   -7.781096e+01 -3.238120e+00 1.250000e+01
    endloop
  endfacet
  facet normal -0.000000e+00 0.000000e+00 1.000000e+00
    outer loop
      vertex   -7.781096e+01 -3.238120e+00 1.250000e+01
      vertex   -7.601771e+01 -3.366376e+00 1.250000e+01
      vertex   -7.618904e+01 -3.238120e+00 1.250000e+01
    endloop
  endfacet
  facet normal 0.000000e+00 0.000000e+00 1.000000e+00
    outer loop
      vertex   -7.781096e+01 -3.238120e+00 1.250000e+01
      vertex   -7.618904e+01 -3.238120e+00 1.250000e+01
      vertex   -7.762312e+01 -3.135552e+00 1.250000e+01
    endloop
  endfacet
  facet normal -0.000000e+00 0.000000e+00 1.000000e+00
    outer loop
      vertex   -7.762312e+01 -3.135552e+00 1.250000e+01
      vertex   -7.618904e+01 -3.238120e+00 1.250000e+01
      vertex   -7.637688e+01 -3.135552e+00 1.250000e+01
    endloop
  endfacet
  facet normal 0.000000e+00 0.000000e+00 1.000000e+00
    outer loop
      vertex   -7.762312e+01 -3.135552e+00 1.250000e+01
      vertex   -7.637688e+01 -3.135552e+00 1.250000e+01
      vertex   -7.742260e+01 -3.060761e+00 1.250000e+01
    endloop
  endfacet
  facet normal -0.000000e+00 0.000000e+00 1.000000e+00
    outer loop
      vertex   -7.742260e+01 -3.060761e+00 1.250000e+01
      vertex   -7.637688e+01 -3.135552e+00 1.250000e+01
      vertex   -7.657740e+01 -3.060761e+00 1.250000e+01
    endloop
  endfacet
  facet normal 0.000000e+00 0.000000e+00 1.000000e+00
    outer loop
      vertex   -7.742260e+01 -3.060761e+00 1.250000e+01
      vertex   -7.657740e+01 -3.060761e+00 1.250000e+01
      vertex   -7.721347e+01 -3.015268e+00 1.250000e+01
    endloop
  endfacet
  facet normal 0.000000e+00 0.000000e+00 1.000000e+00
    outer loop
      vertex   -7.721347e+01 -3.015268e+00 1.250000e+01
      vertex   -7.657740e+01 -3.060761e+00 1.250000e+01
      vertex   -7.678653e+01 -3.015268e+00 1.250000e+01
    endloop
  endfacet
  facet normal -0.000000e+00 0.000000e+00 1.000000e+00
    outer loop
      vertex   -7.721347e+01 -3.015268e+00 1.250000e+01
      vertex   -7.678653e+01 -3.015268e+00 1.250000e+01
      vertex   -7.700000e+01 -3.000000e+00 1.250000e+01
    endloop
  endfacet
  facet normal 0.000000e+00 0.000000e+00 1.000000e+00
    outer loop
      vertex   -7.551527e+01 -4.713472e+00 1.250000e+01
      vertex   -7.848473e+01 -4.713472e+00 1.250000e+01
      vertex   -7.556076e+01 -4.922599e+00 1.250000e+01
    endloop
  endfacet
  facet normal 0.000000e+00 0.000000e+00 1.000000e+00
    outer loop
      vertex   -7.556076e+01 -4.922599e+00 1.250000e+01
      vertex   -7.848473e+01 -4.713472e+00 1.250000e+01
      vertex   -7.843924e+01 -4.922599e+00 1.250000e+01
    endloop
  endfacet
  facet normal 0.000000e+00 0.000000e+00 1.000000e+00
    outer loop
      vertex   -7.556076e+01 -4.922599e+00 1.250000e+01
      vertex   -7.843924e+01 -4.922599e+00 1.250000e+01
      vertex   -7.563555e+01 -5.123123e+00 1.250000e+01
    endloop
  endfacet
  facet normal 0.000000e+00 0.000000e+00 1.000000e+00
    outer loop
      vertex   -7.563555e+01 -5.123123e+00 1.250000e+01
      vertex   -7.843924e+01 -4.922599e+00 1.250000e+01
      vertex   -7.836445e+01 -5.123123e+00 1.250000e+01
    endloop
  endfacet
  facet normal 0.000000e+00 0.000000e+00 1.000000e+00
    outer loop
      vertex   -7.563555e+01 -5.123123e+00 1.250000e+01
      vertex   -7.836445e+01 -5.123123e+00 1.250000e+01
      vertex   -7.573812e+01 -5.310961e+00 1.250000e+01
    endloop
  endfacet
  facet normal 0.000000e+00 0.000000e+00 1.000000e+00
    outer loop
      vertex   -7.573812e+01 -5.310961e+00 1.250000e+01
      vertex   -7.836445e+01 -5.123123e+00 1.250000e+01
      vertex   -7.826188e+01 -5.310961e+00 1.250000e+01
    endloop
  endfacet
  facet normal 0.000000e+00 0.000000e+00 1.000000e+00
    outer loop
      vertex   -7.573812e+01 -5.310961e+00 1.250000e+01
      vertex   -7.826188e+01 -5.310961e+00 1.250000e+01
      vertex   -7.586638e+01 -5.482291e+00 1.250000e+01
    endloop
  endfacet
  facet normal 0.000000e+00 0.000000e+00 1.000000e+00
    outer loop
      vertex   -7.586638e+01 -5.482291e+00 1.250000e+01
      vertex   -7.826188e+01 -5.310961e+00 1.250000e+01
      vertex   -7.813362e+01 -5.482291e+00 1.250000e+01
    endloop
  endfacet
  facet normal 0.000000e+00 0.000000e+00 1.000000e+00
    outer loop
      vertex   -7.586638e+01 -5.482291e+00 1.250000e+01
      vertex   -7.813362e+01 -5.482291e+00 1.250000e+01
      vertex   -7.601771e+01 -5.633624e+00 1.250000e+01
    endloop
  endfacet
  facet normal 0.000000e+00 0.000000e+00 1.000000e+00
    outer loop
      vertex   -7.601771e+01 -5.633624e+00 1.250000e+01
      vertex   -7.813362e+01 -5.482291e+00 1.250000e+01
      vertex   -7.798229e+01 -5.633624e+00 1.250000e+01
    endloop
  endfacet
  facet normal 0.000000e+00 0.000000e+00 1.000000e+00
    outer loop
      vertex   -7.601771e+01 -5.633624e+00 1.250000e+01
      vertex   -7.798229e+01 -5.633624e+00 1.250000e+01
      vertex   -7.618904e+01 -5.761880e+00 1.250000e+01
    endloop
  endfacet
  facet normal 0.000000e+00 0.000000e+00 1.000000e+00
    outer loop
      vertex   -7.618904e+01 -5.761880e+00 1.250000e+01
      vertex   -7.798229e+01 -5.633624e+00 1.250000e+01
      vertex   -7.781096e+01 -5.761880e+00 1.250000e+01
    endloop
  endfacet
  facet normal 0.000000e+00 0.000000e+00 1.000000e+00
    outer loop
      vertex   -7.618904e+01 -5.761880e+00 1.250000e+01
      vertex   -7.781096e+01 -5.761880e+00 1.250000e+01
      vertex   -7.637688e+01 -5.864448e+00 1.250000e+01
    endloop
  endfacet
  facet normal 0.000000e+00 0.000000e+00 1.000000e+00
    outer loop
      vertex   -7.637688e+01 -5.864448e+00 1.250000e+01
      vertex   -7.781096e+01 -5.761880e+00 1.250000e+01
      vertex   -7.762312e+01 -5.864448e+00 1.250000e+01
    endloop
  endfacet
  facet normal 0.000000e+00 0.000000e+00 1.000000e+00
    outer loop
      vertex   -7.637688e+01 -5.864448e+00 1.250000e+01
      vertex   -7.762312e+01 -5.864448e+00 1.250000e+01
      vertex   -7.657740e+01 -5.939239e+00 1.250000e+01
    endloop
  endfacet
  facet normal 0.000000e+00 0.000000e+00 1.000000e+00
    outer loop
      vertex   -7.657740e+01 -5.939239e+00 1.250000e+01
      vertex   -7.762312e+01 -5.864448e+00 1.250000e+01
      vertex   -7.742260e+01 -5.939239e+00 1.250000e+01
    endloop
  endfacet
  facet normal 0.000000e+00 0.000000e+00 1.000000e+00
    outer loop
      vertex   -7.657740e+01 -5.939239e+00 1.250000e+01
      vertex   -7.742260e+01 -5.939239e+00 1.250000e+01
      vertex   -7.678653e+01 -5.984732e+00 1.250000e+01
    endloop
  endfacet
  facet normal 0.000000e+00 0.000000e+00 1.000000e+00
    outer loop
      vertex   -7.678653e+01 -5.984732e+00 1.250000e+01
      vertex   -7.742260e+01 -5.939239e+00 1.250000e+01
      vertex   -7.721347e+01 -5.984732e+00 1.250000e+01
    endloop
  endfacet
  facet normal 0.000000e+00 0.000000e+00 1.000000e+00
    outer loop
      vertex   -7.678653e+01 -5.984732e+00 1.250000e+01
      vertex   -7.721347e+01 -5.984732e+00 1.250000e+01
      vertex   -7.700000e+01 -6.000000e+00 1.250000e+01
    endloop
  endfacet
  facet normal 0.000000e+00 0.000000e+00 -1.000000e+00
    outer loop
      vertex   -7.898484e+01 -4.745777e+00 1.100000e+01
      vertex   -7.900000e+01 -4.500000e+00 1.100000e+01
      vertex   -7.790000e+01 -4.500000e+00 1.100000e+01
    endloop
  endfacet
  facet normal 0.000000e+00 0.000000e+00 -1.000000e+00
    outer loop
      vertex   -7.790000e+01 -4.500000e+00 1.100000e+01
      vertex   -7.900000e+01 -4.500000e+00 1.100000e+01
      vertex   -7.898484e+01 -4.254223e+00 1.100000e+01
    endloop
  endfacet
  facet normal 0.000000e+00 0.000000e+00 -1.000000e+00
    outer loop
      vertex   -7.790000e+01 -4.500000e+00 1.100000e+01
      vertex   -7.898484e+01 -4.254223e+00 1.100000e+01
      vertex   -7.788554e+01 -4.339299e+00 1.100000e+01
    endloop
  endfacet
  facet normal 0.000000e+00 0.000000e+00 -1.000000e+00
    outer loop
      vertex   -7.788554e+01 -4.339299e+00 1.100000e+01
      vertex   -7.898484e+01 -4.254223e+00 1.100000e+01
      vertex   -7.893959e+01 -4.012173e+00 1.100000e+01
    endloop
  endfacet
  facet normal 0.000000e+00 0.000000e+00 -1.000000e+00
    outer loop
      vertex   -7.788554e+01 -4.339299e+00 1.100000e+01
      vertex   -7.893959e+01 -4.012173e+00 1.100000e+01
      vertex   -7.784261e+01 -4.183763e+00 1.100000e+01
    endloop
  endfacet
  facet normal 0.000000e+00 0.000000e+00 -1.000000e+00
    outer loop
      vertex   -7.784261e+01 -4.183763e+00 1.100000e+01
      vertex   -7.893959e+01 -4.012173e+00 1.100000e+01
      vertex   -7.886494e+01 -3.777517e+00 1.100000e+01
    endloop
  endfacet
  facet normal 0.000000e+00 0.000000e+00 -1.000000e+00
    outer loop
      vertex   -7.784261e+01 -4.183763e+00 1.100000e+01
      vertex   -7.886494e+01 -3.777517e+00 1.100000e+01
      vertex   -7.876202e+01 -3.553813e+00 1.100000e+01
    endloop
  endfacet
  facet normal 0.000000e+00 0.000000e+00 -1.000000e+00
    outer loop
      vertex   -7.784261e+01 -4.183763e+00 1.100000e+01
      vertex   -7.876202e+01 -3.553813e+00 1.100000e+01
      vertex   -7.777260e+01 -4.038391e+00 1.100000e+01
    endloop
  endfacet
  facet normal 0.000000e+00 0.000000e+00 -1.000000e+00
    outer loop
      vertex   -7.777260e+01 -4.038391e+00 1.100000e+01
      vertex   -7.876202e+01 -3.553813e+00 1.100000e+01
      vertex   -7.863239e+01 -3.344452e+00 1.100000e+01
    endloop
  endfacet
  facet normal 0.000000e+00 0.000000e+00 -1.000000e+00
    outer loop
      vertex   -7.777260e+01 -4.038391e+00 1.100000e+01
      vertex   -7.863239e+01 -3.344452e+00 1.100000e+01
      vertex   -7.767776e+01 -3.907855e+00 1.100000e+01
    endloop
  endfacet
  facet normal 0.000000e+00 0.000000e+00 -1.000000e+00
    outer loop
      vertex   -7.767776e+01 -3.907855e+00 1.100000e+01
      vertex   -7.863239e+01 -3.344452e+00 1.100000e+01
      vertex   -7.847802e+01 -3.152609e+00 1.100000e+01
    endloop
  endfacet
  facet normal 0.000000e+00 0.000000e+00 -1.000000e+00
    outer loop
      vertex   -7.767776e+01 -3.907855e+00 1.100000e+01
      vertex   -7.847802e+01 -3.152609e+00 1.100000e+01
      vertex   -7.830124e+01 -2.981190e+00 1.100000e+01
    endloop
  endfacet
  facet normal 0.000000e+00 0.000000e+00 -1.000000e+00
    outer loop
      vertex   -7.767776e+01 -3.907855e+00 1.100000e+01
      vertex   -7.830124e+01 -2.981190e+00 1.100000e+01
      vertex   -7.756114e+01 -3.796352e+00 1.100000e+01
    endloop
  endfacet
  facet normal 0.000000e+00 0.000000e+00 -1.000000e+00
    outer loop
      vertex   -7.756114e+01 -3.796352e+00 1.100000e+01
      vertex   -7.830124e+01 -2.981190e+00 1.100000e+01
      vertex   -7.810473e+01 -2.832795e+00 1.100000e+01
    endloop
  endfacet
  facet normal 0.000000e+00 0.000000e+00 -1.000000e+00
    outer loop
      vertex   -7.756114e+01 -3.796352e+00 1.100000e+01
      vertex   -7.810473e+01 -2.832795e+00 1.100000e+01
      vertex   -7.742648e+01 -3.707464e+00 1.100000e+01
    endloop
  endfacet
  facet normal 0.000000e+00 0.000000e+00 -1.000000e+00
    outer loop
      vertex   -7.742648e+01 -3.707464e+00 1.100000e+01
      vertex   -7.810473e+01 -2.832795e+00 1.100000e+01
      vertex   -7.789148e+01 -2.709673e+00 1.100000e+01
    endloop
  endfacet
  facet normal 0.000000e+00 0.000000e+00 -1.000000e+00
    outer loop
      vertex   -7.742648e+01 -3.707464e+00 1.100000e+01
      vertex   -7.789148e+01 -2.709673e+00 1.100000e+01
      vertex   -7.727812e+01 -3.644049e+00 1.100000e+01
    endloop
  endfacet
  facet normal 0.000000e+00 0.000000e+00 -1.000000e+00
    outer loop
      vertex   -7.727812e+01 -3.644049e+00 1.100000e+01
      vertex   -7.789148e+01 -2.709673e+00 1.100000e+01
      vertex   -7.766471e+01 -2.613691e+00 1.100000e+01
    endloop
  endfacet
  facet normal 0.000000e+00 0.000000e+00 -1.000000e+00
    outer loop
      vertex   -7.727812e+01 -3.644049e+00 1.100000e+01
      vertex   -7.766471e+01 -2.613691e+00 1.100000e+01
      vertex   -7.742787e+01 -2.546303e+00 1.100000e+01
    endloop
  endfacet
  facet normal 0.000000e+00 0.000000e+00 -1.000000e+00
    outer loop
      vertex   -7.727812e+01 -3.644049e+00 1.100000e+01
      vertex   -7.742787e+01 -2.546303e+00 1.100000e+01
      vertex   -7.712081e+01 -3.608145e+00 1.100000e+01
    endloop
  endfacet
  facet normal 0.000000e+00 0.000000e+00 -1.000000e+00
    outer loop
      vertex   -7.712081e+01 -3.608145e+00 1.100000e+01
      vertex   -7.742787e+01 -2.546303e+00 1.100000e+01
      vertex   -7.718454e+01 -2.508532e+00 1.100000e+01
    endloop
  endfacet
  facet normal 0.000000e+00 0.000000e+00 -1.000000e+00
    outer loop
      vertex   -7.712081e+01 -3.608145e+00 1.100000e+01
      vertex   -7.718454e+01 -2.508532e+00 1.100000e+01
      vertex   -7.695962e+01 -3.600906e+00 1.100000e+01
    endloop
  endfacet
  facet normal 0.000000e+00 0.000000e+00 -1.000000e+00
    outer loop
      vertex   -7.695962e+01 -3.600906e+00 1.100000e+01
      vertex   -7.718454e+01 -2.508532e+00 1.100000e+01
      vertex   -7.693841e+01 -2.500949e+00 1.100000e+01
    endloop
  endfacet
  facet normal 0.000000e+00 0.000000e+00 -1.000000e+00
    outer loop
      vertex   -7.695962e+01 -3.600906e+00 1.100000e+01
      vertex   -7.693841e+01 -2.500949e+00 1.100000e+01
      vertex   -7.669322e+01 -2.523669e+00 1.100000e+01
    endloop
  endfacet
  facet normal 0.000000e+00 0.000000e+00 -1.000000e+00
    outer loop
      vertex   -7.695962e+01 -3.600906e+00 1.100000e+01
      vertex   -7.669322e+01 -2.523669e+00 1.100000e+01
      vertex   -7.679973e+01 -3.622565e+00 1.100000e+01
    endloop
  endfacet
  facet normal 0.000000e+00 0.000000e+00 -1.000000e+00
    outer loop
      vertex   -7.679973e+01 -3.622565e+00 1.100000e+01
      vertex   -7.669322e+01 -2.523669e+00 1.100000e+01
      vertex   -7.645267e+01 -2.576349e+00 1.100000e+01
    endloop
  endfacet
  facet normal 0.000000e+00 0.000000e+00 -1.000000e+00
    outer loop
      vertex   -7.679973e+01 -3.622565e+00 1.100000e+01
      vertex   -7.645267e+01 -2.576349e+00 1.100000e+01
      vertex   -7.664628e+01 -3.672425e+00 1.100000e+01
    endloop
  endfacet
  facet normal 0.000000e+00 0.000000e+00 -1.000000e+00
    outer loop
      vertex   -7.664628e+01 -3.672425e+00 1.100000e+01
      vertex   -7.645267e+01 -2.576349e+00 1.100000e+01
      vertex   -7.622043e+01 -2.658189e+00 1.100000e+01
    endloop
  endfacet
  facet normal 0.000000e+00 0.000000e+00 -1.000000e+00
    outer loop
      vertex   -7.664628e+01 -3.672425e+00 1.100000e+01
      vertex   -7.622043e+01 -2.658189e+00 1.100000e+01
      vertex   -7.600000e+01 -2.767949e+00 1.100000e+01
    endloop
  endfacet
  facet normal 0.000000e+00 0.000000e+00 -1.000000e+00
    outer loop
      vertex   -7.664628e+01 -3.672425e+00 1.100000e+01
      vertex   -7.600000e+01 -2.767949e+00 1.100000e+01
      vertex   -7.650419e+01 -3.748884e+00 1.100000e+01
    endloop
  endfacet
  facet normal 0.000000e+00 0.000000e+00 -1.000000e+00
    outer loop
      vertex   -7.650419e+01 -3.748884e+00 1.100000e+01
      vertex   -7.600000e+01 -2.767949e+00 1.100000e+01
      vertex   -7.579473e+01 -2.903966e+00 1.100000e+01
    endloop
  endfacet
  facet normal 0.000000e+00 0.000000e+00 -1.000000e+00
    outer loop
      vertex   -7.650419e+01 -3.748884e+00 1.100000e+01
      vertex   -7.579473e+01 -2.903966e+00 1.100000e+01
      vertex   -7.637804e+01 -3.849485e+00 1.100000e+01
    endloop
  endfacet
  facet normal 0.000000e+00 0.000000e+00 -1.000000e+00
    outer loop
      vertex   -7.637804e+01 -3.849485e+00 1.100000e+01
      vertex   -7.579473e+01 -2.903966e+00 1.100000e+01
      vertex   -7.560773e+01 -3.064176e+00 1.100000e+01
    endloop
  endfacet
  facet normal 0.000000e+00 0.000000e+00 -1.000000e+00
    outer loop
      vertex   -7.637804e+01 -3.849485e+00 1.100000e+01
      vertex   -7.560773e+01 -3.064176e+00 1.100000e+01
      vertex   -7.544184e+01 -3.246152e+00 1.100000e+01
    endloop
  endfacet
  facet normal 0.000000e+00 0.000000e+00 -1.000000e+00
    outer loop
      vertex   -7.637804e+01 -3.849485e+00 1.100000e+01
      vertex   -7.544184e+01 -3.246152e+00 1.100000e+01
      vertex   -7.627188e+01 -3.970993e+00 1.100000e+01
    endloop
  endfacet
  facet normal 0.000000e+00 0.000000e+00 -1.000000e+00
    outer loop
      vertex   -7.627188e+01 -3.970993e+00 1.100000e+01
      vertex   -7.544184e+01 -3.246152e+00 1.100000e+01
      vertex   -7.529957e+01 -3.447136e+00 1.100000e+01
    endloop
  endfacet
  facet normal 0.000000e+00 0.000000e+00 -1.000000e+00
    outer loop
      vertex   -7.627188e+01 -3.970993e+00 1.100000e+01
      vertex   -7.529957e+01 -3.447136e+00 1.100000e+01
      vertex   -7.618913e+01 -4.109505e+00 1.100000e+01
    endloop
  endfacet
  facet normal 0.000000e+00 0.000000e+00 -1.000000e+00
    outer loop
      vertex   -7.618913e+01 -4.109505e+00 1.100000e+01
      vertex   -7.529957e+01 -3.447136e+00 1.100000e+01
      vertex   -7.518307e+01 -3.664079e+00 1.100000e+01
    endloop
  endfacet
  facet normal 0.000000e+00 0.000000e+00 -1.000000e+00
    outer loop
      vertex   -7.618913e+01 -4.109505e+00 1.100000e+01
      vertex   -7.518307e+01 -3.664079e+00 1.100000e+01
      vertex   -7.509412e+01 -3.893695e+00 1.100000e+01
    endloop
  endfacet
  facet normal 0.000000e+00 0.000000e+00 -1.000000e+00
    outer loop
      vertex   -7.618913e+01 -4.109505e+00 1.100000e+01
      vertex   -7.509412e+01 -3.893695e+00 1.100000e+01
      vertex   -7.613243e+01 -4.260567e+00 1.100000e+01
    endloop
  endfacet
  facet normal 0.000000e+00 0.000000e+00 -1.000000e+00
    outer loop
      vertex   -7.613243e+01 -4.260567e+00 1.100000e+01
      vertex   -7.509412e+01 -3.893695e+00 1.100000e+01
      vertex   -7.503405e+01 -4.132501e+00 1.100000e+01
    endloop
  endfacet
  facet normal 0.000000e+00 0.000000e+00 -1.000000e+00
    outer loop
      vertex   -7.613243e+01 -4.260567e+00 1.100000e+01
      vertex   -7.503405e+01 -4.132501e+00 1.100000e+01
      vertex   -7.610362e+01 -4.419325e+00 1.100000e+01
    endloop
  endfacet
  facet normal 0.000000e+00 0.000000e+00 -1.000000e+00
    outer loop
      vertex   -7.610362e+01 -4.419325e+00 1.100000e+01
      vertex   -7.503405e+01 -4.132501e+00 1.100000e+01
      vertex   -7.500379e+01 -4.376878e+00 1.100000e+01
    endloop
  endfacet
  facet normal 0.000000e+00 0.000000e+00 -1.000000e+00
    outer loop
      vertex   -7.610362e+01 -4.419325e+00 1.100000e+01
      vertex   -7.500379e+01 -4.376878e+00 1.100000e+01
      vertex   -7.500379e+01 -4.623122e+00 1.100000e+01
    endloop
  endfacet
  facet normal 0.000000e+00 0.000000e+00 -1.000000e+00
    outer loop
      vertex   -7.610362e+01 -4.419325e+00 1.100000e+01
      vertex   -7.500379e+01 -4.623122e+00 1.100000e+01
      vertex   -7.610362e+01 -4.580675e+00 1.100000e+01
    endloop
  endfacet
  facet normal 0.000000e+00 0.000000e+00 -1.000000e+00
    outer loop
      vertex   -7.610362e+01 -4.580675e+00 1.100000e+01
      vertex   -7.500379e+01 -4.623122e+00 1.100000e+01
      vertex   -7.503405e+01 -4.867499e+00 1.100000e+01
    endloop
  endfacet
  facet normal 0.000000e+00 -0.000000e+00 -1.000000e+00
    outer loop
      vertex   -7.610362e+01 -4.580675e+00 1.100000e+01
      vertex   -7.503405e+01 -4.867499e+00 1.100000e+01
      vertex   -7.613243e+01 -4.739433e+00 1.100000e+01
    endloop
  endfacet
  facet normal 0.000000e+00 0.000000e+00 -1.000000e+00
    outer loop
      vertex   -7.613243e+01 -4.739433e+00 1.100000e+01
      vertex   -7.503405e+01 -4.867499e+00 1.100000e+01
      vertex   -7.509412e+01 -5.106305e+00 1.100000e+01
    endloop
  endfacet
  facet normal 0.000000e+00 -0.000000e+00 -1.000000e+00
    outer loop
      vertex   -7.613243e+01 -4.739433e+00 1.100000e+01
      vertex   -7.509412e+01 -5.106305e+00 1.100000e+01
      vertex   -7.618913e+01 -4.890495e+00 1.100000e+01
    endloop
  endfacet
  facet normal 0.000000e+00 0.000000e+00 -1.000000e+00
    outer loop
      vertex   -7.618913e+01 -4.890495e+00 1.100000e+01
      vertex   -7.509412e+01 -5.106305e+00 1.100000e+01
      vertex   -7.518307e+01 -5.335921e+00 1.100000e+01
    endloop
  endfacet
  facet normal 0.000000e+00 0.000000e+00 -1.000000e+00
    outer loop
      vertex   -7.618913e+01 -4.890495e+00 1.100000e+01
      vertex   -7.518307e+01 -5.335921e+00 1.100000e+01
      vertex   -7.529957e+01 -5.552864e+00 1.100000e+01
    endloop
  endfacet
  facet normal 0.000000e+00 -0.000000e+00 -1.000000e+00
    outer loop
      vertex   -7.618913e+01 -4.890495e+00 1.100000e+01
      vertex   -7.529957e+01 -5.552864e+00 1.100000e+01
      vertex   -7.627188e+01 -5.029007e+00 1.100000e+01
    endloop
  endfacet
  facet normal 0.000000e+00 0.000000e+00 -1.000000e+00
    outer loop
      vertex   -7.627188e+01 -5.029007e+00 1.100000e+01
      vertex   -7.529957e+01 -5.552864e+00 1.100000e+01
      vertex   -7.544184e+01 -5.753848e+00 1.100000e+01
    endloop
  endfacet
  facet normal 0.000000e+00 -0.000000e+00 -1.000000e+00
    outer loop
      vertex   -7.627188e+01 -5.029007e+00 1.100000e+01
      vertex   -7.544184e+01 -5.753848e+00 1.100000e+01
      vertex   -7.637804e+01 -5.150515e+00 1.100000e+01
    endloop
  endfacet
  facet normal 0.000000e+00 0.000000e+00 -1.000000e+00
    outer loop
      vertex   -7.637804e+01 -5.150515e+00 1.100000e+01
      vertex   -7.544184e+01 -5.753848e+00 1.100000e+01
      vertex   -7.560773e+01 -5.935824e+00 1.100000e+01
    endloop
  endfacet
  facet normal 0.000000e+00 0.000000e+00 -1.000000e+00
    outer loop
      vertex   -7.637804e+01 -5.150515e+00 1.100000e+01
      vertex   -7.560773e+01 -5.935824e+00 1.100000e+01
      vertex   -7.579473e+01 -6.096034e+00 1.100000e+01
    endloop
  endfacet
  facet normal 0.000000e+00 -0.000000e+00 -1.000000e+00
    outer loop
      vertex   -7.637804e+01 -5.150515e+00 1.100000e+01
      vertex   -7.579473e+01 -6.096034e+00 1.100000e+01
      vertex   -7.650419e+01 -5.251116e+00 1.100000e+01
    endloop
  endfacet
  facet normal 0.000000e+00 0.000000e+00 -1.000000e+00
    outer loop
      vertex   -7.650419e+01 -5.251116e+00 1.100000e+01
      vertex   -7.579473e+01 -6.096034e+00 1.100000e+01
      vertex   -7.600000e+01 -6.232051e+00 1.100000e+01
    endloop
  endfacet
  facet normal 0.000000e+00 -0.000000e+00 -1.000000e+00
    outer loop
      vertex   -7.650419e+01 -5.251116e+00 1.100000e+01
      vertex   -7.600000e+01 -6.232051e+00 1.100000e+01
      vertex   -7.664628e+01 -5.327575e+00 1.100000e+01
    endloop
  endfacet
  facet normal 0.000000e+00 0.000000e+00 -1.000000e+00
    outer loop
      vertex   -7.664628e+01 -5.327575e+00 1.100000e+01
      vertex   -7.600000e+01 -6.232051e+00 1.100000e+01
      vertex   -7.622043e+01 -6.341811e+00 1.100000e+01
    endloop
  endfacet
  facet normal 0.000000e+00 0.000000e+00 -1.000000e+00
    outer loop
      vertex   -7.664628e+01 -5.327575e+00 1.100000e+01
      vertex   -7.622043e+01 -6.341811e+00 1.100000e+01
      vertex   -7.645267e+01 -6.423651e+00 1.100000e+01
    endloop
  endfacet
  facet normal 0.000000e+00 -0.000000e+00 -1.000000e+00
    outer loop
      vertex   -7.664628e+01 -5.327575e+00 1.100000e+01
      vertex   -7.645267e+01 -6.423651e+00 1.100000e+01
      vertex   -7.679973e+01 -5.377435e+00 1.100000e+01
    endloop
  endfacet
  facet normal 0.000000e+00 0.000000e+00 -1.000000e+00
    outer loop
      vertex   -7.679973e+01 -5.377435e+00 1.100000e+01
      vertex   -7.645267e+01 -6.423651e+00 1.100000e+01
      vertex   -7.669322e+01 -6.476331e+00 1.100000e+01
    endloop
  endfacet
  facet normal 0.000000e+00 -0.000000e+00 -1.000000e+00
    outer loop
      vertex   -7.679973e+01 -5.377435e+00 1.100000e+01
      vertex   -7.669322e+01 -6.476331e+00 1.100000e+01
      vertex   -7.695962e+01 -5.399094e+00 1.100000e+01
    endloop
  endfacet
  facet normal 0.000000e+00 0.000000e+00 -1.000000e+00
    outer loop
      vertex   -7.695962e+01 -5.399094e+00 1.100000e+01
      vertex   -7.669322e+01 -6.476331e+00 1.100000e+01
      vertex   -7.693841e+01 -6.499051e+00 1.100000e+01
    endloop
  endfacet
  facet normal 0.000000e+00 -0.000000e+00 -1.000000e+00
    outer loop
      vertex   -7.695962e+01 -5.399094e+00 1.100000e+01
      vertex   -7.693841e+01 -6.499051e+00 1.100000e+01
      vertex   -7.718454e+01 -6.491468e+00 1.100000e+01
    endloop
  endfacet
  facet normal -0.000000e+00 0.000000e+00 -1.000000e+00
    outer loop
      vertex   -7.695962e+01 -5.399094e+00 1.100000e+01
      vertex   -7.718454e+01 -6.491468e+00 1.100000e+01
      vertex   -7.712081e+01 -5.391855e+00 1.100000e+01
    endloop
  endfacet
  facet normal 0.000000e+00 0.000000e+00 -1.000000e+00
    outer loop
      vertex   -7.712081e+01 -5.391855e+00 1.100000e+01
      vertex   -7.718454e+01 -6.491468e+00 1.100000e+01
      vertex   -7.742787e+01 -6.453697e+00 1.100000e+01
    endloop
  endfacet
  facet normal -0.000000e+00 0.000000e+00 -1.000000e+00
    outer loop
      vertex   -7.712081e+01 -5.391855e+00 1.100000e+01
      vertex   -7.742787e+01 -6.453697e+00 1.100000e+01
      vertex   -7.727812e+01 -5.355951e+00 1.100000e+01
    endloop
  endfacet
  facet normal 0.000000e+00 0.000000e+00 -1.000000e+00
    outer loop
      vertex   -7.727812e+01 -5.355951e+00 1.100000e+01
      vertex   -7.742787e+01 -6.453697e+00 1.100000e+01
      vertex   -7.766471e+01 -6.386309e+00 1.100000e+01
    endloop
  endfacet
  facet normal 0.000000e+00 0.000000e+00 -1.000000e+00
    outer loop
      vertex   -7.727812e+01 -5.355951e+00 1.100000e+01
      vertex   -7.766471e+01 -6.386309e+00 1.100000e+01
      vertex   -7.789148e+01 -6.290327e+00 1.100000e+01
    endloop
  endfacet
  facet normal -0.000000e+00 0.000000e+00 -1.000000e+00
    outer loop
      vertex   -7.727812e+01 -5.355951e+00 1.100000e+01
      vertex   -7.789148e+01 -6.290327e+00 1.100000e+01
      vertex   -7.742648e+01 -5.292536e+00 1.100000e+01
    endloop
  endfacet
  facet normal 0.000000e+00 0.000000e+00 -1.000000e+00
    outer loop
      vertex   -7.742648e+01 -5.292536e+00 1.100000e+01
      vertex   -7.789148e+01 -6.290327e+00 1.100000e+01
      vertex   -7.810473e+01 -6.167205e+00 1.100000e+01
    endloop
  endfacet
  facet normal -0.000000e+00 0.000000e+00 -1.000000e+00
    outer loop
      vertex   -7.742648e+01 -5.292536e+00 1.100000e+01
      vertex   -7.810473e+01 -6.167205e+00 1.100000e+01
      vertex   -7.756114e+01 -5.203648e+00 1.100000e+01
    endloop
  endfacet
  facet normal 0.000000e+00 0.000000e+00 -1.000000e+00
    outer loop
      vertex   -7.756114e+01 -5.203648e+00 1.100000e+01
      vertex   -7.810473e+01 -6.167205e+00 1.100000e+01
      vertex   -7.830124e+01 -6.018810e+00 1.100000e+01
    endloop
  endfacet
  facet normal -0.000000e+00 0.000000e+00 -1.000000e+00
    outer loop
      vertex   -7.756114e+01 -5.203648e+00 1.100000e+01
      vertex   -7.830124e+01 -6.018810e+00 1.100000e+01
      vertex   -7.767776e+01 -5.092145e+00 1.100000e+01
    endloop
  endfacet
  facet normal 0.000000e+00 0.000000e+00 -1.000000e+00
    outer loop
      vertex   -7.767776e+01 -5.092145e+00 1.100000e+01
      vertex   -7.830124e+01 -6.018810e+00 1.100000e+01
      vertex   -7.847802e+01 -5.847391e+00 1.100000e+01
    endloop
  endfacet
  facet normal 0.000000e+00 0.000000e+00 -1.000000e+00
    outer loop
      vertex   -7.767776e+01 -5.092145e+00 1.100000e+01
      vertex   -7.847802e+01 -5.847391e+00 1.100000e+01
      vertex   -7.863239e+01 -5.655548e+00 1.100000e+01
    endloop
  endfacet
  facet normal -0.000000e+00 0.000000e+00 -1.000000e+00
    outer loop
      vertex   -7.767776e+01 -5.092145e+00 1.100000e+01
      vertex   -7.863239e+01 -5.655548e+00 1.100000e+01
      vertex   -7.777260e+01 -4.961609e+00 1.100000e+01
    endloop
  endfacet
  facet normal 0.000000e+00 0.000000e+00 -1.000000e+00
    outer loop
      vertex   -7.777260e+01 -4.961609e+00 1.100000e+01
      vertex   -7.863239e+01 -5.655548e+00 1.100000e+01
      vertex   -7.876202e+01 -5.446187e+00 1.100000e+01
    endloop
  endfacet
  facet normal -0.000000e+00 0.000000e+00 -1.000000e+00
    outer loop
      vertex   -7.777260e+01 -4.961609e+00 1.100000e+01
      vertex   -7.876202e+01 -5.446187e+00 1.100000e+01
      vertex   -7.784261e+01 -4.816237e+00 1.100000e+01
    endloop
  endfacet
  facet normal 0.000000e+00 0.000000e+00 -1.000000e+00
    outer loop
      vertex   -7.784261e+01 -4.816237e+00 1.100000e+01
      vertex   -7.876202e+01 -5.446187e+00 1.100000e+01
      vertex   -7.886494e+01 -5.222483e+00 1.100000e+01
    endloop
  endfacet
  facet normal 0.000000e+00 0.000000e+00 -1.000000e+00
    outer loop
      vertex   -7.784261e+01 -4.816237e+00 1.100000e+01
      vertex   -7.886494e+01 -5.222483e+00 1.100000e+01
      vertex   -7.893959e+01 -4.987827e+00 1.100000e+01
    endloop
  endfacet
  facet normal -0.000000e+00 0.000000e+00 -1.000000e+00
    outer loop
      vertex   -7.784261e+01 -4.816237e+00 1.100000e+01
      vertex   -7.893959e+01 -4.987827e+00 1.100000e+01
      vertex   -7.788554e+01 -4.660701e+00 1.100000e+01
    endloop
  endfacet
  facet normal 0.000000e+00 0.000000e+00 -1.000000e+00
    outer loop
      vertex   -7.788554e+01 -4.660701e+00 1.100000e+01
      vertex   -7.893959e+01 -4.987827e+00 1.100000e+01
      vertex   -7.898484e+01 -4.745777e+00 1.100000e+01
    endloop
  endfacet
  facet normal -0.000000e+00 0.000000e+00 -1.000000e+00
    outer loop
      vertex   -7.788554e+01 -4.660701e+00 1.100000e+01
      vertex   -7.898484e+01 -4.745777e+00 1.100000e+01
      vertex   -7.790000e+01 -4.500000e+00 1.100000e+01
    endloop
  endfacet
  facet normal 0.000000e+00 0.000000e+00 -1.000000e+00
    outer loop
      vertex   -7.790000e+01 -4.500000e+00 -1.100000e+01
      vertex   -7.788554e+01 -4.339299e+00 -1.100000e+01
      vertex   -7.788554e+01 -4.660701e+00 -1.100000e+01
    endloop
  endfacet
  facet normal 0.000000e+00 0.000000e+00 -1.000000e+00
    outer loop
      vertex   -7.788554e+01 -4.660701e+00 -1.100000e+01
      vertex   -7.788554e+01 -4.339299e+00 -1.100000e+01
      vertex   -7.784261e+01 -4.183763e+00 -1.100000e+01
    endloop
  endfacet
  facet normal 0.000000e+00 0.000000e+00 -1.000000e+00
    outer loop
      vertex   -7.788554e+01 -4.660701e+00 -1.100000e+01
      vertex   -7.784261e+01 -4.183763e+00 -1.100000e+01
      vertex   -7.784261e+01 -4.816237e+00 -1.100000e+01
    endloop
  endfacet
  facet normal 0.000000e+00 0.000000e+00 -1.000000e+00
    outer loop
      vertex   -7.784261e+01 -4.816237e+00 -1.100000e+01
      vertex   -7.784261e+01 -4.183763e+00 -1.100000e+01
      vertex   -7.777260e+01 -4.038391e+00 -1.100000e+01
    endloop
  endfacet
  facet normal 0.000000e+00 0.000000e+00 -1.000000e+00
    outer loop
      vertex   -7.784261e+01 -4.816237e+00 -1.100000e+01
      vertex   -7.777260e+01 -4.038391e+00 -1.100000e+01
      vertex   -7.777260e+01 -4.961609e+00 -1.100000e+01
    endloop
  endfacet
  facet normal 0.000000e+00 0.000000e+00 -1.000000e+00
    outer loop
      vertex   -7.777260e+01 -4.961609e+00 -1.100000e+01
      vertex   -7.777260e+01 -4.038391e+00 -1.100000e+01
      vertex   -7.767776e+01 -3.907855e+00 -1.100000e+01
    endloop
  endfacet
  facet normal 0.000000e+00 0.000000e+00 -1.000000e+00
    outer loop
      vertex   -7.777260e+01 -4.961609e+00 -1.100000e+01
      vertex   -7.767776e+01 -3.907855e+00 -1.100000e+01
      vertex   -7.756114e+01 -3.796352e+00 -1.100000e+01
    endloop
  endfacet
  facet normal 0.000000e+00 -0.000000e+00 -1.000000e+00
    outer loop
      vertex   -7.756114e+01 -3.796352e+00 -1.100000e+01
      vertex   -7.742648e+01 -3.707464e+00 -1.100000e+01
      vertex   -7.777260e+01 -4.961609e+00 -1.100000e+01
    endloop
  endfacet
  facet normal 0.000000e+00 0.000000e+00 -1.000000e+00
    outer loop
      vertex   -7.777260e+01 -4.961609e+00 -1.100000e+01
      vertex   -7.742648e+01 -3.707464e+00 -1.100000e+01
      vertex   -7.727812e+01 -3.644049e+00 -1.100000e+01
    endloop
  endfacet
  facet normal 0.000000e+00 0.000000e+00 -1.000000e+00
    outer loop
      vertex   -7.777260e+01 -4.961609e+00 -1.100000e+01
      vertex   -7.727812e+01 -3.644049e+00 -1.100000e+01
      vertex   -7.712081e+01 -3.608145e+00 -1.100000e+01
    endloop
  endfacet
  facet normal 0.000000e+00 -0.000000e+00 -1.000000e+00
    outer loop
      vertex   -7.712081e+01 -3.608145e+00 -1.100000e+01
      vertex   -7.695962e+01 -3.600906e+00 -1.100000e+01
      vertex   -7.777260e+01 -4.961609e+00 -1.100000e+01
    endloop
  endfacet
  facet normal 0.000000e+00 0.000000e+00 -1.000000e+00
    outer loop
      vertex   -7.777260e+01 -4.961609e+00 -1.100000e+01
      vertex   -7.695962e+01 -3.600906e+00 -1.100000e+01
      vertex   -7.679973e+01 -3.622565e+00 -1.100000e+01
    endloop
  endfacet
  facet normal 0.000000e+00 0.000000e+00 -1.000000e+00
    outer loop
      vertex   -7.777260e+01 -4.961609e+00 -1.100000e+01
      vertex   -7.679973e+01 -3.622565e+00 -1.100000e+01
      vertex   -7.664628e+01 -3.672425e+00 -1.100000e+01
    endloop
  endfacet
  facet normal 0.000000e+00 -0.000000e+00 -1.000000e+00
    outer loop
      vertex   -7.664628e+01 -3.672425e+00 -1.100000e+01
      vertex   -7.650419e+01 -3.748884e+00 -1.100000e+01
      vertex   -7.777260e+01 -4.961609e+00 -1.100000e+01
    endloop
  endfacet
  facet normal 0.000000e+00 0.000000e+00 -1.000000e+00
    outer loop
      vertex   -7.777260e+01 -4.961609e+00 -1.100000e+01
      vertex   -7.650419e+01 -3.748884e+00 -1.100000e+01
      vertex   -7.637804e+01 -3.849485e+00 -1.100000e+01
    endloop
  endfacet
  facet normal 0.000000e+00 0.000000e+00 -1.000000e+00
    outer loop
      vertex   -7.777260e+01 -4.961609e+00 -1.100000e+01
      vertex   -7.637804e+01 -3.849485e+00 -1.100000e+01
      vertex   -7.767776e+01 -5.092145e+00 -1.100000e+01
    endloop
  endfacet
  facet normal 0.000000e+00 0.000000e+00 -1.000000e+00
    outer loop
      vertex   -7.767776e+01 -5.092145e+00 -1.100000e+01
      vertex   -7.637804e+01 -3.849485e+00 -1.100000e+01
      vertex   -7.627188e+01 -3.970993e+00 -1.100000e+01
    endloop
  endfacet
  facet normal 0.000000e+00 0.000000e+00 -1.000000e+00
    outer loop
      vertex   -7.767776e+01 -5.092145e+00 -1.100000e+01
      vertex   -7.627188e+01 -3.970993e+00 -1.100000e+01
      vertex   -7.618913e+01 -4.109505e+00 -1.100000e+01
    endloop
  endfacet
  facet normal 0.000000e+00 -0.000000e+00 -1.000000e+00
    outer loop
      vertex   -7.618913e+01 -4.109505e+00 -1.100000e+01
      vertex   -7.613243e+01 -4.260567e+00 -1.100000e+01
      vertex   -7.767776e+01 -5.092145e+00 -1.100000e+01
    endloop
  endfacet
  facet normal 0.000000e+00 0.000000e+00 -1.000000e+00
    outer loop
      vertex   -7.767776e+01 -5.092145e+00 -1.100000e+01
      vertex   -7.613243e+01 -4.260567e+00 -1.100000e+01
      vertex   -7.610362e+01 -4.419325e+00 -1.100000e+01
    endloop
  endfacet
  facet normal 0.000000e+00 0.000000e+00 -1.000000e+00
    outer loop
      vertex   -7.767776e+01 -5.092145e+00 -1.100000e+01
      vertex   -7.610362e+01 -4.419325e+00 -1.100000e+01
      vertex   -7.610362e+01 -4.580675e+00 -1.100000e+01
    endloop
  endfacet
  facet normal 0.000000e+00 0.000000e+00 -1.000000e+00
    outer loop
      vertex   -7.610362e+01 -4.580675e+00 -1.100000e+01
      vertex   -7.613243e+01 -4.739433e+00 -1.100000e+01
      vertex   -7.767776e+01 -5.092145e+00 -1.100000e+01
    endloop
  endfacet
  facet normal 0.000000e+00 0.000000e+00 -1.000000e+00
    outer loop
      vertex   -7.767776e+01 -5.092145e+00 -1.100000e+01
      vertex   -7.613243e+01 -4.739433e+00 -1.100000e+01
      vertex   -7.618913e+01 -4.890495e+00 -1.100000e+01
    endloop
  endfacet
  facet normal 0.000000e+00 0.000000e+00 -1.000000e+00
    outer loop
      vertex   -7.767776e+01 -5.092145e+00 -1.100000e+01
      vertex   -7.618913e+01 -4.890495e+00 -1.100000e+01
      vertex   -7.627188e+01 -5.029007e+00 -1.100000e+01
    endloop
  endfacet
  facet normal 0.000000e+00 0.000000e+00 -1.000000e+00
    outer loop
      vertex   -7.627188e+01 -5.029007e+00 -1.100000e+01
      vertex   -7.637804e+01 -5.150515e+00 -1.100000e+01
      vertex   -7.767776e+01 -5.092145e+00 -1.100000e+01
    endloop
  endfacet
  facet normal 0.000000e+00 0.000000e+00 -1.000000e+00
    outer loop
      vertex   -7.767776e+01 -5.092145e+00 -1.100000e+01
      vertex   -7.637804e+01 -5.150515e+00 -1.100000e+01
      vertex   -7.756114e+01 -5.203648e+00 -1.100000e+01
    endloop
  endfacet
  facet normal 0.000000e+00 0.000000e+00 -1.000000e+00
    outer loop
      vertex   -7.756114e+01 -5.203648e+00 -1.100000e+01
      vertex   -7.637804e+01 -5.150515e+00 -1.100000e+01
      vertex   -7.650419e+01 -5.251116e+00 -1.100000e+01
    endloop
  endfacet
  facet normal 0.000000e+00 0.000000e+00 -1.000000e+00
    outer loop
      vertex   -7.756114e+01 -5.203648e+00 -1.100000e+01
      vertex   -7.650419e+01 -5.251116e+00 -1.100000e+01
      vertex   -7.742648e+01 -5.292536e+00 -1.100000e+01
    endloop
  endfacet
  facet normal 0.000000e+00 0.000000e+00 -1.000000e+00
    outer loop
      vertex   -7.742648e+01 -5.292536e+00 -1.100000e+01
      vertex   -7.650419e+01 -5.251116e+00 -1.100000e+01
      vertex   -7.664628e+01 -5.327575e+00 -1.100000e+01
    endloop
  endfacet
  facet normal 0.000000e+00 0.000000e+00 -1.000000e+00
    outer loop
      vertex   -7.742648e+01 -5.292536e+00 -1.100000e+01
      vertex   -7.664628e+01 -5.327575e+00 -1.100000e+01
      vertex   -7.727812e+01 -5.355951e+00 -1.100000e+01
    endloop
  endfacet
  facet normal 0.000000e+00 0.000000e+00 -1.000000e+00
    outer loop
      vertex   -7.727812e+01 -5.355951e+00 -1.100000e+01
      vertex   -7.664628e+01 -5.327575e+00 -1.100000e+01
      vertex   -7.679973e+01 -5.377435e+00 -1.100000e+01
    endloop
  endfacet
  facet normal 0.000000e+00 0.000000e+00 -1.000000e+00
    outer loop
      vertex   -7.727812e+01 -5.355951e+00 -1.100000e+01
      vertex   -7.679973e+01 -5.377435e+00 -1.100000e+01
      vertex   -7.712081e+01 -5.391855e+00 -1.100000e+01
    endloop
  endfacet
  facet normal 0.000000e+00 0.000000e+00 -1.000000e+00
    outer loop
      vertex   -7.712081e+01 -5.391855e+00 -1.100000e+01
      vertex   -7.679973e+01 -5.377435e+00 -1.100000e+01
      vertex   -7.695962e+01 -5.399094e+00 -1.100000e+01
    endloop
  endfacet
  facet normal -9.959743e-01 8.963931e-02 0.000000e+00
    outer loop
      vertex   -7.788554e+01 -4.339299e+00 -1.100000e+01
      vertex   -7.790000e+01 -4.500000e+00 -1.100000e+01
      vertex   -7.790000e+01 -4.500000e+00 -7.857143e+00
    endloop
  endfacet
  facet normal -9.959743e-01 -8.963931e-02 -0.000000e+00
    outer loop
      vertex   -7.790000e+01 -4.500000e+00 -7.857143e+00
      vertex   -7.790000e+01 -4.500000e+00 -1.100000e+01
      vertex   -7.788554e+01 -4.660701e+00 -1.100000e+01
    endloop
  endfacet
  facet normal -9.957342e-01 -9.226836e-02 1.355342e-04
    outer loop
      vertex   -7.790000e+01 -4.500000e+00 -7.857143e+00
      vertex   -7.788554e+01 -4.660701e+00 -1.100000e+01
      vertex   -7.788468e+01 -4.665375e+00 -7.857143e+00
    endloop
  endfacet
  facet normal -9.639629e-01 -2.660368e-01 -1.315581e-04
    outer loop
      vertex   -7.788468e+01 -4.665375e+00 -7.857143e+00
      vertex   -7.788554e+01 -4.660701e+00 -1.100000e+01
      vertex   -7.784261e+01 -4.816237e+00 -1.100000e+01
    endloop
  endfacet
  facet normal -9.618256e-01 -2.736630e-01 2.631153e-04
    outer loop
      vertex   -7.788468e+01 -4.665375e+00 -7.857143e+00
      vertex   -7.784261e+01 -4.816237e+00 -1.100000e+01
      vertex   -7.783923e+01 -4.825117e+00 -7.857143e+00
    endloop
  endfacet
  facet normal -9.009688e-01 -4.338837e-01 -2.551614e-04
    outer loop
      vertex   -7.783923e+01 -4.825117e+00 -7.857143e+00
      vertex   -7.784261e+01 -4.816237e+00 -1.100000e+01
      vertex   -7.777260e+01 -4.961609e+00 -1.100000e+01
    endloop
  endfacet
  facet normal -8.951632e-01 -4.457383e-01 3.827398e-04
    outer loop
      vertex   -7.783923e+01 -4.825117e+00 -7.857143e+00
      vertex   -7.777260e+01 -4.961609e+00 -1.100000e+01
      vertex   -7.776520e+01 -4.973789e+00 -7.857143e+00
    endloop
  endfacet
  facet normal -8.090169e-01 -5.877852e-01 -3.708063e-04
    outer loop
      vertex   -7.776520e+01 -4.973789e+00 -7.857143e+00
      vertex   -7.777260e+01 -4.961609e+00 -1.100000e+01
      vertex   -7.767776e+01 -5.092145e+00 -1.100000e+01
    endloop
  endfacet
  facet normal -7.980171e-01 -6.026346e-01 4.944044e-04
    outer loop
      vertex   -7.776520e+01 -4.973789e+00 -7.857143e+00
      vertex   -7.767776e+01 -5.092145e+00 -1.100000e+01
      vertex   -7.766511e+01 -5.106326e+00 -7.857143e+00
    endloop
  endfacet
  facet normal -6.910626e-01 -7.227948e-01 -4.784898e-04
    outer loop
      vertex   -7.766511e+01 -5.106326e+00 -7.857143e+00
      vertex   -7.767776e+01 -5.092145e+00 -1.100000e+01
      vertex   -7.756114e+01 -5.203648e+00 -1.100000e+01
    endloop
  endfacet
  facet normal -6.736955e-01 -7.390088e-01 5.981060e-04
    outer loop
      vertex   -7.766511e+01 -5.106326e+00 -7.857143e+00
      vertex   -7.756114e+01 -5.203648e+00 -1.100000e+01
      vertex   -7.754237e+01 -5.218216e+00 -7.857143e+00
    endloop
  endfacet
  facet normal -5.508969e-01 -8.345731e-01 -5.782087e-04
    outer loop
      vertex   -7.754237e+01 -5.218216e+00 -7.857143e+00
      vertex   -7.756114e+01 -5.203648e+00 -1.100000e+01
      vertex   -7.742648e+01 -5.292536e+00 -1.100000e+01
    endloop
  endfacet
  facet normal -5.264320e-01 -8.502169e-01 6.938416e-04
    outer loop
      vertex   -7.754237e+01 -5.218216e+00 -7.857143e+00
      vertex   -7.742648e+01 -5.292536e+00 -1.100000e+01
      vertex   -7.740116e+01 -5.305647e+00 -7.857143e+00
    endloop
  endfacet
  facet normal -3.930249e-01 -9.195276e-01 -6.699604e-04
    outer loop
      vertex   -7.740116e+01 -5.305647e+00 -7.857143e+00
      vertex   -7.742648e+01 -5.292536e+00 -1.100000e+01
      vertex   -7.727812e+01 -5.355951e+00 -1.100000e+01
    endloop
  endfacet
  facet normal -3.612416e-01 -9.324719e-01 7.816086e-04
    outer loop
      vertex   -7.740116e+01 -5.305647e+00 -7.857143e+00
      vertex   -7.727812e+01 -5.355951e+00 -1.100000e+01
      vertex   -7.724630e+01 -5.365643e+00 -7.857143e+00
    endloop
  endfacet
  facet normal -2.225209e-01 -9.749276e-01 -7.537422e-04
    outer loop
      vertex   -7.724630e+01 -5.365643e+00 -7.857143e+00
      vertex   -7.727812e+01 -5.355951e+00 -1.100000e+01
      vertex   -7.712081e+01 -5.391855e+00 -1.100000e+01
    endloop
  endfacet
  facet normal -1.837494e-01 -9.829727e-01 8.614046e-04
    outer loop
      vertex   -7.724630e+01 -5.365643e+00 -7.857143e+00
      vertex   -7.712081e+01 -5.391855e+00 -1.100000e+01
      vertex   -7.708304e+01 -5.396161e+00 -7.857143e+00
    endloop
  endfacet
  facet normal -4.486481e-02 -9.989927e-01 -8.295518e-04
    outer loop
      vertex   -7.708304e+01 -5.396161e+00 -7.857143e+00
      vertex   -7.712081e+01 -5.391855e+00 -1.100000e+01
      vertex   -7.695962e+01 -5.399094e+00 -1.100000e+01
    endloop
  endfacet
  facet normal 0.000000e+00 -9.999996e-01 9.332273e-04
    outer loop
      vertex   -7.708304e+01 -5.396161e+00 -7.857143e+00
      vertex   -7.695962e+01 -5.399094e+00 -1.100000e+01
      vertex   -7.691696e+01 -5.396161e+00 -7.857143e+00
    endloop
  endfacet
  facet normal 1.342332e-01 -9.909494e-01 -8.973871e-04
    outer loop
      vertex   -7.691696e+01 -5.396161e+00 -7.857143e+00
      vertex   -7.695962e+01 -5.399094e+00 -1.100000e+01
      vertex   -7.679973e+01 -5.377435e+00 -1.100000e+01
    endloop
  endfacet
  facet normal 1.837494e-01 -9.829726e-01 9.970747e-04
    outer loop
      vertex   -7.691696e+01 -5.396161e+00 -7.857143e+00
      vertex   -7.679973e+01 -5.377435e+00 -1.100000e+01
      vertex   -7.675370e+01 -5.365643e+00 -7.857143e+00
    endloop
  endfacet
  facet normal 3.090169e-01 -9.510561e-01 -9.572462e-04
    outer loop
      vertex   -7.675370e+01 -5.365643e+00 -7.857143e+00
      vertex   -7.679973e+01 -5.377435e+00 -1.100000e+01
      vertex   -7.664628e+01 -5.327575e+00 -1.100000e+01
    endloop
  endfacet
  facet normal 3.612415e-01 -9.324717e-01 1.052945e-03
    outer loop
      vertex   -7.675370e+01 -5.365643e+00 -7.857143e+00
      vertex   -7.664628e+01 -5.327575e+00 -1.100000e+01
      vertex   -7.659884e+01 -5.305647e+00 -7.857143e+00
    endloop
  endfacet
  facet normal 4.738684e-01 -8.805951e-01 -1.009128e-03
    outer loop
      vertex   -7.659884e+01 -5.305647e+00 -7.857143e+00
      vertex   -7.664628e+01 -5.327575e+00 -1.100000e+01
      vertex   -7.650419e+01 -5.251116e+00 -1.100000e+01
    endloop
  endfacet
  facet normal 5.264318e-01 -8.502166e-01 1.100837e-03
    outer loop
      vertex   -7.659884e+01 -5.305647e+00 -7.857143e+00
      vertex   -7.650419e+01 -5.251116e+00 -1.100000e+01
      vertex   -7.645763e+01 -5.218216e+00 -7.857143e+00
    endloop
  endfacet
  facet normal 6.234895e-01 -7.818310e-01 -1.053029e-03
    outer loop
      vertex   -7.645763e+01 -5.218216e+00 -7.857143e+00
      vertex   -7.650419e+01 -5.251116e+00 -1.100000e+01
      vertex   -7.637804e+01 -5.150515e+00 -1.100000e+01
    endloop
  endfacet
  facet normal 6.736952e-01 -7.390084e-01 1.140749e-03
    outer loop
      vertex   -7.645763e+01 -5.218216e+00 -7.857143e+00
      vertex   -7.637804e+01 -5.150515e+00 -1.100000e+01
      vertex   -7.633489e+01 -5.106326e+00 -7.857143e+00
    endloop
  endfacet
  facet normal 7.530710e-01 -6.579383e-01 -1.088951e-03
    outer loop
      vertex   -7.633489e+01 -5.106326e+00 -7.857143e+00
      vertex   -7.637804e+01 -5.150515e+00 -1.100000e+01
      vertex   -7.627188e+01 -5.029007e+00 -1.100000e+01
    endloop
  endfacet
  facet normal 7.980167e-01 -6.026342e-01 1.172680e-03
    outer loop
      vertex   -7.633489e+01 -5.106326e+00 -7.857143e+00
      vertex   -7.627188e+01 -5.029007e+00 -1.100000e+01
      vertex   -7.623480e+01 -4.973789e+00 -7.857143e+00
    endloop
  endfacet
  facet normal 8.584483e-01 -5.128990e-01 -1.116891e-03
    outer loop
      vertex   -7.623480e+01 -4.973789e+00 -7.857143e+00
      vertex   -7.627188e+01 -5.029007e+00 -1.100000e+01
      vertex   -7.618913e+01 -4.890495e+00 -1.100000e+01
    endloop
  endfacet
  facet normal 8.951627e-01 -4.457380e-01 1.196628e-03
    outer loop
      vertex   -7.623480e+01 -4.973789e+00 -7.857143e+00
      vertex   -7.618913e+01 -4.890495e+00 -1.100000e+01
      vertex   -7.616077e+01 -4.825117e+00 -7.857143e+00
    endloop
  endfacet
  facet normal 9.362343e-01 -3.513746e-01 -1.136849e-03
    outer loop
      vertex   -7.616077e+01 -4.825117e+00 -7.857143e+00
      vertex   -7.618913e+01 -4.890495e+00 -1.100000e+01
      vertex   -7.613243e+01 -4.739433e+00 -1.100000e+01
    endloop
  endfacet
  facet normal 9.618249e-01 -2.736628e-01 1.212595e-03
    outer loop
      vertex   -7.616077e+01 -4.825117e+00 -7.857143e+00
      vertex   -7.613243e+01 -4.739433e+00 -1.100000e+01
      vertex   -7.611532e+01 -4.665375e+00 -7.857143e+00
    endloop
  endfacet
  facet normal 9.839289e-01 -1.785568e-01 -1.148823e-03
    outer loop
      vertex   -7.611532e+01 -4.665375e+00 -7.857143e+00
      vertex   -7.613243e+01 -4.739433e+00 -1.100000e+01
      vertex   -7.610362e+01 -4.580675e+00 -1.100000e+01
    endloop
  endfacet
  facet normal 9.957334e-01 -9.226829e-02 1.220578e-03
    outer loop
      vertex   -7.611532e+01 -4.665375e+00 -7.857143e+00
      vertex   -7.610362e+01 -4.580675e+00 -1.100000e+01
      vertex   -7.610000e+01 -4.500000e+00 -7.857143e+00
    endloop
  endfacet
  facet normal 9.999993e-01 0.000000e+00 -1.152815e-03
    outer loop
      vertex   -7.610000e+01 -4.500000e+00 -7.857143e+00
      vertex   -7.610362e+01 -4.580675e+00 -1.100000e+01
      vertex   -7.610362e+01 -4.419325e+00 -1.100000e+01
    endloop
  endfacet
  facet normal 9.957334e-01 9.226829e-02 1.220578e-03
    outer loop
      vertex   -7.610000e+01 -4.500000e+00 -7.857143e+00
      vertex   -7.610362e+01 -4.419325e+00 -1.100000e+01
      vertex   -7.611532e+01 -4.334625e+00 -7.857143e+00
    endloop
  endfacet
  facet normal 9.839289e-01 1.785568e-01 -1.148823e-03
    outer loop
      vertex   -7.611532e+01 -4.334625e+00 -7.857143e+00
      vertex   -7.610362e+01 -4.419325e+00 -1.100000e+01
      vertex   -7.613243e+01 -4.260567e+00 -1.100000e+01
    endloop
  endfacet
  facet normal 9.618249e-01 2.736628e-01 1.212595e-03
    outer loop
      vertex   -7.611532e+01 -4.334625e+00 -7.857143e+00
      vertex   -7.613243e+01 -4.260567e+00 -1.100000e+01
      vertex   -7.616077e+01 -4.174883e+00 -7.857143e+00
    endloop
  endfacet
  facet normal 9.362343e-01 3.513746e-01 -1.136849e-03
    outer loop
      vertex   -7.616077e+01 -4.174883e+00 -7.857143e+00
      vertex   -7.613243e+01 -4.260567e+00 -1.100000e+01
      vertex   -7.618913e+01 -4.109505e+00 -1.100000e+01
    endloop
  endfacet
  facet normal 8.951627e-01 4.457380e-01 1.196628e-03
    outer loop
      vertex   -7.616077e+01 -4.174883e+00 -7.857143e+00
      vertex   -7.618913e+01 -4.109505e+00 -1.100000e+01
      vertex   -7.623480e+01 -4.026211e+00 -7.857143e+00
    endloop
  endfacet
  facet normal 8.584483e-01 5.128990e-01 -1.116891e-03
    outer loop
      vertex   -7.623480e+01 -4.026211e+00 -7.857143e+00
      vertex   -7.618913e+01 -4.109505e+00 -1.100000e+01
      vertex   -7.627188e+01 -3.970993e+00 -1.100000e+01
    endloop
  endfacet
  facet normal 7.980167e-01 6.026342e-01 1.172680e-03
    outer loop
      vertex   -7.623480e+01 -4.026211e+00 -7.857143e+00
      vertex   -7.627188e+01 -3.970993e+00 -1.100000e+01
      vertex   -7.633489e+01 -3.893674e+00 -7.857143e+00
    endloop
  endfacet
  facet normal 7.530710e-01 6.579383e-01 -1.088951e-03
    outer loop
      vertex   -7.633489e+01 -3.893674e+00 -7.857143e+00
      vertex   -7.627188e+01 -3.970993e+00 -1.100000e+01
      vertex   -7.637804e+01 -3.849485e+00 -1.100000e+01
    endloop
  endfacet
  facet normal 6.736952e-01 7.390084e-01 1.140749e-03
    outer loop
      vertex   -7.633489e+01 -3.893674e+00 -7.857143e+00
      vertex   -7.637804e+01 -3.849485e+00 -1.100000e+01
      vertex   -7.645763e+01 -3.781784e+00 -7.857143e+00
    endloop
  endfacet
  facet normal 6.234895e-01 7.818310e-01 -1.053029e-03
    outer loop
      vertex   -7.645763e+01 -3.781784e+00 -7.857143e+00
      vertex   -7.637804e+01 -3.849485e+00 -1.100000e+01
      vertex   -7.650419e+01 -3.748884e+00 -1.100000e+01
    endloop
  endfacet
  facet normal 5.264318e-01 8.502166e-01 1.100837e-03
    outer loop
      vertex   -7.645763e+01 -3.781784e+00 -7.857143e+00
      vertex   -7.650419e+01 -3.748884e+00 -1.100000e+01
      vertex   -7.659884e+01 -3.694353e+00 -7.857143e+00
    endloop
  endfacet
  facet normal 4.738684e-01 8.805951e-01 -1.009128e-03
    outer loop
      vertex   -7.659884e+01 -3.694353e+00 -7.857143e+00
      vertex   -7.650419e+01 -3.748884e+00 -1.100000e+01
      vertex   -7.664628e+01 -3.672425e+00 -1.100000e+01
    endloop
  endfacet
  facet normal 3.612415e-01 9.324717e-01 1.052945e-03
    outer loop
      vertex   -7.659884e+01 -3.694353e+00 -7.857143e+00
      vertex   -7.664628e+01 -3.672425e+00 -1.100000e+01
      vertex   -7.675370e+01 -3.634357e+00 -7.857143e+00
    endloop
  endfacet
  facet normal 3.090169e-01 9.510561e-01 -9.572462e-04
    outer loop
      vertex   -7.675370e+01 -3.634357e+00 -7.857143e+00
      vertex   -7.664628e+01 -3.672425e+00 -1.100000e+01
      vertex   -7.679973e+01 -3.622565e+00 -1.100000e+01
    endloop
  endfacet
  facet normal 1.837494e-01 9.829726e-01 9.970747e-04
    outer loop
      vertex   -7.675370e+01 -3.634357e+00 -7.857143e+00
      vertex   -7.679973e+01 -3.622565e+00 -1.100000e+01
      vertex   -7.691696e+01 -3.603839e+00 -7.857143e+00
    endloop
  endfacet
  facet normal 1.342332e-01 9.909494e-01 -8.973871e-04
    outer loop
      vertex   -7.691696e+01 -3.603839e+00 -7.857143e+00
      vertex   -7.679973e+01 -3.622565e+00 -1.100000e+01
      vertex   -7.695962e+01 -3.600906e+00 -1.100000e+01
    endloop
  endfacet
  facet normal 0.000000e+00 9.999996e-01 9.332273e-04
    outer loop
      vertex   -7.691696e+01 -3.603839e+00 -7.857143e+00
      vertex   -7.695962e+01 -3.600906e+00 -1.100000e+01
      vertex   -7.708304e+01 -3.603839e+00 -7.857143e+00
    endloop
  endfacet
  facet normal -4.486481e-02 9.989927e-01 -8.295518e-04
    outer loop
      vertex   -7.708304e+01 -3.603839e+00 -7.857143e+00
      vertex   -7.695962e+01 -3.600906e+00 -1.100000e+01
      vertex   -7.712081e+01 -3.608145e+00 -1.100000e+01
    endloop
  endfacet
  facet normal -1.837494e-01 9.829727e-01 8.614046e-04
    outer loop
      vertex   -7.708304e+01 -3.603839e+00 -7.857143e+00
      vertex   -7.712081e+01 -3.608145e+00 -1.100000e+01
      vertex   -7.724630e+01 -3.634357e+00 -7.857143e+00
    endloop
  endfacet
  facet normal -2.225209e-01 9.749276e-01 -7.537422e-04
    outer loop
      vertex   -7.724630e+01 -3.634357e+00 -7.857143e+00
      vertex   -7.712081e+01 -3.608145e+00 -1.100000e+01
      vertex   -7.727812e+01 -3.644049e+00 -1.100000e+01
    endloop
  endfacet
  facet normal -3.612416e-01 9.324719e-01 7.816086e-04
    outer loop
      vertex   -7.724630e+01 -3.634357e+00 -7.857143e+00
      vertex   -7.727812e+01 -3.644049e+00 -1.100000e+01
      vertex   -7.740116e+01 -3.694353e+00 -7.857143e+00
    endloop
  endfacet
  facet normal -3.930249e-01 9.195276e-01 -6.699604e-04
    outer loop
      vertex   -7.740116e+01 -3.694353e+00 -7.857143e+00
      vertex   -7.727812e+01 -3.644049e+00 -1.100000e+01
      vertex   -7.742648e+01 -3.707464e+00 -1.100000e+01
    endloop
  endfacet
  facet normal -5.264320e-01 8.502169e-01 6.938416e-04
    outer loop
      vertex   -7.740116e+01 -3.694353e+00 -7.857143e+00
      vertex   -7.742648e+01 -3.707464e+00 -1.100000e+01
      vertex   -7.754237e+01 -3.781784e+00 -7.857143e+00
    endloop
  endfacet
  facet normal -5.508969e-01 8.345731e-01 -5.782087e-04
    outer loop
      vertex   -7.754237e+01 -3.781784e+00 -7.857143e+00
      vertex   -7.742648e+01 -3.707464e+00 -1.100000e+01
      vertex   -7.756114e+01 -3.796352e+00 -1.100000e+01
    endloop
  endfacet
  facet normal -6.736955e-01 7.390088e-01 5.981060e-04
    outer loop
      vertex   -7.754237e+01 -3.781784e+00 -7.857143e+00
      vertex   -7.756114e+01 -3.796352e+00 -1.100000e+01
      vertex   -7.766511e+01 -3.893674e+00 -7.857143e+00
    endloop
  endfacet
  facet normal -6.910626e-01 7.227948e-01 -4.784898e-04
    outer loop
      vertex   -7.766511e+01 -3.893674e+00 -7.857143e+00
      vertex   -7.756114e+01 -3.796352e+00 -1.100000e+01
      vertex   -7.767776e+01 -3.907855e+00 -1.100000e+01
    endloop
  endfacet
  facet normal -7.980171e-01 6.026346e-01 4.944044e-04
    outer loop
      vertex   -7.766511e+01 -3.893674e+00 -7.857143e+00
      vertex   -7.767776e+01 -3.907855e+00 -1.100000e+01
      vertex   -7.776520e+01 -4.026211e+00 -7.857143e+00
    endloop
  endfacet
  facet normal -8.090169e-01 5.877852e-01 -3.708063e-04
    outer loop
      vertex   -7.776520e+01 -4.026211e+00 -7.857143e+00
      vertex   -7.767776e+01 -3.907855e+00 -1.100000e+01
      vertex   -7.777260e+01 -4.038391e+00 -1.100000e+01
    endloop
  endfacet
  facet normal -8.951632e-01 4.457383e-01 3.827398e-04
    outer loop
      vertex   -7.776520e+01 -4.026211e+00 -7.857143e+00
      vertex   -7.777260e+01 -4.038391e+00 -1.100000e+01
      vertex   -7.783923e+01 -4.174883e+00 -7.857143e+00
    endloop
  endfacet
  facet normal -9.009688e-01 4.338837e-01 -2.551614e-04
    outer loop
      vertex   -7.783923e+01 -4.174883e+00 -7.857143e+00
      vertex   -7.777260e+01 -4.038391e+00 -1.100000e+01
      vertex   -7.784261e+01 -4.183763e+00 -1.100000e+01
    endloop
  endfacet
  facet normal -9.618256e-01 2.736630e-01 2.631153e-04
    outer loop
      vertex   -7.783923e+01 -4.174883e+00 -7.857143e+00
      vertex   -7.784261e+01 -4.183763e+00 -1.100000e+01
      vertex   -7.788468e+01 -4.334625e+00 -7.857143e+00
    endloop
  endfacet
  facet normal -9.639629e-01 2.660368e-01 -1.315581e-04
    outer loop
      vertex   -7.788468e+01 -4.334625e+00 -7.857143e+00
      vertex   -7.784261e+01 -4.183763e+00 -1.100000e+01
      vertex   -7.788554e+01 -4.339299e+00 -1.100000e+01
    endloop
  endfacet
  facet normal -9.957342e-01 9.226836e-02 1.355342e-04
    outer loop
      vertex   -7.788468e+01 -4.334625e+00 -7.857143e+00
      vertex   -7.788554e+01 -4.339299e+00 -1.100000e+01
      vertex   -7.790000e+01 -4.500000e+00 -7.857143e+00
    endloop
  endfacet
  facet normal -9.959743e-01 -8.963931e-02 0.000000e+00
    outer loop
      vertex   -7.788554e+01 -4.660701e+00 1.100000e+01
      vertex   -7.790000e+01 -4.500000e+00 1.100000e+01
      vertex   -7.790000e+01 -4.500000e+00 7.857143e+00
    endloop
  endfacet
  facet normal -9.959743e-01 8.963931e-02 0.000000e+00
    outer loop
      vertex   -7.790000e+01 -4.500000e+00 7.857143e+00
      vertex   -7.790000e+01 -4.500000e+00 1.100000e+01
      vertex   -7.788554e+01 -4.339299e+00 1.100000e+01
    endloop
  endfacet
  facet normal -9.957342e-01 9.226836e-02 -1.355342e-04
    outer loop
      vertex   -7.790000e+01 -4.500000e+00 7.857143e+00
      vertex   -7.788554e+01 -4.339299e+00 1.100000e+01
      vertex   -7.788468e+01 -4.334625e+00 7.857143e+00
    endloop
  endfacet
  facet normal -9.639629e-01 2.660368e-01 1.315581e-04
    outer loop
      vertex   -7.788468e+01 -4.334625e+00 7.857143e+00
      vertex   -7.788554e+01 -4.339299e+00 1.100000e+01
      vertex   -7.784261e+01 -4.183763e+00 1.100000e+01
    endloop
  endfacet
  facet normal -9.618256e-01 2.736630e-01 -2.631153e-04
    outer loop
      vertex   -7.788468e+01 -4.334625e+00 7.857143e+00
      vertex   -7.784261e+01 -4.183763e+00 1.100000e+01
      vertex   -7.783923e+01 -4.174883e+00 7.857143e+00
    endloop
  endfacet
  facet normal -9.009688e-01 4.338837e-01 2.551614e-04
    outer loop
      vertex   -7.783923e+01 -4.174883e+00 7.857143e+00
      vertex   -7.784261e+01 -4.183763e+00 1.100000e+01
      vertex   -7.777260e+01 -4.038391e+00 1.100000e+01
    endloop
  endfacet
  facet normal -8.951632e-01 4.457383e-01 -3.827398e-04
    outer loop
      vertex   -7.783923e+01 -4.174883e+00 7.857143e+00
      vertex   -7.777260e+01 -4.038391e+00 1.100000e+01
      vertex   -7.776520e+01 -4.026211e+00 7.857143e+00
    endloop
  endfacet
  facet normal -8.090169e-01 5.877852e-01 3.708063e-04
    outer loop
      vertex   -7.776520e+01 -4.026211e+00 7.857143e+00
      vertex   -7.777260e+01 -4.038391e+00 1.100000e+01
      vertex   -7.767776e+01 -3.907855e+00 1.100000e+01
    endloop
  endfacet
  facet normal -7.980171e-01 6.026346e-01 -4.944044e-04
    outer loop
      vertex   -7.776520e+01 -4.026211e+00 7.857143e+00
      vertex   -7.767776e+01 -3.907855e+00 1.100000e+01
      vertex   -7.766511e+01 -3.893674e+00 7.857143e+00
    endloop
  endfacet
  facet normal -6.910626e-01 7.227948e-01 4.784898e-04
    outer loop
      vertex   -7.766511e+01 -3.893674e+00 7.857143e+00
      vertex   -7.767776e+01 -3.907855e+00 1.100000e+01
      vertex   -7.756114e+01 -3.796352e+00 1.100000e+01
    endloop
  endfacet
  facet normal -6.736955e-01 7.390088e-01 -5.981060e-04
    outer loop
      vertex   -7.766511e+01 -3.893674e+00 7.857143e+00
      vertex   -7.756114e+01 -3.796352e+00 1.100000e+01
      vertex   -7.754237e+01 -3.781784e+00 7.857143e+00
    endloop
  endfacet
  facet normal -5.508969e-01 8.345731e-01 5.782087e-04
    outer loop
      vertex   -7.754237e+01 -3.781784e+00 7.857143e+00
      vertex   -7.756114e+01 -3.796352e+00 1.100000e+01
      vertex   -7.742648e+01 -3.707464e+00 1.100000e+01
    endloop
  endfacet
  facet normal -5.264320e-01 8.502169e-01 -6.938416e-04
    outer loop
      vertex   -7.754237e+01 -3.781784e+00 7.857143e+00
      vertex   -7.742648e+01 -3.707464e+00 1.100000e+01
      vertex   -7.740116e+01 -3.694353e+00 7.857143e+00
    endloop
  endfacet
  facet normal -3.930249e-01 9.195276e-01 6.699604e-04
    outer loop
      vertex   -7.740116e+01 -3.694353e+00 7.857143e+00
      vertex   -7.742648e+01 -3.707464e+00 1.100000e+01
      vertex   -7.727812e+01 -3.644049e+00 1.100000e+01
    endloop
  endfacet
  facet normal -3.612416e-01 9.324719e-01 -7.816086e-04
    outer loop
      vertex   -7.740116e+01 -3.694353e+00 7.857143e+00
      vertex   -7.727812e+01 -3.644049e+00 1.100000e+01
      vertex   -7.724630e+01 -3.634357e+00 7.857143e+00
    endloop
  endfacet
  facet normal -2.225209e-01 9.749276e-01 7.537422e-04
    outer loop
      vertex   -7.724630e+01 -3.634357e+00 7.857143e+00
      vertex   -7.727812e+01 -3.644049e+00 1.100000e+01
      vertex   -7.712081e+01 -3.608145e+00 1.100000e+01
    endloop
  endfacet
  facet normal -1.837494e-01 9.829727e-01 -8.614046e-04
    outer loop
      vertex   -7.724630e+01 -3.634357e+00 7.857143e+00
      vertex   -7.712081e+01 -3.608145e+00 1.100000e+01
      vertex   -7.708304e+01 -3.603839e+00 7.857143e+00
    endloop
  endfacet
  facet normal -4.486481e-02 9.989927e-01 8.295518e-04
    outer loop
      vertex   -7.708304e+01 -3.603839e+00 7.857143e+00
      vertex   -7.712081e+01 -3.608145e+00 1.100000e+01
      vertex   -7.695962e+01 -3.600906e+00 1.100000e+01
    endloop
  endfacet
  facet normal 0.000000e+00 9.999996e-01 -9.332273e-04
    outer loop
      vertex   -7.708304e+01 -3.603839e+00 7.857143e+00
      vertex   -7.695962e+01 -3.600906e+00 1.100000e+01
      vertex   -7.691696e+01 -3.603839e+00 7.857143e+00
    endloop
  endfacet
  facet normal 1.342332e-01 9.909494e-01 8.973871e-04
    outer loop
      vertex   -7.691696e+01 -3.603839e+00 7.857143e+00
      vertex   -7.695962e+01 -3.600906e+00 1.100000e+01
      vertex   -7.679973e+01 -3.622565e+00 1.100000e+01
    endloop
  endfacet
  facet normal 1.837494e-01 9.829726e-01 -9.970747e-04
    outer loop
      vertex   -7.691696e+01 -3.603839e+00 7.857143e+00
      vertex   -7.679973e+01 -3.622565e+00 1.100000e+01
      vertex   -7.675370e+01 -3.634357e+00 7.857143e+00
    endloop
  endfacet
  facet normal 3.090169e-01 9.510561e-01 9.572462e-04
    outer loop
      vertex   -7.675370e+01 -3.634357e+00 7.857143e+00
      vertex   -7.679973e+01 -3.622565e+00 1.100000e+01
      vertex   -7.664628e+01 -3.672425e+00 1.100000e+01
    endloop
  endfacet
  facet normal 3.612415e-01 9.324717e-01 -1.052945e-03
    outer loop
      vertex   -7.675370e+01 -3.634357e+00 7.857143e+00
      vertex   -7.664628e+01 -3.672425e+00 1.100000e+01
      vertex   -7.659884e+01 -3.694353e+00 7.857143e+00
    endloop
  endfacet
  facet normal 4.738684e-01 8.805951e-01 1.009128e-03
    outer loop
      vertex   -7.659884e+01 -3.694353e+00 7.857143e+00
      vertex   -7.664628e+01 -3.672425e+00 1.100000e+01
      vertex   -7.650419e+01 -3.748884e+00 1.100000e+01
    endloop
  endfacet
  facet normal 5.264318e-01 8.502166e-01 -1.100837e-03
    outer loop
      vertex   -7.659884e+01 -3.694353e+00 7.857143e+00
      vertex   -7.650419e+01 -3.748884e+00 1.100000e+01
      vertex   -7.645763e+01 -3.781784e+00 7.857143e+00
    endloop
  endfacet
  facet normal 6.234895e-01 7.818310e-01 1.053029e-03
    outer loop
      vertex   -7.645763e+01 -3.781784e+00 7.857143e+00
      vertex   -7.650419e+01 -3.748884e+00 1.100000e+01
      vertex   -7.637804e+01 -3.849485e+00 1.100000e+01
    endloop
  endfacet
  facet normal 6.736952e-01 7.390084e-01 -1.140749e-03
    outer loop
      vertex   -7.645763e+01 -3.781784e+00 7.857143e+00
      vertex   -7.637804e+01 -3.849485e+00 1.100000e+01
      vertex   -7.633489e+01 -3.893674e+00 7.857143e+00
    endloop
  endfacet
  facet normal 7.530710e-01 6.579383e-01 1.088951e-03
    outer loop
      vertex   -7.633489e+01 -3.893674e+00 7.857143e+00
      vertex   -7.637804e+01 -3.849485e+00 1.100000e+01
      vertex   -7.627188e+01 -3.970993e+00 1.100000e+01
    endloop
  endfacet
  facet normal 7.980167e-01 6.026342e-01 -1.172680e-03
    outer loop
      vertex   -7.633489e+01 -3.893674e+00 7.857143e+00
      vertex   -7.627188e+01 -3.970993e+00 1.100000e+01
      vertex   -7.623480e+01 -4.026211e+00 7.857143e+00
    endloop
  endfacet
  facet normal 8.584483e-01 5.128990e-01 1.116891e-03
    outer loop
      vertex   -7.623480e+01 -4.026211e+00 7.857143e+00
      vertex   -7.627188e+01 -3.970993e+00 1.100000e+01
      vertex   -7.618913e+01 -4.109505e+00 1.100000e+01
    endloop
  endfacet
  facet normal 8.951627e-01 4.457380e-01 -1.196628e-03
    outer loop
      vertex   -7.623480e+01 -4.026211e+00 7.857143e+00
      vertex   -7.618913e+01 -4.109505e+00 1.100000e+01
      vertex   -7.616077e+01 -4.174883e+00 7.857143e+00
    endloop
  endfacet
  facet normal 9.362343e-01 3.513746e-01 1.136849e-03
    outer loop
      vertex   -7.616077e+01 -4.174883e+00 7.857143e+00
      vertex   -7.618913e+01 -4.109505e+00 1.100000e+01
      vertex   -7.613243e+01 -4.260567e+00 1.100000e+01
    endloop
  endfacet
  facet normal 9.618249e-01 2.736628e-01 -1.212595e-03
    outer loop
      vertex   -7.616077e+01 -4.174883e+00 7.857143e+00
      vertex   -7.613243e+01 -4.260567e+00 1.100000e+01
      vertex   -7.611532e+01 -4.334625e+00 7.857143e+00
    endloop
  endfacet
  facet normal 9.839289e-01 1.785568e-01 1.148823e-03
    outer loop
      vertex   -7.611532e+01 -4.334625e+00 7.857143e+00
      vertex   -7.613243e+01 -4.260567e+00 1.100000e+01
      vertex   -7.610362e+01 -4.419325e+00 1.100000e+01
    endloop
  endfacet
  facet normal 9.957334e-01 9.226829e-02 -1.220578e-03
    outer loop
      vertex   -7.611532e+01 -4.334625e+00 7.857143e+00
      vertex   -7.610362e+01 -4.419325e+00 1.100000e+01
      vertex   -7.610000e+01 -4.500000e+00 7.857143e+00
    endloop
  endfacet
  facet normal 9.999993e-01 0.000000e+00 1.152815e-03
    outer loop
      vertex   -7.610000e+01 -4.500000e+00 7.857143e+00
      vertex   -7.610362e+01 -4.419325e+00 1.100000e+01
      vertex   -7.610362e+01 -4.580675e+00 1.100000e+01
    endloop
  endfacet
  facet normal 9.957334e-01 -9.226829e-02 -1.220578e-03
    outer loop
      vertex   -7.610000e+01 -4.500000e+00 7.857143e+00
      vertex   -7.610362e+01 -4.580675e+00 1.100000e+01
      vertex   -7.611532e+01 -4.665375e+00 7.857143e+00
    endloop
  endfacet
  facet normal 9.839289e-01 -1.785568e-01 1.148823e-03
    outer loop
      vertex   -7.611532e+01 -4.665375e+00 7.857143e+00
      vertex   -7.610362e+01 -4.580675e+00 1.100000e+01
      vertex   -7.613243e+01 -4.739433e+00 1.100000e+01
    endloop
  endfacet
  facet normal 9.618249e-01 -2.736628e-01 -1.212595e-03
    outer loop
      vertex   -7.611532e+01 -4.665375e+00 7.857143e+00
      vertex   -7.613243e+01 -4.739433e+00 1.100000e+01
      vertex   -7.616077e+01 -4.825117e+00 7.857143e+00
    endloop
  endfacet
  facet normal 9.362343e-01 -3.513746e-01 1.136849e-03
    outer loop
      vertex   -7.616077e+01 -4.825117e+00 7.857143e+00
      vertex   -7.613243e+01 -4.739433e+00 1.100000e+01
      vertex   -7.618913e+01 -4.890495e+00 1.100000e+01
    endloop
  endfacet
  facet normal 8.951627e-01 -4.457380e-01 -1.196628e-03
    outer loop
      vertex   -7.616077e+01 -4.825117e+00 7.857143e+00
      vertex   -7.618913e+01 -4.890495e+00 1.100000e+01
      vertex   -7.623480e+01 -4.973789e+00 7.857143e+00
    endloop
  endfacet
  facet normal 8.584483e-01 -5.128990e-01 1.116891e-03
    outer loop
      vertex   -7.623480e+01 -4.973789e+00 7.857143e+00
      vertex   -7.618913e+01 -4.890495e+00 1.100000e+01
      vertex   -7.627188e+01 -5.029007e+00 1.100000e+01
    endloop
  endfacet
  facet normal 7.980167e-01 -6.026342e-01 -1.172680e-03
    outer loop
      vertex   -7.623480e+01 -4.973789e+00 7.857143e+00
      vertex   -7.627188e+01 -5.029007e+00 1.100000e+01
      vertex   -7.633489e+01 -5.106326e+00 7.857143e+00
    endloop
  endfacet
  facet normal 7.530710e-01 -6.579383e-01 1.088951e-03
    outer loop
      vertex   -7.633489e+01 -5.106326e+00 7.857143e+00
      vertex   -7.627188e+01 -5.029007e+00 1.100000e+01
      vertex   -7.637804e+01 -5.150515e+00 1.100000e+01
    endloop
  endfacet
  facet normal 6.736952e-01 -7.390084e-01 -1.140749e-03
    outer loop
      vertex   -7.633489e+01 -5.106326e+00 7.857143e+00
      vertex   -7.637804e+01 -5.150515e+00 1.100000e+01
      vertex   -7.645763e+01 -5.218216e+00 7.857143e+00
    endloop
  endfacet
  facet normal 6.234895e-01 -7.818310e-01 1.053029e-03
    outer loop
      vertex   -7.645763e+01 -5.218216e+00 7.857143e+00
      vertex   -7.637804e+01 -5.150515e+00 1.100000e+01
      vertex   -7.650419e+01 -5.251116e+00 1.100000e+01
    endloop
  endfacet
  facet normal 5.264318e-01 -8.502166e-01 -1.100837e-03
    outer loop
      vertex   -7.645763e+01 -5.218216e+00 7.857143e+00
      vertex   -7.650419e+01 -5.251116e+00 1.100000e+01
      vertex   -7.659884e+01 -5.305647e+00 7.857143e+00
    endloop
  endfacet
  facet normal 4.738684e-01 -8.805951e-01 1.009128e-03
    outer loop
      vertex   -7.659884e+01 -5.305647e+00 7.857143e+00
      vertex   -7.650419e+01 -5.251116e+00 1.100000e+01
      vertex   -7.664628e+01 -5.327575e+00 1.100000e+01
    endloop
  endfacet
  facet normal 3.612415e-01 -9.324717e-01 -1.052945e-03
    outer loop
      vertex   -7.659884e+01 -5.305647e+00 7.857143e+00
      vertex   -7.664628e+01 -5.327575e+00 1.100000e+01
      vertex   -7.675370e+01 -5.365643e+00 7.857143e+00
    endloop
  endfacet
  facet normal 3.090169e-01 -9.510561e-01 9.572462e-04
    outer loop
      vertex   -7.675370e+01 -5.365643e+00 7.857143e+00
      vertex   -7.664628e+01 -5.327575e+00 1.100000e+01
      vertex   -7.679973e+01 -5.377435e+00 1.100000e+01
    endloop
  endfacet
  facet normal 1.837494e-01 -9.829726e-01 -9.970747e-04
    outer loop
      vertex   -7.675370e+01 -5.365643e+00 7.857143e+00
      vertex   -7.679973e+01 -5.377435e+00 1.100000e+01
      vertex   -7.691696e+01 -5.396161e+00 7.857143e+00
    endloop
  endfacet
  facet normal 1.342332e-01 -9.909494e-01 8.973871e-04
    outer loop
      vertex   -7.691696e+01 -5.396161e+00 7.857143e+00
      vertex   -7.679973e+01 -5.377435e+00 1.100000e+01
      vertex   -7.695962e+01 -5.399094e+00 1.100000e+01
    endloop
  endfacet
  facet normal -0.000000e+00 -9.999996e-01 -9.332273e-04
    outer loop
      vertex   -7.691696e+01 -5.396161e+00 7.857143e+00
      vertex   -7.695962e+01 -5.399094e+00 1.100000e+01
      vertex   -7.708304e+01 -5.396161e+00 7.857143e+00
    endloop
  endfacet
  facet normal -4.486481e-02 -9.989927e-01 8.295518e-04
    outer loop
      vertex   -7.708304e+01 -5.396161e+00 7.857143e+00
      vertex   -7.695962e+01 -5.399094e+00 1.100000e+01
      vertex   -7.712081e+01 -5.391855e+00 1.100000e+01
    endloop
  endfacet
  facet normal -1.837494e-01 -9.829727e-01 -8.614046e-04
    outer loop
      vertex   -7.708304e+01 -5.396161e+00 7.857143e+00
      vertex   -7.712081e+01 -5.391855e+00 1.100000e+01
      vertex   -7.724630e+01 -5.365643e+00 7.857143e+00
    endloop
  endfacet
  facet normal -2.225209e-01 -9.749276e-01 7.537422e-04
    outer loop
      vertex   -7.724630e+01 -5.365643e+00 7.857143e+00
      vertex   -7.712081e+01 -5.391855e+00 1.100000e+01
      vertex   -7.727812e+01 -5.355951e+00 1.100000e+01
    endloop
  endfacet
  facet normal -3.612416e-01 -9.324719e-01 -7.816086e-04
    outer loop
      vertex   -7.724630e+01 -5.365643e+00 7.857143e+00
      vertex   -7.727812e+01 -5.355951e+00 1.100000e+01
      vertex   -7.740116e+01 -5.305647e+00 7.857143e+00
    endloop
  endfacet
  facet normal -3.930249e-01 -9.195276e-01 6.699604e-04
    outer loop
      vertex   -7.740116e+01 -5.305647e+00 7.857143e+00
      vertex   -7.727812e+01 -5.355951e+00 1.100000e+01
      vertex   -7.742648e+01 -5.292536e+00 1.100000e+01
    endloop
  endfacet
  facet normal -5.264320e-01 -8.502169e-01 -6.938416e-04
    outer loop
      vertex   -7.740116e+01 -5.305647e+00 7.857143e+00
      vertex   -7.742648e+01 -5.292536e+00 1.100000e+01
      vertex   -7.754237e+01 -5.218216e+00 7.857143e+00
    endloop
  endfacet
  facet normal -5.508969e-01 -8.345731e-01 5.782087e-04
    outer loop
      vertex   -7.754237e+01 -5.218216e+00 7.857143e+00
      vertex   -7.742648e+01 -5.292536e+00 1.100000e+01
      vertex   -7.756114e+01 -5.203648e+00 1.100000e+01
    endloop
  endfacet
  facet normal -6.736955e-01 -7.390088e-01 -5.981060e-04
    outer loop
      vertex   -7.754237e+01 -5.218216e+00 7.857143e+00
      vertex   -7.756114e+01 -5.203648e+00 1.100000e+01
      vertex   -7.766511e+01 -5.106326e+00 7.857143e+00
    endloop
  endfacet
  facet normal -6.910626e-01 -7.227948e-01 4.784898e-04
    outer loop
      vertex   -7.766511e+01 -5.106326e+00 7.857143e+00
      vertex   -7.756114e+01 -5.203648e+00 1.100000e+01
      vertex   -7.767776e+01 -5.092145e+00 1.100000e+01
    endloop
  endfacet
  facet normal -7.980171e-01 -6.026346e-01 -4.944044e-04
    outer loop
      vertex   -7.766511e+01 -5.106326e+00 7.857143e+00
      vertex   -7.767776e+01 -5.092145e+00 1.100000e+01
      vertex   -7.776520e+01 -4.973789e+00 7.857143e+00
    endloop
  endfacet
  facet normal -8.090169e-01 -5.877852e-01 3.708063e-04
    outer loop
      vertex   -7.776520e+01 -4.973789e+00 7.857143e+00
      vertex   -7.767776e+01 -5.092145e+00 1.100000e+01
      vertex   -7.777260e+01 -4.961609e+00 1.100000e+01
    endloop
  endfacet
  facet normal -8.951632e-01 -4.457383e-01 -3.827398e-04
    outer loop
      vertex   -7.776520e+01 -4.973789e+00 7.857143e+00
      vertex   -7.777260e+01 -4.961609e+00 1.100000e+01
      vertex   -7.783923e+01 -4.825117e+00 7.857143e+00
    endloop
  endfacet
  facet normal -9.009688e-01 -4.338837e-01 2.551614e-04
    outer loop
      vertex   -7.783923e+01 -4.825117e+00 7.857143e+00
      vertex   -7.777260e+01 -4.961609e+00 1.100000e+01
      vertex   -7.784261e+01 -4.816237e+00 1.100000e+01
    endloop
  endfacet
  facet normal -9.618256e-01 -2.736630e-01 -2.631153e-04
    outer loop
      vertex   -7.783923e+01 -4.825117e+00 7.857143e+00
      vertex   -7.784261e+01 -4.816237e+00 1.100000e+01
      vertex   -7.788468e+01 -4.665375e+00 7.857143e+00
    endloop
  endfacet
  facet normal -9.639629e-01 -2.660368e-01 1.315581e-04
    outer loop
      vertex   -7.788468e+01 -4.665375e+00 7.857143e+00
      vertex   -7.784261e+01 -4.816237e+00 1.100000e+01
      vertex   -7.788554e+01 -4.660701e+00 1.100000e+01
    endloop
  endfacet
  facet normal -9.957342e-01 -9.226836e-02 -1.355342e-04
    outer loop
      vertex   -7.788468e+01 -4.665375e+00 7.857143e+00
      vertex   -7.788554e+01 -4.660701e+00 1.100000e+01
      vertex   -7.790000e+01 -4.500000e+00 7.857143e+00
    endloop
  endfacet
  facet normal -9.957342e-01 9.226836e-02 0.000000e+00
    outer loop
      vertex   -7.790000e+01 -4.500000e+00 -7.857143e+00
      vertex   -7.790000e+01 -4.500000e+00 -4.714286e+00
      vertex   -7.788468e+01 -4.334625e+00 -7.857143e+00
    endloop
  endfacet
  facet normal -9.957342e-01 9.226836e-02 0.000000e+00
    outer loop
      vertex   -7.788468e+01 -4.334625e+00 -7.857143e+00
      vertex   -7.790000e+01 -4.500000e+00 -4.714286e+00
      vertex   -7.788468e+01 -4.334625e+00 -4.714286e+00
    endloop
  endfacet
  facet normal -9.618256e-01 2.736630e-01 0.000000e+00
    outer loop
      vertex   -7.788468e+01 -4.334625e+00 -7.857143e+00
      vertex   -7.788468e+01 -4.334625e+00 -4.714286e+00
      vertex   -7.783923e+01 -4.174883e+00 -7.857143e+00
    endloop
  endfacet
  facet normal -9.618256e-01 2.736630e-01 0.000000e+00
    outer loop
      vertex   -7.783923e+01 -4.174883e+00 -7.857143e+00
      vertex   -7.788468e+01 -4.334625e+00 -4.714286e+00
      vertex   -7.783923e+01 -4.174883e+00 -4.714286e+00
    endloop
  endfacet
  facet normal -8.951633e-01 4.457384e-01 0.000000e+00
    outer loop
      vertex   -7.783923e+01 -4.174883e+00 -7.857143e+00
      vertex   -7.783923e+01 -4.174883e+00 -4.714286e+00
      vertex   -7.776520e+01 -4.026211e+00 -7.857143e+00
    endloop
  endfacet
  facet normal -8.951633e-01 4.457384e-01 0.000000e+00
    outer loop
      vertex   -7.776520e+01 -4.026211e+00 -7.857143e+00
      vertex   -7.783923e+01 -4.174883e+00 -4.714286e+00
      vertex   -7.776520e+01 -4.026211e+00 -4.714286e+00
    endloop
  endfacet
  facet normal -7.980172e-01 6.026346e-01 0.000000e+00
    outer loop
      vertex   -7.776520e+01 -4.026211e+00 -7.857143e+00
      vertex   -7.776520e+01 -4.026211e+00 -4.714286e+00
      vertex   -7.766511e+01 -3.893674e+00 -7.857143e+00
    endloop
  endfacet
  facet normal -7.980172e-01 6.026346e-01 0.000000e+00
    outer loop
      vertex   -7.766511e+01 -3.893674e+00 -7.857143e+00
      vertex   -7.776520e+01 -4.026211e+00 -4.714286e+00
      vertex   -7.766511e+01 -3.893674e+00 -4.714286e+00
    endloop
  endfacet
  facet normal -6.736956e-01 7.390089e-01 0.000000e+00
    outer loop
      vertex   -7.766511e+01 -3.893674e+00 -7.857143e+00
      vertex   -7.766511e+01 -3.893674e+00 -4.714286e+00
      vertex   -7.754237e+01 -3.781784e+00 -7.857143e+00
    endloop
  endfacet
  facet normal -6.736956e-01 7.390089e-01 0.000000e+00
    outer loop
      vertex   -7.754237e+01 -3.781784e+00 -7.857143e+00
      vertex   -7.766511e+01 -3.893674e+00 -4.714286e+00
      vertex   -7.754237e+01 -3.781784e+00 -4.714286e+00
    endloop
  endfacet
  facet normal -5.264322e-01 8.502171e-01 0.000000e+00
    outer loop
      vertex   -7.754237e+01 -3.781784e+00 -7.857143e+00
      vertex   -7.754237e+01 -3.781784e+00 -4.714286e+00
      vertex   -7.740116e+01 -3.694353e+00 -7.857143e+00
    endloop
  endfacet
  facet normal -5.264322e-01 8.502171e-01 0.000000e+00
    outer loop
      vertex   -7.740116e+01 -3.694353e+00 -7.857143e+00
      vertex   -7.754237e+01 -3.781784e+00 -4.714286e+00
      vertex   -7.740116e+01 -3.694353e+00 -4.714286e+00
    endloop
  endfacet
  facet normal -3.612417e-01 9.324722e-01 0.000000e+00
    outer loop
      vertex   -7.740116e+01 -3.694353e+00 -7.857143e+00
      vertex   -7.740116e+01 -3.694353e+00 -4.714286e+00
      vertex   -7.724630e+01 -3.634357e+00 -7.857143e+00
    endloop
  endfacet
  facet normal -3.612417e-01 9.324722e-01 0.000000e+00
    outer loop
      vertex   -7.724630e+01 -3.634357e+00 -7.857143e+00
      vertex   -7.740116e+01 -3.694353e+00 -4.714286e+00
      vertex   -7.724630e+01 -3.634357e+00 -4.714286e+00
    endloop
  endfacet
  facet normal -1.837495e-01 9.829731e-01 0.000000e+00
    outer loop
      vertex   -7.724630e+01 -3.634357e+00 -7.857143e+00
      vertex   -7.724630e+01 -3.634357e+00 -4.714286e+00
      vertex   -7.708304e+01 -3.603839e+00 -7.857143e+00
    endloop
  endfacet
  facet normal -1.837495e-01 9.829731e-01 0.000000e+00
    outer loop
      vertex   -7.708304e+01 -3.603839e+00 -7.857143e+00
      vertex   -7.724630e+01 -3.634357e+00 -4.714286e+00
      vertex   -7.708304e+01 -3.603839e+00 -4.714286e+00
    endloop
  endfacet
  facet normal 0.000000e+00 1.000000e+00 0.000000e+00
    outer loop
      vertex   -7.708304e+01 -3.603839e+00 -7.857143e+00
      vertex   -7.708304e+01 -3.603839e+00 -4.714286e+00
      vertex   -7.691696e+01 -3.603839e+00 -7.857143e+00
    endloop
  endfacet
  facet normal 0.000000e+00 1.000000e+00 -0.000000e+00
    outer loop
      vertex   -7.691696e+01 -3.603839e+00 -7.857143e+00
      vertex   -7.708304e+01 -3.603839e+00 -4.714286e+00
      vertex   -7.691696e+01 -3.603839e+00 -4.714286e+00
    endloop
  endfacet
  facet normal 1.837495e-01 9.829731e-01 -0.000000e+00
    outer loop
      vertex   -7.691696e+01 -3.603839e+00 -7.857143e+00
      vertex   -7.691696e+01 -3.603839e+00 -4.714286e+00
      vertex   -7.675370e+01 -3.634357e+00 -7.857143e+00
    endloop
  endfacet
  facet normal 1.837495e-01 9.829731e-01 -0.000000e+00
    outer loop
      vertex   -7.675370e+01 -3.634357e+00 -7.857143e+00
      vertex   -7.691696e+01 -3.603839e+00 -4.714286e+00
      vertex   -7.675370e+01 -3.634357e+00 -4.714286e+00
    endloop
  endfacet
  facet normal 3.612417e-01 9.324722e-01 -0.000000e+00
    outer loop
      vertex   -7.675370e+01 -3.634357e+00 -7.857143e+00
      vertex   -7.675370e+01 -3.634357e+00 -4.714286e+00
      vertex   -7.659884e+01 -3.694353e+00 -7.857143e+00
    endloop
  endfacet
  facet normal 3.612417e-01 9.324722e-01 -0.000000e+00
    outer loop
      vertex   -7.659884e+01 -3.694353e+00 -7.857143e+00
      vertex   -7.675370e+01 -3.634357e+00 -4.714286e+00
      vertex   -7.659884e+01 -3.694353e+00 -4.714286e+00
    endloop
  endfacet
  facet normal 5.264322e-01 8.502171e-01 -0.000000e+00
    outer loop
      vertex   -7.659884e+01 -3.694353e+00 -7.857143e+00
      vertex   -7.659884e+01 -3.694353e+00 -4.714286e+00
      vertex   -7.645763e+01 -3.781784e+00 -7.857143e+00
    endloop
  endfacet
  facet normal 5.264322e-01 8.502171e-01 -0.000000e+00
    outer loop
      vertex   -7.645763e+01 -3.781784e+00 -7.857143e+00
      vertex   -7.659884e+01 -3.694353e+00 -4.714286e+00
      vertex   -7.645763e+01 -3.781784e+00 -4.714286e+00
    endloop
  endfacet
  facet normal 6.736956e-01 7.390089e-01 -0.000000e+00
    outer loop
      vertex   -7.645763e+01 -3.781784e+00 -7.857143e+00
      vertex   -7.645763e+01 -3.781784e+00 -4.714286e+00
      vertex   -7.633489e+01 -3.893674e+00 -7.857143e+00
    endloop
  endfacet
  facet normal 6.736956e-01 7.390089e-01 -0.000000e+00
    outer loop
      vertex   -7.633489e+01 -3.893674e+00 -7.857143e+00
      vertex   -7.645763e+01 -3.781784e+00 -4.714286e+00
      vertex   -7.633489e+01 -3.893674e+00 -4.714286e+00
    endloop
  endfacet
  facet normal 7.980172e-01 6.026346e-01 -0.000000e+00
    outer loop
      vertex   -7.633489e+01 -3.893674e+00 -7.857143e+00
      vertex   -7.633489e+01 -3.893674e+00 -4.714286e+00
      vertex   -7.623480e+01 -4.026211e+00 -7.857143e+00
    endloop
  endfacet
  facet normal 7.980172e-01 6.026346e-01 -0.000000e+00
    outer loop
      vertex   -7.623480e+01 -4.026211e+00 -7.857143e+00
      vertex   -7.633489e+01 -3.893674e+00 -4.714286e+00
      vertex   -7.623480e+01 -4.026211e+00 -4.714286e+00
    endloop
  endfacet
  facet normal 8.951633e-01 4.457384e-01 -0.000000e+00
    outer loop
      vertex   -7.623480e+01 -4.026211e+00 -7.857143e+00
      vertex   -7.623480e+01 -4.026211e+00 -4.714286e+00
      vertex   -7.616077e+01 -4.174883e+00 -7.857143e+00
    endloop
  endfacet
  facet normal 8.951633e-01 4.457384e-01 -0.000000e+00
    outer loop
      vertex   -7.616077e+01 -4.174883e+00 -7.857143e+00
      vertex   -7.623480e+01 -4.026211e+00 -4.714286e+00
      vertex   -7.616077e+01 -4.174883e+00 -4.714286e+00
    endloop
  endfacet
  facet normal 9.618256e-01 2.736630e-01 -0.000000e+00
    outer loop
      vertex   -7.616077e+01 -4.174883e+00 -7.857143e+00
      vertex   -7.616077e+01 -4.174883e+00 -4.714286e+00
      vertex   -7.611532e+01 -4.334625e+00 -7.857143e+00
    endloop
  endfacet
  facet normal 9.618256e-01 2.736630e-01 -0.000000e+00
    outer loop
      vertex   -7.611532e+01 -4.334625e+00 -7.857143e+00
      vertex   -7.616077e+01 -4.174883e+00 -4.714286e+00
      vertex   -7.611532e+01 -4.334625e+00 -4.714286e+00
    endloop
  endfacet
  facet normal 9.957342e-01 9.226836e-02 -0.000000e+00
    outer loop
      vertex   -7.611532e+01 -4.334625e+00 -7.857143e+00
      vertex   -7.611532e+01 -4.334625e+00 -4.714286e+00
      vertex   -7.610000e+01 -4.500000e+00 -7.857143e+00
    endloop
  endfacet
  facet normal 9.957342e-01 9.226836e-02 -0.000000e+00
    outer loop
      vertex   -7.610000e+01 -4.500000e+00 -7.857143e+00
      vertex   -7.611532e+01 -4.334625e+00 -4.714286e+00
      vertex   -7.610000e+01 -4.500000e+00 -4.714286e+00
    endloop
  endfacet
  facet normal 9.957342e-01 -9.226836e-02 0.000000e+00
    outer loop
      vertex   -7.610000e+01 -4.500000e+00 -7.857143e+00
      vertex   -7.610000e+01 -4.500000e+00 -4.714286e+00
      vertex   -7.611532e+01 -4.665375e+00 -7.857143e+00
    endloop
  endfacet
  facet normal 9.957342e-01 -9.226836e-02 0.000000e+00
    outer loop
      vertex   -7.611532e+01 -4.665375e+00 -7.857143e+00
      vertex   -7.610000e+01 -4.500000e+00 -4.714286e+00
      vertex   -7.611532e+01 -4.665375e+00 -4.714286e+00
    endloop
  endfacet
  facet normal 9.618256e-01 -2.736630e-01 0.000000e+00
    outer loop
      vertex   -7.611532e+01 -4.665375e+00 -7.857143e+00
      vertex   -7.611532e+01 -4.665375e+00 -4.714286e+00
      vertex   -7.616077e+01 -4.825117e+00 -7.857143e+00
    endloop
  endfacet
  facet normal 9.618256e-01 -2.736630e-01 0.000000e+00
    outer loop
      vertex   -7.616077e+01 -4.825117e+00 -7.857143e+00
      vertex   -7.611532e+01 -4.665375e+00 -4.714286e+00
      vertex   -7.616077e+01 -4.825117e+00 -4.714286e+00
    endloop
  endfacet
  facet normal 8.951633e-01 -4.457384e-01 0.000000e+00
    outer loop
      vertex   -7.616077e+01 -4.825117e+00 -7.857143e+00
      vertex   -7.616077e+01 -4.825117e+00 -4.714286e+00
      vertex   -7.623480e+01 -4.973789e+00 -7.857143e+00
    endloop
  endfacet
  facet normal 8.951633e-01 -4.457384e-01 0.000000e+00
    outer loop
      vertex   -7.623480e+01 -4.973789e+00 -7.857143e+00
      vertex   -7.616077e+01 -4.825117e+00 -4.714286e+00
      vertex   -7.623480e+01 -4.973789e+00 -4.714286e+00
    endloop
  endfacet
  facet normal 7.980172e-01 -6.026346e-01 0.000000e+00
    outer loop
      vertex   -7.623480e+01 -4.973789e+00 -7.857143e+00
      vertex   -7.623480e+01 -4.973789e+00 -4.714286e+00
      vertex   -7.633489e+01 -5.106326e+00 -7.857143e+00
    endloop
  endfacet
  facet normal 7.980172e-01 -6.026346e-01 0.000000e+00
    outer loop
      vertex   -7.633489e+01 -5.106326e+00 -7.857143e+00
      vertex   -7.623480e+01 -4.973789e+00 -4.714286e+00
      vertex   -7.633489e+01 -5.106326e+00 -4.714286e+00
    endloop
  endfacet
  facet normal 6.736956e-01 -7.390089e-01 0.000000e+00
    outer loop
      vertex   -7.633489e+01 -5.106326e+00 -7.857143e+00
      vertex   -7.633489e+01 -5.106326e+00 -4.714286e+00
      vertex   -7.645763e+01 -5.218216e+00 -7.857143e+00
    endloop
  endfacet
  facet normal 6.736956e-01 -7.390089e-01 0.000000e+00
    outer loop
      vertex   -7.645763e+01 -5.218216e+00 -7.857143e+00
      vertex   -7.633489e+01 -5.106326e+00 -4.714286e+00
      vertex   -7.645763e+01 -5.218216e+00 -4.714286e+00
    endloop
  endfacet
  facet normal 5.264322e-01 -8.502171e-01 0.000000e+00
    outer loop
      vertex   -7.645763e+01 -5.218216e+00 -7.857143e+00
      vertex   -7.645763e+01 -5.218216e+00 -4.714286e+00
      vertex   -7.659884e+01 -5.305647e+00 -7.857143e+00
    endloop
  endfacet
  facet normal 5.264322e-01 -8.502171e-01 0.000000e+00
    outer loop
      vertex   -7.659884e+01 -5.305647e+00 -7.857143e+00
      vertex   -7.645763e+01 -5.218216e+00 -4.714286e+00
      vertex   -7.659884e+01 -5.305647e+00 -4.714286e+00
    endloop
  endfacet
  facet normal 3.612417e-01 -9.324722e-01 0.000000e+00
    outer loop
      vertex   -7.659884e+01 -5.305647e+00 -7.857143e+00
      vertex   -7.659884e+01 -5.305647e+00 -4.714286e+00
      vertex   -7.675370e+01 -5.365643e+00 -7.857143e+00
    endloop
  endfacet
  facet normal 3.612417e-01 -9.324722e-01 0.000000e+00
    outer loop
      vertex   -7.675370e+01 -5.365643e+00 -7.857143e+00
      vertex   -7.659884e+01 -5.305647e+00 -4.714286e+00
      vertex   -7.675370e+01 -5.365643e+00 -4.714286e+00
    endloop
  endfacet
  facet normal 1.837495e-01 -9.829731e-01 0.000000e+00
    outer loop
      vertex   -7.675370e+01 -5.365643e+00 -7.857143e+00
      vertex   -7.675370e+01 -5.365643e+00 -4.714286e+00
      vertex   -7.691696e+01 -5.396161e+00 -7.857143e+00
    endloop
  endfacet
  facet normal 1.837495e-01 -9.829731e-01 0.000000e+00
    outer loop
      vertex   -7.691696e+01 -5.396161e+00 -7.857143e+00
      vertex   -7.675370e+01 -5.365643e+00 -4.714286e+00
      vertex   -7.691696e+01 -5.396161e+00 -4.714286e+00
    endloop
  endfacet
  facet normal 0.000000e+00 -1.000000e+00 0.000000e+00
    outer loop
      vertex   -7.691696e+01 -5.396161e+00 -7.857143e+00
      vertex   -7.691696e+01 -5.396161e+00 -4.714286e+00
      vertex   -7.708304e+01 -5.396161e+00 -7.857143e+00
    endloop
  endfacet
  facet normal 0.000000e+00 -1.000000e+00 0.000000e+00
    outer loop
      vertex   -7.708304e+01 -5.396161e+00 -7.857143e+00
      vertex   -7.691696e+01 -5.396161e+00 -4.714286e+00
      vertex   -7.708304e+01 -5.396161e+00 -4.714286e+00
    endloop
  endfacet
  facet normal -1.837495e-01 -9.829731e-01 0.000000e+00
    outer loop
      vertex   -7.708304e+01 -5.396161e+00 -7.857143e+00
      vertex   -7.708304e+01 -5.396161e+00 -4.714286e+00
      vertex   -7.724630e+01 -5.365643e+00 -7.857143e+00
    endloop
  endfacet
  facet normal -1.837495e-01 -9.829731e-01 0.000000e+00
    outer loop
      vertex   -7.724630e+01 -5.365643e+00 -7.857143e+00
      vertex   -7.708304e+01 -5.396161e+00 -4.714286e+00
      vertex   -7.724630e+01 -5.365643e+00 -4.714286e+00
    endloop
  endfacet
  facet normal -3.612417e-01 -9.324722e-01 0.000000e+00
    outer loop
      vertex   -7.724630e+01 -5.365643e+00 -7.857143e+00
      vertex   -7.724630e+01 -5.365643e+00 -4.714286e+00
      vertex   -7.740116e+01 -5.305647e+00 -7.857143e+00
    endloop
  endfacet
  facet normal -3.612417e-01 -9.324722e-01 0.000000e+00
    outer loop
      vertex   -7.740116e+01 -5.305647e+00 -7.857143e+00
      vertex   -7.724630e+01 -5.365643e+00 -4.714286e+00
      vertex   -7.740116e+01 -5.305647e+00 -4.714286e+00
    endloop
  endfacet
  facet normal -5.264322e-01 -8.502171e-01 0.000000e+00
    outer loop
      vertex   -7.740116e+01 -5.305647e+00 -7.857143e+00
      vertex   -7.740116e+01 -5.305647e+00 -4.714286e+00
      vertex   -7.754237e+01 -5.218216e+00 -7.857143e+00
    endloop
  endfacet
  facet normal -5.264322e-01 -8.502171e-01 0.000000e+00
    outer loop
      vertex   -7.754237e+01 -5.218216e+00 -7.857143e+00
      vertex   -7.740116e+01 -5.305647e+00 -4.714286e+00
      vertex   -7.754237e+01 -5.218216e+00 -4.714286e+00
    endloop
  endfacet
  facet normal -6.736956e-01 -7.390089e-01 0.000000e+00
    outer loop
      vertex   -7.754237e+01 -5.218216e+00 -7.857143e+00
      vertex   -7.754237e+01 -5.218216e+00 -4.714286e+00
      vertex   -7.766511e+01 -5.106326e+00 -7.857143e+00
    endloop
  endfacet
  facet normal -6.736956e-01 -7.390089e-01 0.000000e+00
    outer loop
      vertex   -7.766511e+01 -5.106326e+00 -7.857143e+00
      vertex   -7.754237e+01 -5.218216e+00 -4.714286e+00
      vertex   -7.766511e+01 -5.106326e+00 -4.714286e+00
    endloop
  endfacet
  facet normal -7.980172e-01 -6.026346e-01 0.000000e+00
    outer loop
      vertex   -7.766511e+01 -5.106326e+00 -7.857143e+00
      vertex   -7.766511e+01 -5.106326e+00 -4.714286e+00
      vertex   -7.776520e+01 -4.973789e+00 -7.857143e+00
    endloop
  endfacet
  facet normal -7.980172e-01 -6.026346e-01 0.000000e+00
    outer loop
      vertex   -7.776520e+01 -4.973789e+00 -7.857143e+00
      vertex   -7.766511e+01 -5.106326e+00 -4.714286e+00
      vertex   -7.776520e+01 -4.973789e+00 -4.714286e+00
    endloop
  endfacet
  facet normal -8.951633e-01 -4.457384e-01 0.000000e+00
    outer loop
      vertex   -7.776520e+01 -4.973789e+00 -7.857143e+00
      vertex   -7.776520e+01 -4.973789e+00 -4.714286e+00
      vertex   -7.783923e+01 -4.825117e+00 -7.857143e+00
    endloop
  endfacet
  facet normal -8.951633e-01 -4.457384e-01 0.000000e+00
    outer loop
      vertex   -7.783923e+01 -4.825117e+00 -7.857143e+00
      vertex   -7.776520e+01 -4.973789e+00 -4.714286e+00
      vertex   -7.783923e+01 -4.825117e+00 -4.714286e+00
    endloop
  endfacet
  facet normal -9.618256e-01 -2.736630e-01 0.000000e+00
    outer loop
      vertex   -7.783923e+01 -4.825117e+00 -7.857143e+00
      vertex   -7.783923e+01 -4.825117e+00 -4.714286e+00
      vertex   -7.788468e+01 -4.665375e+00 -7.857143e+00
    endloop
  endfacet
  facet normal -9.618256e-01 -2.736630e-01 0.000000e+00
    outer loop
      vertex   -7.788468e+01 -4.665375e+00 -7.857143e+00
      vertex   -7.783923e+01 -4.825117e+00 -4.714286e+00
      vertex   -7.788468e+01 -4.665375e+00 -4.714286e+00
    endloop
  endfacet
  facet normal -9.957342e-01 -9.226836e-02 0.000000e+00
    outer loop
      vertex   -7.788468e+01 -4.665375e+00 -7.857143e+00
      vertex   -7.788468e+01 -4.665375e+00 -4.714286e+00
      vertex   -7.790000e+01 -4.500000e+00 -7.857143e+00
    endloop
  endfacet
  facet normal -9.957342e-01 -9.226836e-02 0.000000e+00
    outer loop
      vertex   -7.790000e+01 -4.500000e+00 -7.857143e+00
      vertex   -7.788468e+01 -4.665375e+00 -4.714286e+00
      vertex   -7.790000e+01 -4.500000e+00 -4.714286e+00
    endloop
  endfacet
  facet normal -9.957342e-01 9.226836e-02 0.000000e+00
    outer loop
      vertex   -7.790000e+01 -4.500000e+00 -4.714286e+00
      vertex   -7.790000e+01 -4.500000e+00 -1.571429e+00
      vertex   -7.788468e+01 -4.334625e+00 -4.714286e+00
    endloop
  endfacet
  facet normal -9.957342e-01 9.226836e-02 0.000000e+00
    outer loop
      vertex   -7.788468e+01 -4.334625e+00 -4.714286e+00
      vertex   -7.790000e+01 -4.500000e+00 -1.571429e+00
      vertex   -7.788468e+01 -4.334625e+00 -1.571429e+00
    endloop
  endfacet
  facet normal -9.618256e-01 2.736630e-01 0.000000e+00
    outer loop
      vertex   -7.788468e+01 -4.334625e+00 -4.714286e+00
      vertex   -7.788468e+01 -4.334625e+00 -1.571429e+00
      vertex   -7.783923e+01 -4.174883e+00 -4.714286e+00
    endloop
  endfacet
  facet normal -9.618256e-01 2.736630e-01 0.000000e+00
    outer loop
      vertex   -7.783923e+01 -4.174883e+00 -4.714286e+00
      vertex   -7.788468e+01 -4.334625e+00 -1.571429e+00
      vertex   -7.783923e+01 -4.174883e+00 -1.571429e+00
    endloop
  endfacet
  facet normal -8.951633e-01 4.457384e-01 0.000000e+00
    outer loop
      vertex   -7.783923e+01 -4.174883e+00 -4.714286e+00
      vertex   -7.783923e+01 -4.174883e+00 -1.571429e+00
      vertex   -7.776520e+01 -4.026211e+00 -4.714286e+00
    endloop
  endfacet
  facet normal -8.951633e-01 4.457384e-01 0.000000e+00
    outer loop
      vertex   -7.776520e+01 -4.026211e+00 -4.714286e+00
      vertex   -7.783923e+01 -4.174883e+00 -1.571429e+00
      vertex   -7.776520e+01 -4.026211e+00 -1.571429e+00
    endloop
  endfacet
  facet normal -7.980172e-01 6.026346e-01 0.000000e+00
    outer loop
      vertex   -7.776520e+01 -4.026211e+00 -4.714286e+00
      vertex   -7.776520e+01 -4.026211e+00 -1.571429e+00
      vertex   -7.766511e+01 -3.893674e+00 -4.714286e+00
    endloop
  endfacet
  facet normal -7.980172e-01 6.026346e-01 0.000000e+00
    outer loop
      vertex   -7.766511e+01 -3.893674e+00 -4.714286e+00
      vertex   -7.776520e+01 -4.026211e+00 -1.571429e+00
      vertex   -7.766511e+01 -3.893674e+00 -1.571429e+00
    endloop
  endfacet
  facet normal -6.736956e-01 7.390089e-01 0.000000e+00
    outer loop
      vertex   -7.766511e+01 -3.893674e+00 -4.714286e+00
      vertex   -7.766511e+01 -3.893674e+00 -1.571429e+00
      vertex   -7.754237e+01 -3.781784e+00 -4.714286e+00
    endloop
  endfacet
  facet normal -6.736956e-01 7.390089e-01 0.000000e+00
    outer loop
      vertex   -7.754237e+01 -3.781784e+00 -4.714286e+00
      vertex   -7.766511e+01 -3.893674e+00 -1.571429e+00
      vertex   -7.754237e+01 -3.781784e+00 -1.571429e+00
    endloop
  endfacet
  facet normal -5.264322e-01 8.502171e-01 0.000000e+00
    outer loop
      vertex   -7.754237e+01 -3.781784e+00 -4.714286e+00
      vertex   -7.754237e+01 -3.781784e+00 -1.571429e+00
      vertex   -7.740116e+01 -3.694353e+00 -4.714286e+00
    endloop
  endfacet
  facet normal -5.264322e-01 8.502171e-01 0.000000e+00
    outer loop
      vertex   -7.740116e+01 -3.694353e+00 -4.714286e+00
      vertex   -7.754237e+01 -3.781784e+00 -1.571429e+00
      vertex   -7.740116e+01 -3.694353e+00 -1.571429e+00
    endloop
  endfacet
  facet normal -3.612417e-01 9.324722e-01 0.000000e+00
    outer loop
      vertex   -7.740116e+01 -3.694353e+00 -4.714286e+00
      vertex   -7.740116e+01 -3.694353e+00 -1.571429e+00
      vertex   -7.724630e+01 -3.634357e+00 -4.714286e+00
    endloop
  endfacet
  facet normal -3.612417e-01 9.324722e-01 0.000000e+00
    outer loop
      vertex   -7.724630e+01 -3.634357e+00 -4.714286e+00
      vertex   -7.740116e+01 -3.694353e+00 -1.571429e+00
      vertex   -7.724630e+01 -3.634357e+00 -1.571429e+00
    endloop
  endfacet
  facet normal -1.837495e-01 9.829731e-01 0.000000e+00
    outer loop
      vertex   -7.724630e+01 -3.634357e+00 -4.714286e+00
      vertex   -7.724630e+01 -3.634357e+00 -1.571429e+00
      vertex   -7.708304e+01 -3.603839e+00 -4.714286e+00
    endloop
  endfacet
  facet normal -1.837495e-01 9.829731e-01 0.000000e+00
    outer loop
      vertex   -7.708304e+01 -3.603839e+00 -4.714286e+00
      vertex   -7.724630e+01 -3.634357e+00 -1.571429e+00
      vertex   -7.708304e+01 -3.603839e+00 -1.571429e+00
    endloop
  endfacet
  facet normal 0.000000e+00 1.000000e+00 0.000000e+00
    outer loop
      vertex   -7.708304e+01 -3.603839e+00 -4.714286e+00
      vertex   -7.708304e+01 -3.603839e+00 -1.571429e+00
      vertex   -7.691696e+01 -3.603839e+00 -4.714286e+00
    endloop
  endfacet
  facet normal 0.000000e+00 1.000000e+00 -0.000000e+00
    outer loop
      vertex   -7.691696e+01 -3.603839e+00 -4.714286e+00
      vertex   -7.708304e+01 -3.603839e+00 -1.571429e+00
      vertex   -7.691696e+01 -3.603839e+00 -1.571429e+00
    endloop
  endfacet
  facet normal 1.837495e-01 9.829731e-01 -0.000000e+00
    outer loop
      vertex   -7.691696e+01 -3.603839e+00 -4.714286e+00
      vertex   -7.691696e+01 -3.603839e+00 -1.571429e+00
      vertex   -7.675370e+01 -3.634357e+00 -4.714286e+00
    endloop
  endfacet
  facet normal 1.837495e-01 9.829731e-01 -0.000000e+00
    outer loop
      vertex   -7.675370e+01 -3.634357e+00 -4.714286e+00
      vertex   -7.691696e+01 -3.603839e+00 -1.571429e+00
      vertex   -7.675370e+01 -3.634357e+00 -1.571429e+00
    endloop
  endfacet
  facet normal 3.612417e-01 9.324722e-01 -0.000000e+00
    outer loop
      vertex   -7.675370e+01 -3.634357e+00 -4.714286e+00
      vertex   -7.675370e+01 -3.634357e+00 -1.571429e+00
      vertex   -7.659884e+01 -3.694353e+00 -4.714286e+00
    endloop
  endfacet
  facet normal 3.612417e-01 9.324722e-01 -0.000000e+00
    outer loop
      vertex   -7.659884e+01 -3.694353e+00 -4.714286e+00
      vertex   -7.675370e+01 -3.634357e+00 -1.571429e+00
      vertex   -7.659884e+01 -3.694353e+00 -1.571429e+00
    endloop
  endfacet
  facet normal 5.264322e-01 8.502171e-01 -0.000000e+00
    outer loop
      vertex   -7.659884e+01 -3.694353e+00 -4.714286e+00
      vertex   -7.659884e+01 -3.694353e+00 -1.571429e+00
      vertex   -7.645763e+01 -3.781784e+00 -4.714286e+00
    endloop
  endfacet
  facet normal 5.264322e-01 8.502171e-01 -0.000000e+00
    outer loop
      vertex   -7.645763e+01 -3.781784e+00 -4.714286e+00
      vertex   -7.659884e+01 -3.694353e+00 -1.571429e+00
      vertex   -7.645763e+01 -3.781784e+00 -1.571429e+00
    endloop
  endfacet
  facet normal 6.736956e-01 7.390089e-01 -0.000000e+00
    outer loop
      vertex   -7.645763e+01 -3.781784e+00 -4.714286e+00
      vertex   -7.645763e+01 -3.781784e+00 -1.571429e+00
      vertex   -7.633489e+01 -3.893674e+00 -4.714286e+00
    endloop
  endfacet
  facet normal 6.736956e-01 7.390089e-01 -0.000000e+00
    outer loop
      vertex   -7.633489e+01 -3.893674e+00 -4.714286e+00
      vertex   -7.645763e+01 -3.781784e+00 -1.571429e+00
      vertex   -7.633489e+01 -3.893674e+00 -1.571429e+00
    endloop
  endfacet
  facet normal 7.980172e-01 6.026346e-01 -0.000000e+00
    outer loop
      vertex   -7.633489e+01 -3.893674e+00 -4.714286e+00
      vertex   -7.633489e+01 -3.893674e+00 -1.571429e+00
      vertex   -7.623480e+01 -4.026211e+00 -4.714286e+00
    endloop
  endfacet
  facet normal 7.980172e-01 6.026346e-01 -0.000000e+00
    outer loop
      vertex   -7.623480e+01 -4.026211e+00 -4.714286e+00
      vertex   -7.633489e+01 -3.893674e+00 -1.571429e+00
      vertex   -7.623480e+01 -4.026211e+00 -1.571429e+00
    endloop
  endfacet
  facet normal 8.951633e-01 4.457384e-01 -0.000000e+00
    outer loop
      vertex   -7.623480e+01 -4.026211e+00 -4.714286e+00
      vertex   -7.623480e+01 -4.026211e+00 -1.571429e+00
      vertex   -7.616077e+01 -4.174883e+00 -4.714286e+00
    endloop
  endfacet
  facet normal 8.951633e-01 4.457384e-01 -0.000000e+00
    outer loop
      vertex   -7.616077e+01 -4.174883e+00 -4.714286e+00
      vertex   -7.623480e+01 -4.026211e+00 -1.571429e+00
      vertex   -7.616077e+01 -4.174883e+00 -1.571429e+00
    endloop
  endfacet
  facet normal 9.618256e-01 2.736630e-01 -0.000000e+00
    outer loop
      vertex   -7.616077e+01 -4.174883e+00 -4.714286e+00
      vertex   -7.616077e+01 -4.174883e+00 -1.571429e+00
      vertex   -7.611532e+01 -4.334625e+00 -4.714286e+00
    endloop
  endfacet
  facet normal 9.618256e-01 2.736630e-01 -0.000000e+00
    outer loop
      vertex   -7.611532e+01 -4.334625e+00 -4.714286e+00
      vertex   -7.616077e+01 -4.174883e+00 -1.571429e+00
      vertex   -7.611532e+01 -4.334625e+00 -1.571429e+00
    endloop
  endfacet
  facet normal 9.957342e-01 9.226836e-02 -0.000000e+00
    outer loop
      vertex   -7.611532e+01 -4.334625e+00 -4.714286e+00
      vertex   -7.611532e+01 -4.334625e+00 -1.571429e+00
      vertex   -7.610000e+01 -4.500000e+00 -4.714286e+00
    endloop
  endfacet
  facet normal 9.957342e-01 9.226836e-02 -0.000000e+00
    outer loop
      vertex   -7.610000e+01 -4.500000e+00 -4.714286e+00
      vertex   -7.611532e+01 -4.334625e+00 -1.571429e+00
      vertex   -7.610000e+01 -4.500000e+00 -1.571429e+00
    endloop
  endfacet
  facet normal 9.957342e-01 -9.226836e-02 0.000000e+00
    outer loop
      vertex   -7.610000e+01 -4.500000e+00 -4.714286e+00
      vertex   -7.610000e+01 -4.500000e+00 -1.571429e+00
      vertex   -7.611532e+01 -4.665375e+00 -4.714286e+00
    endloop
  endfacet
  facet normal 9.957342e-01 -9.226836e-02 0.000000e+00
    outer loop
      vertex   -7.611532e+01 -4.665375e+00 -4.714286e+00
      vertex   -7.610000e+01 -4.500000e+00 -1.571429e+00
      vertex   -7.611532e+01 -4.665375e+00 -1.571429e+00
    endloop
  endfacet
  facet normal 9.618256e-01 -2.736630e-01 0.000000e+00
    outer loop
      vertex   -7.611532e+01 -4.665375e+00 -4.714286e+00
      vertex   -7.611532e+01 -4.665375e+00 -1.571429e+00
      vertex   -7.616077e+01 -4.825117e+00 -4.714286e+00
    endloop
  endfacet
  facet normal 9.618256e-01 -2.736630e-01 0.000000e+00
    outer loop
      vertex   -7.616077e+01 -4.825117e+00 -4.714286e+00
      vertex   -7.611532e+01 -4.665375e+00 -1.571429e+00
      vertex   -7.616077e+01 -4.825117e+00 -1.571429e+00
    endloop
  endfacet
  facet normal 8.951633e-01 -4.457384e-01 0.000000e+00
    outer loop
      vertex   -7.616077e+01 -4.825117e+00 -4.714286e+00
      vertex   -7.616077e+01 -4.825117e+00 -1.571429e+00
      vertex   -7.623480e+01 -4.973789e+00 -4.714286e+00
    endloop
  endfacet
  facet normal 8.951633e-01 -4.457384e-01 0.000000e+00
    outer loop
      vertex   -7.623480e+01 -4.973789e+00 -4.714286e+00
      vertex   -7.616077e+01 -4.825117e+00 -1.571429e+00
      vertex   -7.623480e+01 -4.973789e+00 -1.571429e+00
    endloop
  endfacet
  facet normal 7.980172e-01 -6.026346e-01 0.000000e+00
    outer loop
      vertex   -7.623480e+01 -4.973789e+00 -4.714286e+00
      vertex   -7.623480e+01 -4.973789e+00 -1.571429e+00
      vertex   -7.633489e+01 -5.106326e+00 -4.714286e+00
    endloop
  endfacet
  facet normal 7.980172e-01 -6.026346e-01 0.000000e+00
    outer loop
      vertex   -7.633489e+01 -5.106326e+00 -4.714286e+00
      vertex   -7.623480e+01 -4.973789e+00 -1.571429e+00
      vertex   -7.633489e+01 -5.106326e+00 -1.571429e+00
    endloop
  endfacet
  facet normal 6.736956e-01 -7.390089e-01 0.000000e+00
    outer loop
      vertex   -7.633489e+01 -5.106326e+00 -4.714286e+00
      vertex   -7.633489e+01 -5.106326e+00 -1.571429e+00
      vertex   -7.645763e+01 -5.218216e+00 -4.714286e+00
    endloop
  endfacet
  facet normal 6.736956e-01 -7.390089e-01 0.000000e+00
    outer loop
      vertex   -7.645763e+01 -5.218216e+00 -4.714286e+00
      vertex   -7.633489e+01 -5.106326e+00 -1.571429e+00
      vertex   -7.645763e+01 -5.218216e+00 -1.571429e+00
    endloop
  endfacet
  facet normal 5.264322e-01 -8.502171e-01 0.000000e+00
    outer loop
      vertex   -7.645763e+01 -5.218216e+00 -4.714286e+00
      vertex   -7.645763e+01 -5.218216e+00 -1.571429e+00
      vertex   -7.659884e+01 -5.305647e+00 -4.714286e+00
    endloop
  endfacet
  facet normal 5.264322e-01 -8.502171e-01 0.000000e+00
    outer loop
      vertex   -7.659884e+01 -5.305647e+00 -4.714286e+00
      vertex   -7.645763e+01 -5.218216e+00 -1.571429e+00
      vertex   -7.659884e+01 -5.305647e+00 -1.571429e+00
    endloop
  endfacet
  facet normal 3.612417e-01 -9.324722e-01 0.000000e+00
    outer loop
      vertex   -7.659884e+01 -5.305647e+00 -4.714286e+00
      vertex   -7.659884e+01 -5.305647e+00 -1.571429e+00
      vertex   -7.675370e+01 -5.365643e+00 -4.714286e+00
    endloop
  endfacet
  facet normal 3.612417e-01 -9.324722e-01 0.000000e+00
    outer loop
      vertex   -7.675370e+01 -5.365643e+00 -4.714286e+00
      vertex   -7.659884e+01 -5.305647e+00 -1.571429e+00
      vertex   -7.675370e+01 -5.365643e+00 -1.571429e+00
    endloop
  endfacet
  facet normal 1.837495e-01 -9.829731e-01 0.000000e+00
    outer loop
      vertex   -7.675370e+01 -5.365643e+00 -4.714286e+00
      vertex   -7.675370e+01 -5.365643e+00 -1.571429e+00
      vertex   -7.691696e+01 -5.396161e+00 -4.714286e+00
    endloop
  endfacet
  facet normal 1.837495e-01 -9.829731e-01 0.000000e+00
    outer loop
      vertex   -7.691696e+01 -5.396161e+00 -4.714286e+00
      vertex   -7.675370e+01 -5.365643e+00 -1.571429e+00
      vertex   -7.691696e+01 -5.396161e+00 -1.571429e+00
    endloop
  endfacet
  facet normal 0.000000e+00 -1.000000e+00 0.000000e+00
    outer loop
      vertex   -7.691696e+01 -5.396161e+00 -4.714286e+00
      vertex   -7.691696e+01 -5.396161e+00 -1.571429e+00
      vertex   -7.708304e+01 -5.396161e+00 -4.714286e+00
    endloop
  endfacet
  facet normal 0.000000e+00 -1.000000e+00 0.000000e+00
    outer loop
      vertex   -7.708304e+01 -5.396161e+00 -4.714286e+00
      vertex   -7.691696e+01 -5.396161e+00 -1.571429e+00
      vertex   -7.708304e+01 -5.396161e+00 -1.571429e+00
    endloop
  endfacet
  facet normal -1.837495e-01 -9.829731e-01 0.000000e+00
    outer loop
      vertex   -7.708304e+01 -5.396161e+00 -4.714286e+00
      vertex   -7.708304e+01 -5.396161e+00 -1.571429e+00
      vertex   -7.724630e+01 -5.365643e+00 -4.714286e+00
    endloop
  endfacet
  facet normal -1.837495e-01 -9.829731e-01 0.000000e+00
    outer loop
      vertex   -7.724630e+01 -5.365643e+00 -4.714286e+00
      vertex   -7.708304e+01 -5.396161e+00 -1.571429e+00
      vertex   -7.724630e+01 -5.365643e+00 -1.571429e+00
    endloop
  endfacet
  facet normal -3.612417e-01 -9.324722e-01 0.000000e+00
    outer loop
      vertex   -7.724630e+01 -5.365643e+00 -4.714286e+00
      vertex   -7.724630e+01 -5.365643e+00 -1.571429e+00
      vertex   -7.740116e+01 -5.305647e+00 -4.714286e+00
    endloop
  endfacet
  facet normal -3.612417e-01 -9.324722e-01 0.000000e+00
    outer loop
      vertex   -7.740116e+01 -5.305647e+00 -4.714286e+00
      vertex   -7.724630e+01 -5.365643e+00 -1.571429e+00
      vertex   -7.740116e+01 -5.305647e+00 -1.571429e+00
    endloop
  endfacet
  facet normal -5.264322e-01 -8.502171e-01 0.000000e+00
    outer loop
      vertex   -7.740116e+01 -5.305647e+00 -4.714286e+00
      vertex   -7.740116e+01 -5.305647e+00 -1.571429e+00
      vertex   -7.754237e+01 -5.218216e+00 -4.714286e+00
    endloop
  endfacet
  facet normal -5.264322e-01 -8.502171e-01 0.000000e+00
    outer loop
      vertex   -7.754237e+01 -5.218216e+00 -4.714286e+00
      vertex   -7.740116e+01 -5.305647e+00 -1.571429e+00
      vertex   -7.754237e+01 -5.218216e+00 -1.571429e+00
    endloop
  endfacet
  facet normal -6.736956e-01 -7.390089e-01 0.000000e+00
    outer loop
      vertex   -7.754237e+01 -5.218216e+00 -4.714286e+00
      vertex   -7.754237e+01 -5.218216e+00 -1.571429e+00
      vertex   -7.766511e+01 -5.106326e+00 -4.714286e+00
    endloop
  endfacet
  facet normal -6.736956e-01 -7.390089e-01 0.000000e+00
    outer loop
      vertex   -7.766511e+01 -5.106326e+00 -4.714286e+00
      vertex   -7.754237e+01 -5.218216e+00 -1.571429e+00
      vertex   -7.766511e+01 -5.106326e+00 -1.571429e+00
    endloop
  endfacet
  facet normal -7.980172e-01 -6.026346e-01 0.000000e+00
    outer loop
      vertex   -7.766511e+01 -5.106326e+00 -4.714286e+00
      vertex   -7.766511e+01 -5.106326e+00 -1.571429e+00
      vertex   -7.776520e+01 -4.973789e+00 -4.714286e+00
    endloop
  endfacet
  facet normal -7.980172e-01 -6.026346e-01 0.000000e+00
    outer loop
      vertex   -7.776520e+01 -4.973789e+00 -4.714286e+00
      vertex   -7.766511e+01 -5.106326e+00 -1.571429e+00
      vertex   -7.776520e+01 -4.973789e+00 -1.571429e+00
    endloop
  endfacet
  facet normal -8.951633e-01 -4.457384e-01 0.000000e+00
    outer loop
      vertex   -7.776520e+01 -4.973789e+00 -4.714286e+00
      vertex   -7.776520e+01 -4.973789e+00 -1.571429e+00
      vertex   -7.783923e+01 -4.825117e+00 -4.714286e+00
    endloop
  endfacet
  facet normal -8.951633e-01 -4.457384e-01 0.000000e+00
    outer loop
      vertex   -7.783923e+01 -4.825117e+00 -4.714286e+00
      vertex   -7.776520e+01 -4.973789e+00 -1.571429e+00
      vertex   -7.783923e+01 -4.825117e+00 -1.571429e+00
    endloop
  endfacet
  facet normal -9.618256e-01 -2.736630e-01 0.000000e+00
    outer loop
      vertex   -7.783923e+01 -4.825117e+00 -4.714286e+00
      vertex   -7.783923e+01 -4.825117e+00 -1.571429e+00
      vertex   -7.788468e+01 -4.665375e+00 -4.714286e+00
    endloop
  endfacet
  facet normal -9.618256e-01 -2.736630e-01 0.000000e+00
    outer loop
      vertex   -7.788468e+01 -4.665375e+00 -4.714286e+00
      vertex   -7.783923e+01 -4.825117e+00 -1.571429e+00
      vertex   -7.788468e+01 -4.665375e+00 -1.571429e+00
    endloop
  endfacet
  facet normal -9.957342e-01 -9.226836e-02 0.000000e+00
    outer loop
      vertex   -7.788468e+01 -4.665375e+00 -4.714286e+00
      vertex   -7.788468e+01 -4.665375e+00 -1.571429e+00
      vertex   -7.790000e+01 -4.500000e+00 -4.714286e+00
    endloop
  endfacet
  facet normal -9.957342e-01 -9.226836e-02 0.000000e+00
    outer loop
      vertex   -7.790000e+01 -4.500000e+00 -4.714286e+00
      vertex   -7.788468e+01 -4.665375e+00 -1.571429e+00
      vertex   -7.790000e+01 -4.500000e+00 -1.571429e+00
    endloop
  endfacet
  facet normal -9.957342e-01 9.226836e-02 0.000000e+00
    outer loop
      vertex   -7.790000e+01 -4.500000e+00 -1.571429e+00
      vertex   -7.790000e+01 -4.500000e+00 1.571429e+00
      vertex   -7.788468e+01 -4.334625e+00 -1.571429e+00
    endloop
  endfacet
  facet normal -9.957342e-01 9.226836e-02 0.000000e+00
    outer loop
      vertex   -7.788468e+01 -4.334625e+00 -1.571429e+00
      vertex   -7.790000e+01 -4.500000e+00 1.571429e+00
      vertex   -7.788468e+01 -4.334625e+00 1.571429e+00
    endloop
  endfacet
  facet normal -9.618256e-01 2.736630e-01 0.000000e+00
    outer loop
      vertex   -7.788468e+01 -4.334625e+00 -1.571429e+00
      vertex   -7.788468e+01 -4.334625e+00 1.571429e+00
      vertex   -7.783923e+01 -4.174883e+00 -1.571429e+00
    endloop
  endfacet
  facet normal -9.618256e-01 2.736630e-01 0.000000e+00
    outer loop
      vertex   -7.783923e+01 -4.174883e+00 -1.571429e+00
      vertex   -7.788468e+01 -4.334625e+00 1.571429e+00
      vertex   -7.783923e+01 -4.174883e+00 1.571429e+00
    endloop
  endfacet
  facet normal -8.951633e-01 4.457384e-01 0.000000e+00
    outer loop
      vertex   -7.783923e+01 -4.174883e+00 -1.571429e+00
      vertex   -7.783923e+01 -4.174883e+00 1.571429e+00
      vertex   -7.776520e+01 -4.026211e+00 -1.571429e+00
    endloop
  endfacet
  facet normal -8.951633e-01 4.457384e-01 0.000000e+00
    outer loop
      vertex   -7.776520e+01 -4.026211e+00 -1.571429e+00
      vertex   -7.783923e+01 -4.174883e+00 1.571429e+00
      vertex   -7.776520e+01 -4.026211e+00 1.571429e+00
    endloop
  endfacet
  facet normal -7.980172e-01 6.026346e-01 0.000000e+00
    outer loop
      vertex   -7.776520e+01 -4.026211e+00 -1.571429e+00
      vertex   -7.776520e+01 -4.026211e+00 1.571429e+00
      vertex   -7.766511e+01 -3.893674e+00 -1.571429e+00
    endloop
  endfacet
  facet normal -7.980172e-01 6.026346e-01 0.000000e+00
    outer loop
      vertex   -7.766511e+01 -3.893674e+00 -1.571429e+00
      vertex   -7.776520e+01 -4.026211e+00 1.571429e+00
      vertex   -7.766511e+01 -3.893674e+00 1.571429e+00
    endloop
  endfacet
  facet normal -6.736956e-01 7.390089e-01 0.000000e+00
    outer loop
      vertex   -7.766511e+01 -3.893674e+00 -1.571429e+00
      vertex   -7.766511e+01 -3.893674e+00 1.571429e+00
      vertex   -7.754237e+01 -3.781784e+00 -1.571429e+00
    endloop
  endfacet
  facet normal -6.736956e-01 7.390089e-01 0.000000e+00
    outer loop
      vertex   -7.754237e+01 -3.781784e+00 -1.571429e+00
      vertex   -7.766511e+01 -3.893674e+00 1.571429e+00
      vertex   -7.754237e+01 -3.781784e+00 1.571429e+00
    endloop
  endfacet
  facet normal -5.264322e-01 8.502171e-01 0.000000e+00
    outer loop
      vertex   -7.754237e+01 -3.781784e+00 -1.571429e+00
      vertex   -7.754237e+01 -3.781784e+00 1.571429e+00
      vertex   -7.740116e+01 -3.694353e+00 -1.571429e+00
    endloop
  endfacet
  facet normal -5.264322e-01 8.502171e-01 0.000000e+00
    outer loop
      vertex   -7.740116e+01 -3.694353e+00 -1.571429e+00
      vertex   -7.754237e+01 -3.781784e+00 1.571429e+00
      vertex   -7.740116e+01 -3.694353e+00 1.571429e+00
    endloop
  endfacet
  facet normal -3.612417e-01 9.324722e-01 0.000000e+00
    outer loop
      vertex   -7.740116e+01 -3.694353e+00 -1.571429e+00
      vertex   -7.740116e+01 -3.694353e+00 1.571429e+00
      vertex   -7.724630e+01 -3.634357e+00 -1.571429e+00
    endloop
  endfacet
  facet normal -3.612417e-01 9.324722e-01 0.000000e+00
    outer loop
      vertex   -7.724630e+01 -3.634357e+00 -1.571429e+00
      vertex   -7.740116e+01 -3.694353e+00 1.571429e+00
      vertex   -7.724630e+01 -3.634357e+00 1.571429e+00
    endloop
  endfacet
  facet normal -1.837495e-01 9.829731e-01 0.000000e+00
    outer loop
      vertex   -7.724630e+01 -3.634357e+00 -1.571429e+00
      vertex   -7.724630e+01 -3.634357e+00 1.571429e+00
      vertex   -7.708304e+01 -3.603839e+00 -1.571429e+00
    endloop
  endfacet
  facet normal -1.837495e-01 9.829731e-01 0.000000e+00
    outer loop
      vertex   -7.708304e+01 -3.603839e+00 -1.571429e+00
      vertex   -7.724630e+01 -3.634357e+00 1.571429e+00
      vertex   -7.708304e+01 -3.603839e+00 1.571429e+00
    endloop
  endfacet
  facet normal 0.000000e+00 1.000000e+00 0.000000e+00
    outer loop
      vertex   -7.708304e+01 -3.603839e+00 -1.571429e+00
      vertex   -7.708304e+01 -3.603839e+00 1.571429e+00
      vertex   -7.691696e+01 -3.603839e+00 -1.571429e+00
    endloop
  endfacet
  facet normal 0.000000e+00 1.000000e+00 -0.000000e+00
    outer loop
      vertex   -7.691696e+01 -3.603839e+00 -1.571429e+00
      vertex   -7.708304e+01 -3.603839e+00 1.571429e+00
      vertex   -7.691696e+01 -3.603839e+00 1.571429e+00
    endloop
  endfacet
  facet normal 1.837495e-01 9.829731e-01 -0.000000e+00
    outer loop
      vertex   -7.691696e+01 -3.603839e+00 -1.571429e+00
      vertex   -7.691696e+01 -3.603839e+00 1.571429e+00
      vertex   -7.675370e+01 -3.634357e+00 -1.571429e+00
    endloop
  endfacet
  facet normal 1.837495e-01 9.829731e-01 -0.000000e+00
    outer loop
      vertex   -7.675370e+01 -3.634357e+00 -1.571429e+00
      vertex   -7.691696e+01 -3.603839e+00 1.571429e+00
      vertex   -7.675370e+01 -3.634357e+00 1.571429e+00
    endloop
  endfacet
  facet normal 3.612417e-01 9.324722e-01 -0.000000e+00
    outer loop
      vertex   -7.675370e+01 -3.634357e+00 -1.571429e+00
      vertex   -7.675370e+01 -3.634357e+00 1.571429e+00
      vertex   -7.659884e+01 -3.694353e+00 -1.571429e+00
    endloop
  endfacet
  facet normal 3.612417e-01 9.324722e-01 -0.000000e+00
    outer loop
      vertex   -7.659884e+01 -3.694353e+00 -1.571429e+00
      vertex   -7.675370e+01 -3.634357e+00 1.571429e+00
      vertex   -7.659884e+01 -3.694353e+00 1.571429e+00
    endloop
  endfacet
  facet normal 5.264322e-01 8.502171e-01 -0.000000e+00
    outer loop
      vertex   -7.659884e+01 -3.694353e+00 -1.571429e+00
      vertex   -7.659884e+01 -3.694353e+00 1.571429e+00
      vertex   -7.645763e+01 -3.781784e+00 -1.571429e+00
    endloop
  endfacet
  facet normal 5.264322e-01 8.502171e-01 -0.000000e+00
    outer loop
      vertex   -7.645763e+01 -3.781784e+00 -1.571429e+00
      vertex   -7.659884e+01 -3.694353e+00 1.571429e+00
      vertex   -7.645763e+01 -3.781784e+00 1.571429e+00
    endloop
  endfacet
  facet normal 6.736956e-01 7.390089e-01 -0.000000e+00
    outer loop
      vertex   -7.645763e+01 -3.781784e+00 -1.571429e+00
      vertex   -7.645763e+01 -3.781784e+00 1.571429e+00
      vertex   -7.633489e+01 -3.893674e+00 -1.571429e+00
    endloop
  endfacet
  facet normal 6.736956e-01 7.390089e-01 -0.000000e+00
    outer loop
      vertex   -7.633489e+01 -3.893674e+00 -1.571429e+00
      vertex   -7.645763e+01 -3.781784e+00 1.571429e+00
      vertex   -7.633489e+01 -3.893674e+00 1.571429e+00
    endloop
  endfacet
  facet normal 7.980172e-01 6.026346e-01 -0.000000e+00
    outer loop
      vertex   -7.633489e+01 -3.893674e+00 -1.571429e+00
      vertex   -7.633489e+01 -3.893674e+00 1.571429e+00
      vertex   -7.623480e+01 -4.026211e+00 -1.571429e+00
    endloop
  endfacet
  facet normal 7.980172e-01 6.026346e-01 -0.000000e+00
    outer loop
      vertex   -7.623480e+01 -4.026211e+00 -1.571429e+00
      vertex   -7.633489e+01 -3.893674e+00 1.571429e+00
      vertex   -7.623480e+01 -4.026211e+00 1.571429e+00
    endloop
  endfacet
  facet normal 8.951633e-01 4.457384e-01 -0.000000e+00
    outer loop
      vertex   -7.623480e+01 -4.026211e+00 -1.571429e+00
      vertex   -7.623480e+01 -4.026211e+00 1.571429e+00
      vertex   -7.616077e+01 -4.174883e+00 -1.571429e+00
    endloop
  endfacet
  facet normal 8.951633e-01 4.457384e-01 -0.000000e+00
    outer loop
      vertex   -7.616077e+01 -4.174883e+00 -1.571429e+00
      vertex   -7.623480e+01 -4.026211e+00 1.571429e+00
      vertex   -7.616077e+01 -4.174883e+00 1.571429e+00
    endloop
  endfacet
  facet normal 9.618256e-01 2.736630e-01 -0.000000e+00
    outer loop
      vertex   -7.616077e+01 -4.174883e+00 -1.571429e+00
      vertex   -7.616077e+01 -4.174883e+00 1.571429e+00
      vertex   -7.611532e+01 -4.334625e+00 -1.571429e+00
    endloop
  endfacet
  facet normal 9.618256e-01 2.736630e-01 -0.000000e+00
    outer loop
      vertex   -7.611532e+01 -4.334625e+00 -1.571429e+00
      vertex   -7.616077e+01 -4.174883e+00 1.571429e+00
      vertex   -7.611532e+01 -4.334625e+00 1.571429e+00
    endloop
  endfacet
  facet normal 9.957342e-01 9.226836e-02 -0.000000e+00
    outer loop
      vertex   -7.611532e+01 -4.334625e+00 -1.571429e+00
      vertex   -7.611532e+01 -4.334625e+00 1.571429e+00
      vertex   -7.610000e+01 -4.500000e+00 -1.571429e+00
    endloop
  endfacet
  facet normal 9.957342e-01 9.226836e-02 -0.000000e+00
    outer loop
      vertex   -7.610000e+01 -4.500000e+00 -1.571429e+00
      vertex   -7.611532e+01 -4.334625e+00 1.571429e+00
      vertex   -7.610000e+01 -4.500000e+00 1.571429e+00
    endloop
  endfacet
  facet normal 9.957342e-01 -9.226836e-02 0.000000e+00
    outer loop
      vertex   -7.610000e+01 -4.500000e+00 -1.571429e+00
      vertex   -7.610000e+01 -4.500000e+00 1.571429e+00
      vertex   -7.611532e+01 -4.665375e+00 -1.571429e+00
    endloop
  endfacet
  facet normal 9.957342e-01 -9.226836e-02 0.000000e+00
    outer loop
      vertex   -7.611532e+01 -4.665375e+00 -1.571429e+00
      vertex   -7.610000e+01 -4.500000e+00 1.571429e+00
      vertex   -7.611532e+01 -4.665375e+00 1.571429e+00
    endloop
  endfacet
  facet normal 9.618256e-01 -2.736630e-01 0.000000e+00
    outer loop
      vertex   -7.611532e+01 -4.665375e+00 -1.571429e+00
      vertex   -7.611532e+01 -4.665375e+00 1.571429e+00
      vertex   -7.616077e+01 -4.825117e+00 -1.571429e+00
    endloop
  endfacet
  facet normal 9.618256e-01 -2.736630e-01 0.000000e+00
    outer loop
      vertex   -7.616077e+01 -4.825117e+00 -1.571429e+00
      vertex   -7.611532e+01 -4.665375e+00 1.571429e+00
      vertex   -7.616077e+01 -4.825117e+00 1.571429e+00
    endloop
  endfacet
  facet normal 8.951633e-01 -4.457384e-01 0.000000e+00
    outer loop
      vertex   -7.616077e+01 -4.825117e+00 -1.571429e+00
      vertex   -7.616077e+01 -4.825117e+00 1.571429e+00
      vertex   -7.623480e+01 -4.973789e+00 -1.571429e+00
    endloop
  endfacet
  facet normal 8.951633e-01 -4.457384e-01 0.000000e+00
    outer loop
      vertex   -7.623480e+01 -4.973789e+00 -1.571429e+00
      vertex   -7.616077e+01 -4.825117e+00 1.571429e+00
      vertex   -7.623480e+01 -4.973789e+00 1.571429e+00
    endloop
  endfacet
  facet normal 7.980172e-01 -6.026346e-01 0.000000e+00
    outer loop
      vertex   -7.623480e+01 -4.973789e+00 -1.571429e+00
      vertex   -7.623480e+01 -4.973789e+00 1.571429e+00
      vertex   -7.633489e+01 -5.106326e+00 -1.571429e+00
    endloop
  endfacet
  facet normal 7.980172e-01 -6.026346e-01 0.000000e+00
    outer loop
      vertex   -7.633489e+01 -5.106326e+00 -1.571429e+00
      vertex   -7.623480e+01 -4.973789e+00 1.571429e+00
      vertex   -7.633489e+01 -5.106326e+00 1.571429e+00
    endloop
  endfacet
  facet normal 6.736956e-01 -7.390089e-01 0.000000e+00
    outer loop
      vertex   -7.633489e+01 -5.106326e+00 -1.571429e+00
      vertex   -7.633489e+01 -5.106326e+00 1.571429e+00
      vertex   -7.645763e+01 -5.218216e+00 -1.571429e+00
    endloop
  endfacet
  facet normal 6.736956e-01 -7.390089e-01 0.000000e+00
    outer loop
      vertex   -7.645763e+01 -5.218216e+00 -1.571429e+00
      vertex   -7.633489e+01 -5.106326e+00 1.571429e+00
      vertex   -7.645763e+01 -5.218216e+00 1.571429e+00
    endloop
  endfacet
  facet normal 5.264322e-01 -8.502171e-01 0.000000e+00
    outer loop
      vertex   -7.645763e+01 -5.218216e+00 -1.571429e+00
      vertex   -7.645763e+01 -5.218216e+00 1.571429e+00
      vertex   -7.659884e+01 -5.305647e+00 -1.571429e+00
    endloop
  endfacet
  facet normal 5.264322e-01 -8.502171e-01 0.000000e+00
    outer loop
      vertex   -7.659884e+01 -5.305647e+00 -1.571429e+00
      vertex   -7.645763e+01 -5.218216e+00 1.571429e+00
      vertex   -7.659884e+01 -5.305647e+00 1.571429e+00
    endloop
  endfacet
  facet normal 3.612417e-01 -9.324722e-01 0.000000e+00
    outer loop
      vertex   -7.659884e+01 -5.305647e+00 -1.571429e+00
      vertex   -7.659884e+01 -5.305647e+00 1.571429e+00
      vertex   -7.675370e+01 -5.365643e+00 -1.571429e+00
    endloop
  endfacet
  facet normal 3.612417e-01 -9.324722e-01 0.000000e+00
    outer loop
      vertex   -7.675370e+01 -5.365643e+00 -1.571429e+00
      vertex   -7.659884e+01 -5.305647e+00 1.571429e+00
      vertex   -7.675370e+01 -5.365643e+00 1.571429e+00
    endloop
  endfacet
  facet normal 1.837495e-01 -9.829731e-01 0.000000e+00
    outer loop
      vertex   -7.675370e+01 -5.365643e+00 -1.571429e+00
      vertex   -7.675370e+01 -5.365643e+00 1.571429e+00
      vertex   -7.691696e+01 -5.396161e+00 -1.571429e+00
    endloop
  endfacet
  facet normal 1.837495e-01 -9.829731e-01 0.000000e+00
    outer loop
      vertex   -7.691696e+01 -5.396161e+00 -1.571429e+00
      vertex   -7.675370e+01 -5.365643e+00 1.571429e+00
      vertex   -7.691696e+01 -5.396161e+00 1.571429e+00
    endloop
  endfacet
  facet normal 0.000000e+00 -1.000000e+00 0.000000e+00
    outer loop
      vertex   -7.691696e+01 -5.396161e+00 -1.571429e+00
      vertex   -7.691696e+01 -5.396161e+00 1.571429e+00
      vertex   -7.708304e+01 -5.396161e+00 -1.571429e+00
    endloop
  endfacet
  facet normal 0.000000e+00 -1.000000e+00 0.000000e+00
    outer loop
      vertex   -7.708304e+01 -5.396161e+00 -1.571429e+00
      vertex   -7.691696e+01 -5.396161e+00 1.571429e+00
      vertex   -7.708304e+01 -5.396161e+00 1.571429e+00
    endloop
  endfacet
  facet normal -1.837495e-01 -9.829731e-01 0.000000e+00
    outer loop
      vertex   -7.708304e+01 -5.396161e+00 -1.571429e+00
      vertex   -7.708304e+01 -5.396161e+00 1.571429e+00
      vertex   -7.724630e+01 -5.365643e+00 -1.571429e+00
    endloop
  endfacet
  facet normal -1.837495e-01 -9.829731e-01 0.000000e+00
    outer loop
      vertex   -7.724630e+01 -5.365643e+00 -1.571429e+00
      vertex   -7.708304e+01 -5.396161e+00 1.571429e+00
      vertex   -7.724630e+01 -5.365643e+00 1.571429e+00
    endloop
  endfacet
  facet normal -3.612417e-01 -9.324722e-01 0.000000e+00
    outer loop
      vertex   -7.724630e+01 -5.365643e+00 -1.571429e+00
      vertex   -7.724630e+01 -5.365643e+00 1.571429e+00
      vertex   -7.740116e+01 -5.305647e+00 -1.571429e+00
    endloop
  endfacet
  facet normal -3.612417e-01 -9.324722e-01 0.000000e+00
    outer loop
      vertex   -7.740116e+01 -5.305647e+00 -1.571429e+00
      vertex   -7.724630e+01 -5.365643e+00 1.571429e+00
      vertex   -7.740116e+01 -5.305647e+00 1.571429e+00
    endloop
  endfacet
  facet normal -5.264322e-01 -8.502171e-01 0.000000e+00
    outer loop
      vertex   -7.740116e+01 -5.305647e+00 -1.571429e+00
      vertex   -7.740116e+01 -5.305647e+00 1.571429e+00
      vertex   -7.754237e+01 -5.218216e+00 -1.571429e+00
    endloop
  endfacet
  facet normal -5.264322e-01 -8.502171e-01 0.000000e+00
    outer loop
      vertex   -7.754237e+01 -5.218216e+00 -1.571429e+00
      vertex   -7.740116e+01 -5.305647e+00 1.571429e+00
      vertex   -7.754237e+01 -5.218216e+00 1.571429e+00
    endloop
  endfacet
  facet normal -6.736956e-01 -7.390089e-01 0.000000e+00
    outer loop
      vertex   -7.754237e+01 -5.218216e+00 -1.571429e+00
      vertex   -7.754237e+01 -5.218216e+00 1.571429e+00
      vertex   -7.766511e+01 -5.106326e+00 -1.571429e+00
    endloop
  endfacet
  facet normal -6.736956e-01 -7.390089e-01 0.000000e+00
    outer loop
      vertex   -7.766511e+01 -5.106326e+00 -1.571429e+00
      vertex   -7.754237e+01 -5.218216e+00 1.571429e+00
      vertex   -7.766511e+01 -5.106326e+00 1.571429e+00
    endloop
  endfacet
  facet normal -7.980172e-01 -6.026346e-01 0.000000e+00
    outer loop
      vertex   -7.766511e+01 -5.106326e+00 -1.571429e+00
      vertex   -7.766511e+01 -5.106326e+00 1.571429e+00
      vertex   -7.776520e+01 -4.973789e+00 -1.571429e+00
    endloop
  endfacet
  facet normal -7.980172e-01 -6.026346e-01 0.000000e+00
    outer loop
      vertex   -7.776520e+01 -4.973789e+00 -1.571429e+00
      vertex   -7.766511e+01 -5.106326e+00 1.571429e+00
      vertex   -7.776520e+01 -4.973789e+00 1.571429e+00
    endloop
  endfacet
  facet normal -8.951633e-01 -4.457384e-01 0.000000e+00
    outer loop
      vertex   -7.776520e+01 -4.973789e+00 -1.571429e+00
      vertex   -7.776520e+01 -4.973789e+00 1.571429e+00
      vertex   -7.783923e+01 -4.825117e+00 -1.571429e+00
    endloop
  endfacet
  facet normal -8.951633e-01 -4.457384e-01 0.000000e+00
    outer loop
      vertex   -7.783923e+01 -4.825117e+00 -1.571429e+00
      vertex   -7.776520e+01 -4.973789e+00 1.571429e+00
      vertex   -7.783923e+01 -4.825117e+00 1.571429e+00
    endloop
  endfacet
  facet normal -9.618256e-01 -2.736630e-01 0.000000e+00
    outer loop
      vertex   -7.783923e+01 -4.825117e+00 -1.571429e+00
      vertex   -7.783923e+01 -4.825117e+00 1.571429e+00
      vertex   -7.788468e+01 -4.665375e+00 -1.571429e+00
    endloop
  endfacet
  facet normal -9.618256e-01 -2.736630e-01 0.000000e+00
    outer loop
      vertex   -7.788468e+01 -4.665375e+00 -1.571429e+00
      vertex   -7.783923e+01 -4.825117e+00 1.571429e+00
      vertex   -7.788468e+01 -4.665375e+00 1.571429e+00
    endloop
  endfacet
  facet normal -9.957342e-01 -9.226836e-02 0.000000e+00
    outer loop
      vertex   -7.788468e+01 -4.665375e+00 -1.571429e+00
      vertex   -7.788468e+01 -4.665375e+00 1.571429e+00
      vertex   -7.790000e+01 -4.500000e+00 -1.571429e+00
    endloop
  endfacet
  facet normal -9.957342e-01 -9.226836e-02 0.000000e+00
    outer loop
      vertex   -7.790000e+01 -4.500000e+00 -1.571429e+00
      vertex   -7.788468e+01 -4.665375e+00 1.571429e+00
      vertex   -7.790000e+01 -4.500000e+00 1.571429e+00
    endloop
  endfacet
  facet normal -9.957342e-01 9.226836e-02 0.000000e+00
    outer loop
      vertex   -7.790000e+01 -4.500000e+00 1.571429e+00
      vertex   -7.790000e+01 -4.500000e+00 4.714286e+00
      vertex   -7.788468e+01 -4.334625e+00 1.571429e+00
    endloop
  endfacet
  facet normal -9.957342e-01 9.226836e-02 0.000000e+00
    outer loop
      vertex   -7.788468e+01 -4.334625e+00 1.571429e+00
      vertex   -7.790000e+01 -4.500000e+00 4.714286e+00
      vertex   -7.788468e+01 -4.334625e+00 4.714286e+00
    endloop
  endfacet
  facet normal -9.618256e-01 2.736630e-01 0.000000e+00
    outer loop
      vertex   -7.788468e+01 -4.334625e+00 1.571429e+00
      vertex   -7.788468e+01 -4.334625e+00 4.714286e+00
      vertex   -7.783923e+01 -4.174883e+00 1.571429e+00
    endloop
  endfacet
  facet normal -9.618256e-01 2.736630e-01 0.000000e+00
    outer loop
      vertex   -7.783923e+01 -4.174883e+00 1.571429e+00
      vertex   -7.788468e+01 -4.334625e+00 4.714286e+00
      vertex   -7.783923e+01 -4.174883e+00 4.714286e+00
    endloop
  endfacet
  facet normal -8.951633e-01 4.457384e-01 0.000000e+00
    outer loop
      vertex   -7.783923e+01 -4.174883e+00 1.571429e+00
      vertex   -7.783923e+01 -4.174883e+00 4.714286e+00
      vertex   -7.776520e+01 -4.026211e+00 1.571429e+00
    endloop
  endfacet
  facet normal -8.951633e-01 4.457384e-01 0.000000e+00
    outer loop
      vertex   -7.776520e+01 -4.026211e+00 1.571429e+00
      vertex   -7.783923e+01 -4.174883e+00 4.714286e+00
      vertex   -7.776520e+01 -4.026211e+00 4.714286e+00
    endloop
  endfacet
  facet normal -7.980172e-01 6.026346e-01 0.000000e+00
    outer loop
      vertex   -7.776520e+01 -4.026211e+00 1.571429e+00
      vertex   -7.776520e+01 -4.026211e+00 4.714286e+00
      vertex   -7.766511e+01 -3.893674e+00 1.571429e+00
    endloop
  endfacet
  facet normal -7.980172e-01 6.026346e-01 0.000000e+00
    outer loop
      vertex   -7.766511e+01 -3.893674e+00 1.571429e+00
      vertex   -7.776520e+01 -4.026211e+00 4.714286e+00
      vertex   -7.766511e+01 -3.893674e+00 4.714286e+00
    endloop
  endfacet
  facet normal -6.736956e-01 7.390089e-01 0.000000e+00
    outer loop
      vertex   -7.766511e+01 -3.893674e+00 1.571429e+00
      vertex   -7.766511e+01 -3.893674e+00 4.714286e+00
      vertex   -7.754237e+01 -3.781784e+00 1.571429e+00
    endloop
  endfacet
  facet normal -6.736956e-01 7.390089e-01 0.000000e+00
    outer loop
      vertex   -7.754237e+01 -3.781784e+00 1.571429e+00
      vertex   -7.766511e+01 -3.893674e+00 4.714286e+00
      vertex   -7.754237e+01 -3.781784e+00 4.714286e+00
    endloop
  endfacet
  facet normal -5.264322e-01 8.502171e-01 0.000000e+00
    outer loop
      vertex   -7.754237e+01 -3.781784e+00 1.571429e+00
      vertex   -7.754237e+01 -3.781784e+00 4.714286e+00
      vertex   -7.740116e+01 -3.694353e+00 1.571429e+00
    endloop
  endfacet
  facet normal -5.264322e-01 8.502171e-01 0.000000e+00
    outer loop
      vertex   -7.740116e+01 -3.694353e+00 1.571429e+00
      vertex   -7.754237e+01 -3.781784e+00 4.714286e+00
      vertex   -7.740116e+01 -3.694353e+00 4.714286e+00
    endloop
  endfacet
  facet normal -3.612417e-01 9.324722e-01 0.000000e+00
    outer loop
      vertex   -7.740116e+01 -3.694353e+00 1.571429e+00
      vertex   -7.740116e+01 -3.694353e+00 4.714286e+00
      vertex   -7.724630e+01 -3.634357e+00 1.571429e+00
    endloop
  endfacet
  facet normal -3.612417e-01 9.324722e-01 0.000000e+00
    outer loop
      vertex   -7.724630e+01 -3.634357e+00 1.571429e+00
      vertex   -7.740116e+01 -3.694353e+00 4.714286e+00
      vertex   -7.724630e+01 -3.634357e+00 4.714286e+00
    endloop
  endfacet
  facet normal -1.837495e-01 9.829731e-01 0.000000e+00
    outer loop
      vertex   -7.724630e+01 -3.634357e+00 1.571429e+00
      vertex   -7.724630e+01 -3.634357e+00 4.714286e+00
      vertex   -7.708304e+01 -3.603839e+00 1.571429e+00
    endloop
  endfacet
  facet normal -1.837495e-01 9.829731e-01 0.000000e+00
    outer loop
      vertex   -7.708304e+01 -3.603839e+00 1.571429e+00
      vertex   -7.724630e+01 -3.634357e+00 4.714286e+00
      vertex   -7.708304e+01 -3.603839e+00 4.714286e+00
    endloop
  endfacet
  facet normal 0.000000e+00 1.000000e+00 0.000000e+00
    outer loop
      vertex   -7.708304e+01 -3.603839e+00 1.571429e+00
      vertex   -7.708304e+01 -3.603839e+00 4.714286e+00
      vertex   -7.691696e+01 -3.603839e+00 1.571429e+00
    endloop
  endfacet
  facet normal 0.000000e+00 1.000000e+00 -0.000000e+00
    outer loop
      vertex   -7.691696e+01 -3.603839e+00 1.571429e+00
      vertex   -7.708304e+01 -3.603839e+00 4.714286e+00
      vertex   -7.691696e+01 -3.603839e+00 4.714286e+00
    endloop
  endfacet
  facet normal 1.837495e-01 9.829731e-01 -0.000000e+00
    outer loop
      vertex   -7.691696e+01 -3.603839e+00 1.571429e+00
      vertex   -7.691696e+01 -3.603839e+00 4.714286e+00
      vertex   -7.675370e+01 -3.634357e+00 1.571429e+00
    endloop
  endfacet
  facet normal 1.837495e-01 9.829731e-01 -0.000000e+00
    outer loop
      vertex   -7.675370e+01 -3.634357e+00 1.571429e+00
      vertex   -7.691696e+01 -3.603839e+00 4.714286e+00
      vertex   -7.675370e+01 -3.634357e+00 4.714286e+00
    endloop
  endfacet
  facet normal 3.612417e-01 9.324722e-01 -0.000000e+00
    outer loop
      vertex   -7.675370e+01 -3.634357e+00 1.571429e+00
      vertex   -7.675370e+01 -3.634357e+00 4.714286e+00
      vertex   -7.659884e+01 -3.694353e+00 1.571429e+00
    endloop
  endfacet
  facet normal 3.612417e-01 9.324722e-01 -0.000000e+00
    outer loop
      vertex   -7.659884e+01 -3.694353e+00 1.571429e+00
      vertex   -7.675370e+01 -3.634357e+00 4.714286e+00
      vertex   -7.659884e+01 -3.694353e+00 4.714286e+00
    endloop
  endfacet
  facet normal 5.264322e-01 8.502171e-01 -0.000000e+00
    outer loop
      vertex   -7.659884e+01 -3.694353e+00 1.571429e+00
      vertex   -7.659884e+01 -3.694353e+00 4.714286e+00
      vertex   -7.645763e+01 -3.781784e+00 1.571429e+00
    endloop
  endfacet
  facet normal 5.264322e-01 8.502171e-01 -0.000000e+00
    outer loop
      vertex   -7.645763e+01 -3.781784e+00 1.571429e+00
      vertex   -7.659884e+01 -3.694353e+00 4.714286e+00
      vertex   -7.645763e+01 -3.781784e+00 4.714286e+00
    endloop
  endfacet
  facet normal 6.736956e-01 7.390089e-01 -0.000000e+00
    outer loop
      vertex   -7.645763e+01 -3.781784e+00 1.571429e+00
      vertex   -7.645763e+01 -3.781784e+00 4.714286e+00
      vertex   -7.633489e+01 -3.893674e+00 1.571429e+00
    endloop
  endfacet
  facet normal 6.736956e-01 7.390089e-01 -0.000000e+00
    outer loop
      vertex   -7.633489e+01 -3.893674e+00 1.571429e+00
      vertex   -7.645763e+01 -3.781784e+00 4.714286e+00
      vertex   -7.633489e+01 -3.893674e+00 4.714286e+00
    endloop
  endfacet
  facet normal 7.980172e-01 6.026346e-01 -0.000000e+00
    outer loop
      vertex   -7.633489e+01 -3.893674e+00 1.571429e+00
      vertex   -7.633489e+01 -3.893674e+00 4.714286e+00
      vertex   -7.623480e+01 -4.026211e+00 1.571429e+00
    endloop
  endfacet
  facet normal 7.980172e-01 6.026346e-01 -0.000000e+00
    outer loop
      vertex   -7.623480e+01 -4.026211e+00 1.571429e+00
      vertex   -7.633489e+01 -3.893674e+00 4.714286e+00
      vertex   -7.623480e+01 -4.026211e+00 4.714286e+00
    endloop
  endfacet
  facet normal 8.951633e-01 4.457384e-01 -0.000000e+00
    outer loop
      vertex   -7.623480e+01 -4.026211e+00 1.571429e+00
      vertex   -7.623480e+01 -4.026211e+00 4.714286e+00
      vertex   -7.616077e+01 -4.174883e+00 1.571429e+00
    endloop
  endfacet
  facet normal 8.951633e-01 4.457384e-01 -0.000000e+00
    outer loop
      vertex   -7.616077e+01 -4.174883e+00 1.571429e+00
      vertex   -7.623480e+01 -4.026211e+00 4.714286e+00
      vertex   -7.616077e+01 -4.174883e+00 4.714286e+00
    endloop
  endfacet
  facet normal 9.618256e-01 2.736630e-01 -0.000000e+00
    outer loop
      vertex   -7.616077e+01 -4.174883e+00 1.571429e+00
      vertex   -7.616077e+01 -4.174883e+00 4.714286e+00
      vertex   -7.611532e+01 -4.334625e+00 1.571429e+00
    endloop
  endfacet
  facet normal 9.618256e-01 2.736630e-01 -0.000000e+00
    outer loop
      vertex   -7.611532e+01 -4.334625e+00 1.571429e+00
      vertex   -7.616077e+01 -4.174883e+00 4.714286e+00
      vertex   -7.611532e+01 -4.334625e+00 4.714286e+00
    endloop
  endfacet
  facet normal 9.957342e-01 9.226836e-02 -0.000000e+00
    outer loop
      vertex   -7.611532e+01 -4.334625e+00 1.571429e+00
      vertex   -7.611532e+01 -4.334625e+00 4.714286e+00
      vertex   -7.610000e+01 -4.500000e+00 1.571429e+00
    endloop
  endfacet
  facet normal 9.957342e-01 9.226836e-02 -0.000000e+00
    outer loop
      vertex   -7.610000e+01 -4.500000e+00 1.571429e+00
      vertex   -7.611532e+01 -4.334625e+00 4.714286e+00
      vertex   -7.610000e+01 -4.500000e+00 4.714286e+00
    endloop
  endfacet
  facet normal 9.957342e-01 -9.226836e-02 0.000000e+00
    outer loop
      vertex   -7.610000e+01 -4.500000e+00 1.571429e+00
      vertex   -7.610000e+01 -4.500000e+00 4.714286e+00
      vertex   -7.611532e+01 -4.665375e+00 1.571429e+00
    endloop
  endfacet
  facet normal 9.957342e-01 -9.226836e-02 0.000000e+00
    outer loop
      vertex   -7.611532e+01 -4.665375e+00 1.571429e+00
      vertex   -7.610000e+01 -4.500000e+00 4.714286e+00
      vertex   -7.611532e+01 -4.665375e+00 4.714286e+00
    endloop
  endfacet
  facet normal 9.618256e-01 -2.736630e-01 0.000000e+00
    outer loop
      vertex   -7.611532e+01 -4.665375e+00 1.571429e+00
      vertex   -7.611532e+01 -4.665375e+00 4.714286e+00
      vertex   -7.616077e+01 -4.825117e+00 1.571429e+00
    endloop
  endfacet
  facet normal 9.618256e-01 -2.736630e-01 0.000000e+00
    outer loop
      vertex   -7.616077e+01 -4.825117e+00 1.571429e+00
      vertex   -7.611532e+01 -4.665375e+00 4.714286e+00
      vertex   -7.616077e+01 -4.825117e+00 4.714286e+00
    endloop
  endfacet
  facet normal 8.951633e-01 -4.457384e-01 0.000000e+00
    outer loop
      vertex   -7.616077e+01 -4.825117e+00 1.571429e+00
      vertex   -7.616077e+01 -4.825117e+00 4.714286e+00
      vertex   -7.623480e+01 -4.973789e+00 1.571429e+00
    endloop
  endfacet
  facet normal 8.951633e-01 -4.457384e-01 0.000000e+00
    outer loop
      vertex   -7.623480e+01 -4.973789e+00 1.571429e+00
      vertex   -7.616077e+01 -4.825117e+00 4.714286e+00
      vertex   -7.623480e+01 -4.973789e+00 4.714286e+00
    endloop
  endfacet
  facet normal 7.980172e-01 -6.026346e-01 0.000000e+00
    outer loop
      vertex   -7.623480e+01 -4.973789e+00 1.571429e+00
      vertex   -7.623480e+01 -4.973789e+00 4.714286e+00
      vertex   -7.633489e+01 -5.106326e+00 1.571429e+00
    endloop
  endfacet
  facet normal 7.980172e-01 -6.026346e-01 0.000000e+00
    outer loop
      vertex   -7.633489e+01 -5.106326e+00 1.571429e+00
      vertex   -7.623480e+01 -4.973789e+00 4.714286e+00
      vertex   -7.633489e+01 -5.106326e+00 4.714286e+00
    endloop
  endfacet
  facet normal 6.736956e-01 -7.390089e-01 0.000000e+00
    outer loop
      vertex   -7.633489e+01 -5.106326e+00 1.571429e+00
      vertex   -7.633489e+01 -5.106326e+00 4.714286e+00
      vertex   -7.645763e+01 -5.218216e+00 1.571429e+00
    endloop
  endfacet
  facet normal 6.736956e-01 -7.390089e-01 0.000000e+00
    outer loop
      vertex   -7.645763e+01 -5.218216e+00 1.571429e+00
      vertex   -7.633489e+01 -5.106326e+00 4.714286e+00
      vertex   -7.645763e+01 -5.218216e+00 4.714286e+00
    endloop
  endfacet
  facet normal 5.264322e-01 -8.502171e-01 0.000000e+00
    outer loop
      vertex   -7.645763e+01 -5.218216e+00 1.571429e+00
      vertex   -7.645763e+01 -5.218216e+00 4.714286e+00
      vertex   -7.659884e+01 -5.305647e+00 1.571429e+00
    endloop
  endfacet
  facet normal 5.264322e-01 -8.502171e-01 0.000000e+00
    outer loop
      vertex   -7.659884e+01 -5.305647e+00 1.571429e+00
      vertex   -7.645763e+01 -5.218216e+00 4.714286e+00
      vertex   -7.659884e+01 -5.305647e+00 4.714286e+00
    endloop
  endfacet
  facet normal 3.612417e-01 -9.324722e-01 0.000000e+00
    outer loop
      vertex   -7.659884e+01 -5.305647e+00 1.571429e+00
      vertex   -7.659884e+01 -5.305647e+00 4.714286e+00
      vertex   -7.675370e+01 -5.365643e+00 1.571429e+00
    endloop
  endfacet
  facet normal 3.612417e-01 -9.324722e-01 0.000000e+00
    outer loop
      vertex   -7.675370e+01 -5.365643e+00 1.571429e+00
      vertex   -7.659884e+01 -5.305647e+00 4.714286e+00
      vertex   -7.675370e+01 -5.365643e+00 4.714286e+00
    endloop
  endfacet
  facet normal 1.837495e-01 -9.829731e-01 0.000000e+00
    outer loop
      vertex   -7.675370e+01 -5.365643e+00 1.571429e+00
      vertex   -7.675370e+01 -5.365643e+00 4.714286e+00
      vertex   -7.691696e+01 -5.396161e+00 1.571429e+00
    endloop
  endfacet
  facet normal 1.837495e-01 -9.829731e-01 0.000000e+00
    outer loop
      vertex   -7.691696e+01 -5.396161e+00 1.571429e+00
      vertex   -7.675370e+01 -5.365643e+00 4.714286e+00
      vertex   -7.691696e+01 -5.396161e+00 4.714286e+00
    endloop
  endfacet
  facet normal 0.000000e+00 -1.000000e+00 0.000000e+00
    outer loop
      vertex   -7.691696e+01 -5.396161e+00 1.571429e+00
      vertex   -7.691696e+01 -5.396161e+00 4.714286e+00
      vertex   -7.708304e+01 -5.396161e+00 1.571429e+00
    endloop
  endfacet
  facet normal 0.000000e+00 -1.000000e+00 0.000000e+00
    outer loop
      vertex   -7.708304e+01 -5.396161e+00 1.571429e+00
      vertex   -7.691696e+01 -5.396161e+00 4.714286e+00
      vertex   -7.708304e+01 -5.396161e+00 4.714286e+00
    endloop
  endfacet
  facet normal -1.837495e-01 -9.829731e-01 0.000000e+00
    outer loop
      vertex   -7.708304e+01 -5.396161e+00 1.571429e+00
      vertex   -7.708304e+01 -5.396161e+00 4.714286e+00
      vertex   -7.724630e+01 -5.365643e+00 1.571429e+00
    endloop
  endfacet
  facet normal -1.837495e-01 -9.829731e-01 0.000000e+00
    outer loop
      vertex   -7.724630e+01 -5.365643e+00 1.571429e+00
      vertex   -7.708304e+01 -5.396161e+00 4.714286e+00
      vertex   -7.724630e+01 -5.365643e+00 4.714286e+00
    endloop
  endfacet
  facet normal -3.612417e-01 -9.324722e-01 0.000000e+00
    outer loop
      vertex   -7.724630e+01 -5.365643e+00 1.571429e+00
      vertex   -7.724630e+01 -5.365643e+00 4.714286e+00
      vertex   -7.740116e+01 -5.305647e+00 1.571429e+00
    endloop
  endfacet
  facet normal -3.612417e-01 -9.324722e-01 0.000000e+00
    outer loop
      vertex   -7.740116e+01 -5.305647e+00 1.571429e+00
      vertex   -7.724630e+01 -5.365643e+00 4.714286e+00
      vertex   -7.740116e+01 -5.305647e+00 4.714286e+00
    endloop
  endfacet
  facet normal -5.264322e-01 -8.502171e-01 0.000000e+00
    outer loop
      vertex   -7.740116e+01 -5.305647e+00 1.571429e+00
      vertex   -7.740116e+01 -5.305647e+00 4.714286e+00
      vertex   -7.754237e+01 -5.218216e+00 1.571429e+00
    endloop
  endfacet
  facet normal -5.264322e-01 -8.502171e-01 0.000000e+00
    outer loop
      vertex   -7.754237e+01 -5.218216e+00 1.571429e+00
      vertex   -7.740116e+01 -5.305647e+00 4.714286e+00
      vertex   -7.754237e+01 -5.218216e+00 4.714286e+00
    endloop
  endfacet
  facet normal -6.736956e-01 -7.390089e-01 0.000000e+00
    outer loop
      vertex   -7.754237e+01 -5.218216e+00 1.571429e+00
      vertex   -7.754237e+01 -5.218216e+00 4.714286e+00
      vertex   -7.766511e+01 -5.106326e+00 1.571429e+00
    endloop
  endfacet
  facet normal -6.736956e-01 -7.390089e-01 0.000000e+00
    outer loop
      vertex   -7.766511e+01 -5.106326e+00 1.571429e+00
      vertex   -7.754237e+01 -5.218216e+00 4.714286e+00
      vertex   -7.766511e+01 -5.106326e+00 4.714286e+00
    endloop
  endfacet
  facet normal -7.980172e-01 -6.026346e-01 0.000000e+00
    outer loop
      vertex   -7.766511e+01 -5.106326e+00 1.571429e+00
      vertex   -7.766511e+01 -5.106326e+00 4.714286e+00
      vertex   -7.776520e+01 -4.973789e+00 1.571429e+00
    endloop
  endfacet
  facet normal -7.980172e-01 -6.026346e-01 0.000000e+00
    outer loop
      vertex   -7.776520e+01 -4.973789e+00 1.571429e+00
      vertex   -7.766511e+01 -5.106326e+00 4.714286e+00
      vertex   -7.776520e+01 -4.973789e+00 4.714286e+00
    endloop
  endfacet
  facet normal -8.951633e-01 -4.457384e-01 0.000000e+00
    outer loop
      vertex   -7.776520e+01 -4.973789e+00 1.571429e+00
      vertex   -7.776520e+01 -4.973789e+00 4.714286e+00
      vertex   -7.783923e+01 -4.825117e+00 1.571429e+00
    endloop
  endfacet
  facet normal -8.951633e-01 -4.457384e-01 0.000000e+00
    outer loop
      vertex   -7.783923e+01 -4.825117e+00 1.571429e+00
      vertex   -7.776520e+01 -4.973789e+00 4.714286e+00
      vertex   -7.783923e+01 -4.825117e+00 4.714286e+00
    endloop
  endfacet
  facet normal -9.618256e-01 -2.736630e-01 0.000000e+00
    outer loop
      vertex   -7.783923e+01 -4.825117e+00 1.571429e+00
      vertex   -7.783923e+01 -4.825117e+00 4.714286e+00
      vertex   -7.788468e+01 -4.665375e+00 1.571429e+00
    endloop
  endfacet
  facet normal -9.618256e-01 -2.736630e-01 0.000000e+00
    outer loop
      vertex   -7.788468e+01 -4.665375e+00 1.571429e+00
      vertex   -7.783923e+01 -4.825117e+00 4.714286e+00
      vertex   -7.788468e+01 -4.665375e+00 4.714286e+00
    endloop
  endfacet
  facet normal -9.957342e-01 -9.226836e-02 0.000000e+00
    outer loop
      vertex   -7.788468e+01 -4.665375e+00 1.571429e+00
      vertex   -7.788468e+01 -4.665375e+00 4.714286e+00
      vertex   -7.790000e+01 -4.500000e+00 1.571429e+00
    endloop
  endfacet
  facet normal -9.957342e-01 -9.226836e-02 0.000000e+00
    outer loop
      vertex   -7.790000e+01 -4.500000e+00 1.571429e+00
      vertex   -7.788468e+01 -4.665375e+00 4.714286e+00
      vertex   -7.790000e+01 -4.500000e+00 4.714286e+00
    endloop
  endfacet
  facet normal -9.957342e-01 9.226836e-02 0.000000e+00
    outer loop
      vertex   -7.790000e+01 -4.500000e+00 4.714286e+00
      vertex   -7.790000e+01 -4.500000e+00 7.857143e+00
      vertex   -7.788468e+01 -4.334625e+00 4.714286e+00
    endloop
  endfacet
  facet normal -9.957342e-01 9.226836e-02 0.000000e+00
    outer loop
      vertex   -7.788468e+01 -4.334625e+00 4.714286e+00
      vertex   -7.790000e+01 -4.500000e+00 7.857143e+00
      vertex   -7.788468e+01 -4.334625e+00 7.857143e+00
    endloop
  endfacet
  facet normal -9.618256e-01 2.736630e-01 0.000000e+00
    outer loop
      vertex   -7.788468e+01 -4.334625e+00 4.714286e+00
      vertex   -7.788468e+01 -4.334625e+00 7.857143e+00
      vertex   -7.783923e+01 -4.174883e+00 4.714286e+00
    endloop
  endfacet
  facet normal -9.618256e-01 2.736630e-01 0.000000e+00
    outer loop
      vertex   -7.783923e+01 -4.174883e+00 4.714286e+00
      vertex   -7.788468e+01 -4.334625e+00 7.857143e+00
      vertex   -7.783923e+01 -4.174883e+00 7.857143e+00
    endloop
  endfacet
  facet normal -8.951633e-01 4.457384e-01 0.000000e+00
    outer loop
      vertex   -7.783923e+01 -4.174883e+00 4.714286e+00
      vertex   -7.783923e+01 -4.174883e+00 7.857143e+00
      vertex   -7.776520e+01 -4.026211e+00 4.714286e+00
    endloop
  endfacet
  facet normal -8.951633e-01 4.457384e-01 0.000000e+00
    outer loop
      vertex   -7.776520e+01 -4.026211e+00 4.714286e+00
      vertex   -7.783923e+01 -4.174883e+00 7.857143e+00
      vertex   -7.776520e+01 -4.026211e+00 7.857143e+00
    endloop
  endfacet
  facet normal -7.980172e-01 6.026346e-01 0.000000e+00
    outer loop
      vertex   -7.776520e+01 -4.026211e+00 4.714286e+00
      vertex   -7.776520e+01 -4.026211e+00 7.857143e+00
      vertex   -7.766511e+01 -3.893674e+00 4.714286e+00
    endloop
  endfacet
  facet normal -7.980172e-01 6.026346e-01 0.000000e+00
    outer loop
      vertex   -7.766511e+01 -3.893674e+00 4.714286e+00
      vertex   -7.776520e+01 -4.026211e+00 7.857143e+00
      vertex   -7.766511e+01 -3.893674e+00 7.857143e+00
    endloop
  endfacet
  facet normal -6.736956e-01 7.390089e-01 0.000000e+00
    outer loop
      vertex   -7.766511e+01 -3.893674e+00 4.714286e+00
      vertex   -7.766511e+01 -3.893674e+00 7.857143e+00
      vertex   -7.754237e+01 -3.781784e+00 4.714286e+00
    endloop
  endfacet
  facet normal -6.736956e-01 7.390089e-01 0.000000e+00
    outer loop
      vertex   -7.754237e+01 -3.781784e+00 4.714286e+00
      vertex   -7.766511e+01 -3.893674e+00 7.857143e+00
      vertex   -7.754237e+01 -3.781784e+00 7.857143e+00
    endloop
  endfacet
  facet normal -5.264322e-01 8.502171e-01 0.000000e+00
    outer loop
      vertex   -7.754237e+01 -3.781784e+00 4.714286e+00
      vertex   -7.754237e+01 -3.781784e+00 7.857143e+00
      vertex   -7.740116e+01 -3.694353e+00 4.714286e+00
    endloop
  endfacet
  facet normal -5.264322e-01 8.502171e-01 0.000000e+00
    outer loop
      vertex   -7.740116e+01 -3.694353e+00 4.714286e+00
      vertex   -7.754237e+01 -3.781784e+00 7.857143e+00
      vertex   -7.740116e+01 -3.694353e+00 7.857143e+00
    endloop
  endfacet
  facet normal -3.612417e-01 9.324722e-01 0.000000e+00
    outer loop
      vertex   -7.740116e+01 -3.694353e+00 4.714286e+00
      vertex   -7.740116e+01 -3.694353e+00 7.857143e+00
      vertex   -7.724630e+01 -3.634357e+00 4.714286e+00
    endloop
  endfacet
  facet normal -3.612417e-01 9.324722e-01 0.000000e+00
    outer loop
      vertex   -7.724630e+01 -3.634357e+00 4.714286e+00
      vertex   -7.740116e+01 -3.694353e+00 7.857143e+00
      vertex   -7.724630e+01 -3.634357e+00 7.857143e+00
    endloop
  endfacet
  facet normal -1.837495e-01 9.829731e-01 0.000000e+00
    outer loop
      vertex   -7.724630e+01 -3.634357e+00 4.714286e+00
      vertex   -7.724630e+01 -3.634357e+00 7.857143e+00
      vertex   -7.708304e+01 -3.603839e+00 4.714286e+00
    endloop
  endfacet
  facet normal -1.837495e-01 9.829731e-01 0.000000e+00
    outer loop
      vertex   -7.708304e+01 -3.603839e+00 4.714286e+00
      vertex   -7.724630e+01 -3.634357e+00 7.857143e+00
      vertex   -7.708304e+01 -3.603839e+00 7.857143e+00
    endloop
  endfacet
  facet normal 0.000000e+00 1.000000e+00 0.000000e+00
    outer loop
      vertex   -7.708304e+01 -3.603839e+00 4.714286e+00
      vertex   -7.708304e+01 -3.603839e+00 7.857143e+00
      vertex   -7.691696e+01 -3.603839e+00 4.714286e+00
    endloop
  endfacet
  facet normal 0.000000e+00 1.000000e+00 -0.000000e+00
    outer loop
      vertex   -7.691696e+01 -3.603839e+00 4.714286e+00
      vertex   -7.708304e+01 -3.603839e+00 7.857143e+00
      vertex   -7.691696e+01 -3.603839e+00 7.857143e+00
    endloop
  endfacet
  facet normal 1.837495e-01 9.829731e-01 -0.000000e+00
    outer loop
      vertex   -7.691696e+01 -3.603839e+00 4.714286e+00
      vertex   -7.691696e+01 -3.603839e+00 7.857143e+00
      vertex   -7.675370e+01 -3.634357e+00 4.714286e+00
    endloop
  endfacet
  facet normal 1.837495e-01 9.829731e-01 -0.000000e+00
    outer loop
      vertex   -7.675370e+01 -3.634357e+00 4.714286e+00
      vertex   -7.691696e+01 -3.603839e+00 7.857143e+00
      vertex   -7.675370e+01 -3.634357e+00 7.857143e+00
    endloop
  endfacet
  facet normal 3.612417e-01 9.324722e-01 -0.000000e+00
    outer loop
      vertex   -7.675370e+01 -3.634357e+00 4.714286e+00
      vertex   -7.675370e+01 -3.634357e+00 7.857143e+00
      vertex   -7.659884e+01 -3.694353e+00 4.714286e+00
    endloop
  endfacet
  facet normal 3.612417e-01 9.324722e-01 -0.000000e+00
    outer loop
      vertex   -7.659884e+01 -3.694353e+00 4.714286e+00
      vertex   -7.675370e+01 -3.634357e+00 7.857143e+00
      vertex   -7.659884e+01 -3.694353e+00 7.857143e+00
    endloop
  endfacet
  facet normal 5.264322e-01 8.502171e-01 -0.000000e+00
    outer loop
      vertex   -7.659884e+01 -3.694353e+00 4.714286e+00
      vertex   -7.659884e+01 -3.694353e+00 7.857143e+00
      vertex   -7.645763e+01 -3.781784e+00 4.714286e+00
    endloop
  endfacet
  facet normal 5.264322e-01 8.502171e-01 -0.000000e+00
    outer loop
      vertex   -7.645763e+01 -3.781784e+00 4.714286e+00
      vertex   -7.659884e+01 -3.694353e+00 7.857143e+00
      vertex   -7.645763e+01 -3.781784e+00 7.857143e+00
    endloop
  endfacet
  facet normal 6.736956e-01 7.390089e-01 -0.000000e+00
    outer loop
      vertex   -7.645763e+01 -3.781784e+00 4.714286e+00
      vertex   -7.645763e+01 -3.781784e+00 7.857143e+00
      vertex   -7.633489e+01 -3.893674e+00 4.714286e+00
    endloop
  endfacet
  facet normal 6.736956e-01 7.390089e-01 -0.000000e+00
    outer loop
      vertex   -7.633489e+01 -3.893674e+00 4.714286e+00
      vertex   -7.645763e+01 -3.781784e+00 7.857143e+00
      vertex   -7.633489e+01 -3.893674e+00 7.857143e+00
    endloop
  endfacet
  facet normal 7.980172e-01 6.026346e-01 -0.000000e+00
    outer loop
      vertex   -7.633489e+01 -3.893674e+00 4.714286e+00
      vertex   -7.633489e+01 -3.893674e+00 7.857143e+00
      vertex   -7.623480e+01 -4.026211e+00 4.714286e+00
    endloop
  endfacet
  facet normal 7.980172e-01 6.026346e-01 -0.000000e+00
    outer loop
      vertex   -7.623480e+01 -4.026211e+00 4.714286e+00
      vertex   -7.633489e+01 -3.893674e+00 7.857143e+00
      vertex   -7.623480e+01 -4.026211e+00 7.857143e+00
    endloop
  endfacet
  facet normal 8.951633e-01 4.457384e-01 -0.000000e+00
    outer loop
      vertex   -7.623480e+01 -4.026211e+00 4.714286e+00
      vertex   -7.623480e+01 -4.026211e+00 7.857143e+00
      vertex   -7.616077e+01 -4.174883e+00 4.714286e+00
    endloop
  endfacet
  facet normal 8.951633e-01 4.457384e-01 -0.000000e+00
    outer loop
      vertex   -7.616077e+01 -4.174883e+00 4.714286e+00
      vertex   -7.623480e+01 -4.026211e+00 7.857143e+00
      vertex   -7.616077e+01 -4.174883e+00 7.857143e+00
    endloop
  endfacet
  facet normal 9.618256e-01 2.736630e-01 -0.000000e+00
    outer loop
      vertex   -7.616077e+01 -4.174883e+00 4.714286e+00
      vertex   -7.616077e+01 -4.174883e+00 7.857143e+00
      vertex   -7.611532e+01 -4.334625e+00 4.714286e+00
    endloop
  endfacet
  facet normal 9.618256e-01 2.736630e-01 -0.000000e+00
    outer loop
      vertex   -7.611532e+01 -4.334625e+00 4.714286e+00
      vertex   -7.616077e+01 -4.174883e+00 7.857143e+00
      vertex   -7.611532e+01 -4.334625e+00 7.857143e+00
    endloop
  endfacet
  facet normal 9.957342e-01 9.226836e-02 -0.000000e+00
    outer loop
      vertex   -7.611532e+01 -4.334625e+00 4.714286e+00
      vertex   -7.611532e+01 -4.334625e+00 7.857143e+00
      vertex   -7.610000e+01 -4.500000e+00 4.714286e+00
    endloop
  endfacet
  facet normal 9.957342e-01 9.226836e-02 -0.000000e+00
    outer loop
      vertex   -7.610000e+01 -4.500000e+00 4.714286e+00
      vertex   -7.611532e+01 -4.334625e+00 7.857143e+00
      vertex   -7.610000e+01 -4.500000e+00 7.857143e+00
    endloop
  endfacet
  facet normal 9.957342e-01 -9.226836e-02 0.000000e+00
    outer loop
      vertex   -7.610000e+01 -4.500000e+00 4.714286e+00
      vertex   -7.610000e+01 -4.500000e+00 7.857143e+00
      vertex   -7.611532e+01 -4.665375e+00 4.714286e+00
    endloop
  endfacet
  facet normal 9.957342e-01 -9.226836e-02 0.000000e+00
    outer loop
      vertex   -7.611532e+01 -4.665375e+00 4.714286e+00
      vertex   -7.610000e+01 -4.500000e+00 7.857143e+00
      vertex   -7.611532e+01 -4.665375e+00 7.857143e+00
    endloop
  endfacet
  facet normal 9.618256e-01 -2.736630e-01 0.000000e+00
    outer loop
      vertex   -7.611532e+01 -4.665375e+00 4.714286e+00
      vertex   -7.611532e+01 -4.665375e+00 7.857143e+00
      vertex   -7.616077e+01 -4.825117e+00 4.714286e+00
    endloop
  endfacet
  facet normal 9.618256e-01 -2.736630e-01 0.000000e+00
    outer loop
      vertex   -7.616077e+01 -4.825117e+00 4.714286e+00
      vertex   -7.611532e+01 -4.665375e+00 7.857143e+00
      vertex   -7.616077e+01 -4.825117e+00 7.857143e+00
    endloop
  endfacet
  facet normal 8.951633e-01 -4.457384e-01 0.000000e+00
    outer loop
      vertex   -7.616077e+01 -4.825117e+00 4.714286e+00
      vertex   -7.616077e+01 -4.825117e+00 7.857143e+00
      vertex   -7.623480e+01 -4.973789e+00 4.714286e+00
    endloop
  endfacet
  facet normal 8.951633e-01 -4.457384e-01 0.000000e+00
    outer loop
      vertex   -7.623480e+01 -4.973789e+00 4.714286e+00
      vertex   -7.616077e+01 -4.825117e+00 7.857143e+00
      vertex   -7.623480e+01 -4.973789e+00 7.857143e+00
    endloop
  endfacet
  facet normal 7.980172e-01 -6.026346e-01 0.000000e+00
    outer loop
      vertex   -7.623480e+01 -4.973789e+00 4.714286e+00
      vertex   -7.623480e+01 -4.973789e+00 7.857143e+00
      vertex   -7.633489e+01 -5.106326e+00 4.714286e+00
    endloop
  endfacet
  facet normal 7.980172e-01 -6.026346e-01 0.000000e+00
    outer loop
      vertex   -7.633489e+01 -5.106326e+00 4.714286e+00
      vertex   -7.623480e+01 -4.973789e+00 7.857143e+00
      vertex   -7.633489e+01 -5.106326e+00 7.857143e+00
    endloop
  endfacet
  facet normal 6.736956e-01 -7.390089e-01 0.000000e+00
    outer loop
      vertex   -7.633489e+01 -5.106326e+00 4.714286e+00
      vertex   -7.633489e+01 -5.106326e+00 7.857143e+00
      vertex   -7.645763e+01 -5.218216e+00 4.714286e+00
    endloop
  endfacet
  facet normal 6.736956e-01 -7.390089e-01 0.000000e+00
    outer loop
      vertex   -7.645763e+01 -5.218216e+00 4.714286e+00
      vertex   -7.633489e+01 -5.106326e+00 7.857143e+00
      vertex   -7.645763e+01 -5.218216e+00 7.857143e+00
    endloop
  endfacet
  facet normal 5.264322e-01 -8.502171e-01 0.000000e+00
    outer loop
      vertex   -7.645763e+01 -5.218216e+00 4.714286e+00
      vertex   -7.645763e+01 -5.218216e+00 7.857143e+00
      vertex   -7.659884e+01 -5.305647e+00 4.714286e+00
    endloop
  endfacet
  facet normal 5.264322e-01 -8.502171e-01 0.000000e+00
    outer loop
      vertex   -7.659884e+01 -5.305647e+00 4.714286e+00
      vertex   -7.645763e+01 -5.218216e+00 7.857143e+00
      vertex   -7.659884e+01 -5.305647e+00 7.857143e+00
    endloop
  endfacet
  facet normal 3.612417e-01 -9.324722e-01 0.000000e+00
    outer loop
      vertex   -7.659884e+01 -5.305647e+00 4.714286e+00
      vertex   -7.659884e+01 -5.305647e+00 7.857143e+00
      vertex   -7.675370e+01 -5.365643e+00 4.714286e+00
    endloop
  endfacet
  facet normal 3.612417e-01 -9.324722e-01 0.000000e+00
    outer loop
      vertex   -7.675370e+01 -5.365643e+00 4.714286e+00
      vertex   -7.659884e+01 -5.305647e+00 7.857143e+00
      vertex   -7.675370e+01 -5.365643e+00 7.857143e+00
    endloop
  endfacet
  facet normal 1.837495e-01 -9.829731e-01 0.000000e+00
    outer loop
      vertex   -7.675370e+01 -5.365643e+00 4.714286e+00
      vertex   -7.675370e+01 -5.365643e+00 7.857143e+00
      vertex   -7.691696e+01 -5.396161e+00 4.714286e+00
    endloop
  endfacet
  facet normal 1.837495e-01 -9.829731e-01 0.000000e+00
    outer loop
      vertex   -7.691696e+01 -5.396161e+00 4.714286e+00
      vertex   -7.675370e+01 -5.365643e+00 7.857143e+00
      vertex   -7.691696e+01 -5.396161e+00 7.857143e+00
    endloop
  endfacet
  facet normal 0.000000e+00 -1.000000e+00 0.000000e+00
    outer loop
      vertex   -7.691696e+01 -5.396161e+00 4.714286e+00
      vertex   -7.691696e+01 -5.396161e+00 7.857143e+00
      vertex   -7.708304e+01 -5.396161e+00 4.714286e+00
    endloop
  endfacet
  facet normal 0.000000e+00 -1.000000e+00 0.000000e+00
    outer loop
      vertex   -7.708304e+01 -5.396161e+00 4.714286e+00
      vertex   -7.691696e+01 -5.396161e+00 7.857143e+00
      vertex   -7.708304e+01 -5.396161e+00 7.857143e+00
    endloop
  endfacet
  facet normal -1.837495e-01 -9.829731e-01 0.000000e+00
    outer loop
      vertex   -7.708304e+01 -5.396161e+00 4.714286e+00
      vertex   -7.708304e+01 -5.396161e+00 7.857143e+00
      vertex   -7.724630e+01 -5.365643e+00 4.714286e+00
    endloop
  endfacet
  facet normal -1.837495e-01 -9.829731e-01 0.000000e+00
    outer loop
      vertex   -7.724630e+01 -5.365643e+00 4.714286e+00
      vertex   -7.708304e+01 -5.396161e+00 7.857143e+00
      vertex   -7.724630e+01 -5.365643e+00 7.857143e+00
    endloop
  endfacet
  facet normal -3.612417e-01 -9.324722e-01 0.000000e+00
    outer loop
      vertex   -7.724630e+01 -5.365643e+00 4.714286e+00
      vertex   -7.724630e+01 -5.365643e+00 7.857143e+00
      vertex   -7.740116e+01 -5.305647e+00 4.714286e+00
    endloop
  endfacet
  facet normal -3.612417e-01 -9.324722e-01 0.000000e+00
    outer loop
      vertex   -7.740116e+01 -5.305647e+00 4.714286e+00
      vertex   -7.724630e+01 -5.365643e+00 7.857143e+00
      vertex   -7.740116e+01 -5.305647e+00 7.857143e+00
    endloop
  endfacet
  facet normal -5.264322e-01 -8.502171e-01 0.000000e+00
    outer loop
      vertex   -7.740116e+01 -5.305647e+00 4.714286e+00
      vertex   -7.740116e+01 -5.305647e+00 7.857143e+00
      vertex   -7.754237e+01 -5.218216e+00 4.714286e+00
    endloop
  endfacet
  facet normal -5.264322e-01 -8.502171e-01 0.000000e+00
    outer loop
      vertex   -7.754237e+01 -5.218216e+00 4.714286e+00
      vertex   -7.740116e+01 -5.305647e+00 7.857143e+00
      vertex   -7.754237e+01 -5.218216e+00 7.857143e+00
    endloop
  endfacet
  facet normal -6.736956e-01 -7.390089e-01 0.000000e+00
    outer loop
      vertex   -7.754237e+01 -5.218216e+00 4.714286e+00
      vertex   -7.754237e+01 -5.218216e+00 7.857143e+00
      vertex   -7.766511e+01 -5.106326e+00 4.714286e+00
    endloop
  endfacet
  facet normal -6.736956e-01 -7.390089e-01 0.000000e+00
    outer loop
      vertex   -7.766511e+01 -5.106326e+00 4.714286e+00
      vertex   -7.754237e+01 -5.218216e+00 7.857143e+00
      vertex   -7.766511e+01 -5.106326e+00 7.857143e+00
    endloop
  endfacet
  facet normal -7.980172e-01 -6.026346e-01 0.000000e+00
    outer loop
      vertex   -7.766511e+01 -5.106326e+00 4.714286e+00
      vertex   -7.766511e+01 -5.106326e+00 7.857143e+00
      vertex   -7.776520e+01 -4.973789e+00 4.714286e+00
    endloop
  endfacet
  facet normal -7.980172e-01 -6.026346e-01 0.000000e+00
    outer loop
      vertex   -7.776520e+01 -4.973789e+00 4.714286e+00
      vertex   -7.766511e+01 -5.106326e+00 7.857143e+00
      vertex   -7.776520e+01 -4.973789e+00 7.857143e+00
    endloop
  endfacet
  facet normal -8.951633e-01 -4.457384e-01 0.000000e+00
    outer loop
      vertex   -7.776520e+01 -4.973789e+00 4.714286e+00
      vertex   -7.776520e+01 -4.973789e+00 7.857143e+00
      vertex   -7.783923e+01 -4.825117e+00 4.714286e+00
    endloop
  endfacet
  facet normal -8.951633e-01 -4.457384e-01 0.000000e+00
    outer loop
      vertex   -7.783923e+01 -4.825117e+00 4.714286e+00
      vertex   -7.776520e+01 -4.973789e+00 7.857143e+00
      vertex   -7.783923e+01 -4.825117e+00 7.857143e+00
    endloop
  endfacet
  facet normal -9.618256e-01 -2.736630e-01 0.000000e+00
    outer loop
      vertex   -7.783923e+01 -4.825117e+00 4.714286e+00
      vertex   -7.783923e+01 -4.825117e+00 7.857143e+00
      vertex   -7.788468e+01 -4.665375e+00 4.714286e+00
    endloop
  endfacet
  facet normal -9.618256e-01 -2.736630e-01 0.000000e+00
    outer loop
      vertex   -7.788468e+01 -4.665375e+00 4.714286e+00
      vertex   -7.783923e+01 -4.825117e+00 7.857143e+00
      vertex   -7.788468e+01 -4.665375e+00 7.857143e+00
    endloop
  endfacet
  facet normal -9.957342e-01 -9.226836e-02 0.000000e+00
    outer loop
      vertex   -7.788468e+01 -4.665375e+00 4.714286e+00
      vertex   -7.788468e+01 -4.665375e+00 7.857143e+00
      vertex   -7.790000e+01 -4.500000e+00 4.714286e+00
    endloop
  endfacet
  facet normal -9.957342e-01 -9.226836e-02 0.000000e+00
    outer loop
      vertex   -7.790000e+01 -4.500000e+00 4.714286e+00
      vertex   -7.788468e+01 -4.665375e+00 7.857143e+00
      vertex   -7.790000e+01 -4.500000e+00 7.857143e+00
    endloop
  endfacet
endsolid
