solid ASCII
  facet normal 7.071068e-01 0.000000e+00 -7.071068e-01
    outer loop
      vertex   1.125000e+01 -4.000000e+00 -9.000000e+01
      vertex   1.200000e+01 -4.000000e+00 -8.925000e+01
      vertex   1.125000e+01 -5.000000e+00 -9.000000e+01
    endloop
  endfacet
  facet normal 7.071068e-01 0.000000e+00 -7.071068e-01
    outer loop
      vertex   1.125000e+01 -5.000000e+00 -9.000000e+01
      vertex   1.200000e+01 -4.000000e+00 -8.925000e+01
      vertex   1.200000e+01 -5.000000e+00 -8.925000e+01
    endloop
  endfacet
  facet normal 7.040626e-01 -9.269160e-02 -7.040626e-01
    outer loop
      vertex   1.125000e+01 -5.000000e+00 -9.000000e+01
      vertex   1.200000e+01 -5.000000e+00 -8.925000e+01
      vertex   1.124148e+01 -5.064705e+00 -9.000000e+01
    endloop
  endfacet
  facet normal 7.040626e-01 -9.269160e-02 -7.040626e-01
    outer loop
      vertex   1.124148e+01 -5.064705e+00 -9.000000e+01
      vertex   1.200000e+01 -5.000000e+00 -8.925000e+01
      vertex   1.196593e+01 -5.258819e+00 -8.925000e+01
    endloop
  endfacet
  facet normal 6.560819e-01 -2.717580e-01 -7.040626e-01
    outer loop
      vertex   1.124148e+01 -5.064705e+00 -9.000000e+01
      vertex   1.196593e+01 -5.258819e+00 -8.925000e+01
      vertex   1.121651e+01 -5.125000e+00 -9.000000e+01
    endloop
  endfacet
  facet normal 6.560819e-01 -2.717580e-01 -7.040626e-01
    outer loop
      vertex   1.121651e+01 -5.125000e+00 -9.000000e+01
      vertex   1.196593e+01 -5.258819e+00 -8.925000e+01
      vertex   1.186603e+01 -5.500000e+00 -8.925000e+01
    endloop
  endfacet
  facet normal 5.633903e-01 -4.323046e-01 -7.040626e-01
    outer loop
      vertex   1.121651e+01 -5.125000e+00 -9.000000e+01
      vertex   1.186603e+01 -5.500000e+00 -8.925000e+01
      vertex   1.117678e+01 -5.176777e+00 -9.000000e+01
    endloop
  endfacet
  facet normal 5.633903e-01 -4.323046e-01 -7.040626e-01
    outer loop
      vertex   1.117678e+01 -5.176777e+00 -9.000000e+01
      vertex   1.186603e+01 -5.500000e+00 -8.925000e+01
      vertex   1.170711e+01 -5.707107e+00 -8.925000e+01
    endloop
  endfacet
  facet normal 4.323046e-01 -5.633903e-01 -7.040626e-01
    outer loop
      vertex   1.117678e+01 -5.176777e+00 -9.000000e+01
      vertex   1.170711e+01 -5.707107e+00 -8.925000e+01
      vertex   1.112500e+01 -5.216506e+00 -9.000000e+01
    endloop
  endfacet
  facet normal 4.323046e-01 -5.633903e-01 -7.040626e-01
    outer loop
      vertex   1.112500e+01 -5.216506e+00 -9.000000e+01
      vertex   1.170711e+01 -5.707107e+00 -8.925000e+01
      vertex   1.150000e+01 -5.866025e+00 -8.925000e+01
    endloop
  endfacet
  facet normal 2.717580e-01 -6.560819e-01 -7.040626e-01
    outer loop
      vertex   1.112500e+01 -5.216506e+00 -9.000000e+01
      vertex   1.150000e+01 -5.866025e+00 -8.925000e+01
      vertex   1.106470e+01 -5.241481e+00 -9.000000e+01
    endloop
  endfacet
  facet normal 2.717580e-01 -6.560819e-01 -7.040626e-01
    outer loop
      vertex   1.106470e+01 -5.241481e+00 -9.000000e+01
      vertex   1.150000e+01 -5.866025e+00 -8.925000e+01
      vertex   1.125882e+01 -5.965926e+00 -8.925000e+01
    endloop
  endfacet
  facet normal 9.269160e-02 -7.040626e-01 -7.040626e-01
    outer loop
      vertex   1.106470e+01 -5.241481e+00 -9.000000e+01
      vertex   1.125882e+01 -5.965926e+00 -8.925000e+01
      vertex   1.100000e+01 -5.250000e+00 -9.000000e+01
    endloop
  endfacet
  facet normal 9.269160e-02 -7.040626e-01 -7.040626e-01
    outer loop
      vertex   1.100000e+01 -5.250000e+00 -9.000000e+01
      vertex   1.125882e+01 -5.965926e+00 -8.925000e+01
      vertex   1.100000e+01 -6.000000e+00 -8.925000e+01
    endloop
  endfacet
  facet normal -4.567542e-16 -7.071068e-01 -7.071068e-01
    outer loop
      vertex   1.100000e+01 -6.000000e+00 -8.925000e+01
      vertex   -1.100000e+01 -6.000000e+00 -8.925000e+01
      vertex   1.100000e+01 -5.250000e+00 -9.000000e+01
    endloop
  endfacet
  facet normal -3.996599e-16 -7.071068e-01 -7.071068e-01
    outer loop
      vertex   1.100000e+01 -5.250000e+00 -9.000000e+01
      vertex   -1.100000e+01 -6.000000e+00 -8.925000e+01
      vertex   -1.100000e+01 -5.250000e+00 -9.000000e+01
    endloop
  endfacet
  facet normal -9.269160e-02 -7.040626e-01 -7.040626e-01
    outer loop
      vertex   -1.100000e+01 -5.250000e+00 -9.000000e+01
      vertex   -1.100000e+01 -6.000000e+00 -8.925000e+01
      vertex   -1.106470e+01 -5.241481e+00 -9.000000e+01
    endloop
  endfacet
  facet normal -9.269160e-02 -7.040626e-01 -7.040626e-01
    outer loop
      vertex   -1.106470e+01 -5.241481e+00 -9.000000e+01
      vertex   -1.100000e+01 -6.000000e+00 -8.925000e+01
      vertex   -1.125882e+01 -5.965926e+00 -8.925000e+01
    endloop
  endfacet
  facet normal -2.717580e-01 -6.560819e-01 -7.040626e-01
    outer loop
      vertex   -1.106470e+01 -5.241481e+00 -9.000000e+01
      vertex   -1.125882e+01 -5.965926e+00 -8.925000e+01
      vertex   -1.112500e+01 -5.216506e+00 -9.000000e+01
    endloop
  endfacet
  facet normal -2.717580e-01 -6.560819e-01 -7.040626e-01
    outer loop
      vertex   -1.112500e+01 -5.216506e+00 -9.000000e+01
      vertex   -1.125882e+01 -5.965926e+00 -8.925000e+01
      vertex   -1.150000e+01 -5.866025e+00 -8.925000e+01
    endloop
  endfacet
  facet normal -4.323046e-01 -5.633903e-01 -7.040626e-01
    outer loop
      vertex   -1.112500e+01 -5.216506e+00 -9.000000e+01
      vertex   -1.150000e+01 -5.866025e+00 -8.925000e+01
      vertex   -1.117678e+01 -5.176777e+00 -9.000000e+01
    endloop
  endfacet
  facet normal -4.323046e-01 -5.633903e-01 -7.040626e-01
    outer loop
      vertex   -1.117678e+01 -5.176777e+00 -9.000000e+01
      vertex   -1.150000e+01 -5.866025e+00 -8.925000e+01
      vertex   -1.170711e+01 -5.707107e+00 -8.925000e+01
    endloop
  endfacet
  facet normal -5.633903e-01 -4.323046e-01 -7.040626e-01
    outer loop
      vertex   -1.117678e+01 -5.176777e+00 -9.000000e+01
      vertex   -1.170711e+01 -5.707107e+00 -8.925000e+01
      vertex   -1.121651e+01 -5.125000e+00 -9.000000e+01
    endloop
  endfacet
  facet normal -5.633903e-01 -4.323046e-01 -7.040626e-01
    outer loop
      vertex   -1.121651e+01 -5.125000e+00 -9.000000e+01
      vertex   -1.170711e+01 -5.707107e+00 -8.925000e+01
      vertex   -1.186603e+01 -5.500000e+00 -8.925000e+01
    endloop
  endfacet
  facet normal -6.560819e-01 -2.717580e-01 -7.040626e-01
    outer loop
      vertex   -1.121651e+01 -5.125000e+00 -9.000000e+01
      vertex   -1.186603e+01 -5.500000e+00 -8.925000e+01
      vertex   -1.124148e+01 -5.064705e+00 -9.000000e+01
    endloop
  endfacet
  facet normal -6.560819e-01 -2.717580e-01 -7.040626e-01
    outer loop
      vertex   -1.124148e+01 -5.064705e+00 -9.000000e+01
      vertex   -1.186603e+01 -5.500000e+00 -8.925000e+01
      vertex   -1.196593e+01 -5.258819e+00 -8.925000e+01
    endloop
  endfacet
  facet normal -7.040626e-01 -9.269160e-02 -7.040626e-01
    outer loop
      vertex   -1.124148e+01 -5.064705e+00 -9.000000e+01
      vertex   -1.196593e+01 -5.258819e+00 -8.925000e+01
      vertex   -1.125000e+01 -5.000000e+00 -9.000000e+01
    endloop
  endfacet
  facet normal -7.040626e-01 -9.269160e-02 -7.040626e-01
    outer loop
      vertex   -1.125000e+01 -5.000000e+00 -9.000000e+01
      vertex   -1.196593e+01 -5.258819e+00 -8.925000e+01
      vertex   -1.200000e+01 -5.000000e+00 -8.925000e+01
    endloop
  endfacet
  facet normal -7.071068e-01 8.792518e-15 -7.071068e-01
    outer loop
      vertex   -1.200000e+01 -4.000000e+00 -8.925000e+01
      vertex   -1.125000e+01 -4.000000e+00 -9.000000e+01
      vertex   -1.200000e+01 -5.000000e+00 -8.925000e+01
    endloop
  endfacet
  facet normal -7.071068e-01 -5.024296e-15 -7.071068e-01
    outer loop
      vertex   -1.200000e+01 -5.000000e+00 -8.925000e+01
      vertex   -1.125000e+01 -4.000000e+00 -9.000000e+01
      vertex   -1.125000e+01 -5.000000e+00 -9.000000e+01
    endloop
  endfacet
  facet normal -1.000000e+00 -1.776357e-15 1.421085e-15
    outer loop
      vertex   -1.200000e+01 -4.000000e+00 -8.925000e+01
      vertex   -1.200000e+01 -5.000000e+00 -8.925000e+01
      vertex   -1.200000e+01 -4.000000e+00 -8.800000e+01
    endloop
  endfacet
  facet normal -1.000000e+00 -0.000000e+00 0.000000e+00
    outer loop
      vertex   -1.200000e+01 -4.000000e+00 -8.800000e+01
      vertex   -1.200000e+01 -5.000000e+00 -8.925000e+01
      vertex   -1.200000e+01 -5.000000e+00 -8.750000e+01
    endloop
  endfacet
  facet normal -1.000000e+00 0.000000e+00 0.000000e+00
    outer loop
      vertex   -1.200000e+01 -4.000000e+00 -8.800000e+01
      vertex   -1.200000e+01 -5.000000e+00 -8.750000e+01
      vertex   -1.200000e+01 -3.982963e+00 -8.787059e+01
    endloop
  endfacet
  facet normal -1.000000e+00 0.000000e+00 0.000000e+00
    outer loop
      vertex   -1.200000e+01 -3.982963e+00 -8.787059e+01
      vertex   -1.200000e+01 -5.000000e+00 -8.750000e+01
      vertex   -1.200000e+01 -3.933013e+00 -8.775000e+01
    endloop
  endfacet
  facet normal -1.000000e+00 0.000000e+00 0.000000e+00
    outer loop
      vertex   -1.200000e+01 -3.933013e+00 -8.775000e+01
      vertex   -1.200000e+01 -5.000000e+00 -8.750000e+01
      vertex   -1.200000e+01 -3.853553e+00 -8.764645e+01
    endloop
  endfacet
  facet normal -1.000000e+00 0.000000e+00 0.000000e+00
    outer loop
      vertex   -1.200000e+01 -3.853553e+00 -8.764645e+01
      vertex   -1.200000e+01 -5.000000e+00 -8.750000e+01
      vertex   -1.200000e+01 -4.965926e+00 -8.724118e+01
    endloop
  endfacet
  facet normal -1.000000e+00 0.000000e+00 0.000000e+00
    outer loop
      vertex   -1.200000e+01 -3.853553e+00 -8.764645e+01
      vertex   -1.200000e+01 -4.965926e+00 -8.724118e+01
      vertex   -1.200000e+01 -3.750000e+00 -8.756699e+01
    endloop
  endfacet
  facet normal -1.000000e+00 0.000000e+00 0.000000e+00
    outer loop
      vertex   -1.200000e+01 -3.750000e+00 -8.756699e+01
      vertex   -1.200000e+01 -4.965926e+00 -8.724118e+01
      vertex   -1.200000e+01 -4.866025e+00 -8.700000e+01
    endloop
  endfacet
  facet normal -1.000000e+00 0.000000e+00 0.000000e+00
    outer loop
      vertex   -1.200000e+01 -3.750000e+00 -8.756699e+01
      vertex   -1.200000e+01 -4.866025e+00 -8.700000e+01
      vertex   -1.200000e+01 -3.629410e+00 -8.751704e+01
    endloop
  endfacet
  facet normal -1.000000e+00 0.000000e+00 0.000000e+00
    outer loop
      vertex   -1.200000e+01 -3.629410e+00 -8.751704e+01
      vertex   -1.200000e+01 -4.866025e+00 -8.700000e+01
      vertex   -1.200000e+01 -4.707107e+00 -8.679289e+01
    endloop
  endfacet
  facet normal -1.000000e+00 0.000000e+00 0.000000e+00
    outer loop
      vertex   -1.200000e+01 -3.629410e+00 -8.751704e+01
      vertex   -1.200000e+01 -4.707107e+00 -8.679289e+01
      vertex   -1.200000e+01 -4.500000e+00 -8.663397e+01
    endloop
  endfacet
  facet normal -1.000000e+00 0.000000e+00 0.000000e+00
    outer loop
      vertex   -1.200000e+01 -4.500000e+00 -8.663397e+01
      vertex   -1.200000e+01 -4.258819e+00 -8.653407e+01
      vertex   -1.200000e+01 -3.629410e+00 -8.751704e+01
    endloop
  endfacet
  facet normal -1.000000e+00 0.000000e+00 0.000000e+00
    outer loop
      vertex   -1.200000e+01 -3.629410e+00 -8.751704e+01
      vertex   -1.200000e+01 -4.258819e+00 -8.653407e+01
      vertex   -1.200000e+01 -4.000000e+00 -8.650000e+01
    endloop
  endfacet
  facet normal -1.000000e+00 0.000000e+00 0.000000e+00
    outer loop
      vertex   -1.200000e+01 -3.629410e+00 -8.751704e+01
      vertex   -1.200000e+01 -4.000000e+00 -8.650000e+01
      vertex   -1.200000e+01 -3.500000e+00 -8.750000e+01
    endloop
  endfacet
  facet normal -1.000000e+00 -1.332268e-15 -6.661338e-16
    outer loop
      vertex   -1.200000e+01 -3.500000e+00 -8.750000e+01
      vertex   -1.200000e+01 -4.000000e+00 -8.650000e+01
      vertex   -1.200000e+01 0.000000e+00 -8.650000e+01
    endloop
  endfacet
  facet normal -1.000000e+00 0.000000e+00 -5.329071e-15
    outer loop
      vertex   -1.200000e+01 -3.500000e+00 -8.750000e+01
      vertex   -1.200000e+01 0.000000e+00 -8.650000e+01
      vertex   -1.200000e+01 0.000000e+00 -8.750000e+01
    endloop
  endfacet
  facet normal -9.914449e-01 -1.305262e-01 -0.000000e+00
    outer loop
      vertex   -1.200000e+01 -5.000000e+00 -8.750000e+01
      vertex   -1.200000e+01 -5.000000e+00 -8.925000e+01
      vertex   -1.196593e+01 -5.258819e+00 -8.750000e+01
    endloop
  endfacet
  facet normal -9.914449e-01 -1.305262e-01 -0.000000e+00
    outer loop
      vertex   -1.196593e+01 -5.258819e+00 -8.750000e+01
      vertex   -1.200000e+01 -5.000000e+00 -8.925000e+01
      vertex   -1.196593e+01 -5.258819e+00 -8.925000e+01
    endloop
  endfacet
  facet normal -9.238795e-01 -3.826834e-01 -0.000000e+00
    outer loop
      vertex   -1.196593e+01 -5.258819e+00 -8.750000e+01
      vertex   -1.196593e+01 -5.258819e+00 -8.925000e+01
      vertex   -1.186603e+01 -5.500000e+00 -8.750000e+01
    endloop
  endfacet
  facet normal -9.238795e-01 -3.826834e-01 -3.884470e-16
    outer loop
      vertex   -1.186603e+01 -5.500000e+00 -8.750000e+01
      vertex   -1.196593e+01 -5.258819e+00 -8.925000e+01
      vertex   -1.186603e+01 -5.500000e+00 -8.925000e+01
    endloop
  endfacet
  facet normal -7.933533e-01 -6.087614e-01 -6.179300e-16
    outer loop
      vertex   -1.186603e+01 -5.500000e+00 -8.750000e+01
      vertex   -1.186603e+01 -5.500000e+00 -8.925000e+01
      vertex   -1.170711e+01 -5.707107e+00 -8.750000e+01
    endloop
  endfacet
  facet normal -7.933533e-01 -6.087614e-01 -0.000000e+00
    outer loop
      vertex   -1.170711e+01 -5.707107e+00 -8.750000e+01
      vertex   -1.186603e+01 -5.500000e+00 -8.925000e+01
      vertex   -1.170711e+01 -5.707107e+00 -8.925000e+01
    endloop
  endfacet
  facet normal -6.087614e-01 -7.933533e-01 -0.000000e+00
    outer loop
      vertex   -1.170711e+01 -5.707107e+00 -8.750000e+01
      vertex   -1.170711e+01 -5.707107e+00 -8.925000e+01
      vertex   -1.150000e+01 -5.866025e+00 -8.750000e+01
    endloop
  endfacet
  facet normal -6.087614e-01 -7.933533e-01 -8.053021e-16
    outer loop
      vertex   -1.150000e+01 -5.866025e+00 -8.750000e+01
      vertex   -1.170711e+01 -5.707107e+00 -8.925000e+01
      vertex   -1.150000e+01 -5.866025e+00 -8.925000e+01
    endloop
  endfacet
  facet normal -3.826834e-01 -9.238795e-01 -9.377941e-16
    outer loop
      vertex   -1.150000e+01 -5.866025e+00 -8.750000e+01
      vertex   -1.150000e+01 -5.866025e+00 -8.925000e+01
      vertex   -1.125882e+01 -5.965926e+00 -8.750000e+01
    endloop
  endfacet
  facet normal -3.826834e-01 -9.238795e-01 -0.000000e+00
    outer loop
      vertex   -1.125882e+01 -5.965926e+00 -8.750000e+01
      vertex   -1.150000e+01 -5.866025e+00 -8.925000e+01
      vertex   -1.125882e+01 -5.965926e+00 -8.925000e+01
    endloop
  endfacet
  facet normal -1.305262e-01 -9.914449e-01 -0.000000e+00
    outer loop
      vertex   -1.125882e+01 -5.965926e+00 -8.750000e+01
      vertex   -1.125882e+01 -5.965926e+00 -8.925000e+01
      vertex   -1.100000e+01 -6.000000e+00 -8.750000e+01
    endloop
  endfacet
  facet normal -1.305262e-01 -9.914449e-01 -0.000000e+00
    outer loop
      vertex   -1.100000e+01 -6.000000e+00 -8.750000e+01
      vertex   -1.125882e+01 -5.965926e+00 -8.925000e+01
      vertex   -1.100000e+01 -6.000000e+00 -8.925000e+01
    endloop
  endfacet
  facet normal 0.000000e+00 -1.000000e+00 0.000000e+00
    outer loop
      vertex   -1.100000e+01 -6.000000e+00 -8.925000e+01
      vertex   1.100000e+01 -6.000000e+00 -8.925000e+01
      vertex   -1.100000e+01 -6.000000e+00 -8.750000e+01
    endloop
  endfacet
  facet normal 0.000000e+00 -1.000000e+00 0.000000e+00
    outer loop
      vertex   -1.100000e+01 -6.000000e+00 -8.750000e+01
      vertex   1.100000e+01 -6.000000e+00 -8.925000e+01
      vertex   1.100000e+01 -6.000000e+00 -8.750000e+01
    endloop
  endfacet
  facet normal 1.305262e-01 -9.914449e-01 0.000000e+00
    outer loop
      vertex   1.100000e+01 -6.000000e+00 -8.750000e+01
      vertex   1.100000e+01 -6.000000e+00 -8.925000e+01
      vertex   1.125882e+01 -5.965926e+00 -8.750000e+01
    endloop
  endfacet
  facet normal 1.305262e-01 -9.914449e-01 0.000000e+00
    outer loop
      vertex   1.125882e+01 -5.965926e+00 -8.750000e+01
      vertex   1.100000e+01 -6.000000e+00 -8.925000e+01
      vertex   1.125882e+01 -5.965926e+00 -8.925000e+01
    endloop
  endfacet
  facet normal 3.826834e-01 -9.238795e-01 0.000000e+00
    outer loop
      vertex   1.125882e+01 -5.965926e+00 -8.750000e+01
      vertex   1.125882e+01 -5.965926e+00 -8.925000e+01
      vertex   1.150000e+01 -5.866025e+00 -8.750000e+01
    endloop
  endfacet
  facet normal 3.826834e-01 -9.238795e-01 -9.377941e-16
    outer loop
      vertex   1.150000e+01 -5.866025e+00 -8.750000e+01
      vertex   1.125882e+01 -5.965926e+00 -8.925000e+01
      vertex   1.150000e+01 -5.866025e+00 -8.925000e+01
    endloop
  endfacet
  facet normal 6.087614e-01 -7.933533e-01 -8.053021e-16
    outer loop
      vertex   1.150000e+01 -5.866025e+00 -8.750000e+01
      vertex   1.150000e+01 -5.866025e+00 -8.925000e+01
      vertex   1.170711e+01 -5.707107e+00 -8.750000e+01
    endloop
  endfacet
  facet normal 6.087614e-01 -7.933533e-01 0.000000e+00
    outer loop
      vertex   1.170711e+01 -5.707107e+00 -8.750000e+01
      vertex   1.150000e+01 -5.866025e+00 -8.925000e+01
      vertex   1.170711e+01 -5.707107e+00 -8.925000e+01
    endloop
  endfacet
  facet normal 7.933533e-01 -6.087614e-01 0.000000e+00
    outer loop
      vertex   1.170711e+01 -5.707107e+00 -8.750000e+01
      vertex   1.170711e+01 -5.707107e+00 -8.925000e+01
      vertex   1.186603e+01 -5.500000e+00 -8.750000e+01
    endloop
  endfacet
  facet normal 7.933533e-01 -6.087614e-01 -6.179300e-16
    outer loop
      vertex   1.186603e+01 -5.500000e+00 -8.750000e+01
      vertex   1.170711e+01 -5.707107e+00 -8.925000e+01
      vertex   1.186603e+01 -5.500000e+00 -8.925000e+01
    endloop
  endfacet
  facet normal 9.238795e-01 -3.826834e-01 -3.884470e-16
    outer loop
      vertex   1.186603e+01 -5.500000e+00 -8.750000e+01
      vertex   1.186603e+01 -5.500000e+00 -8.925000e+01
      vertex   1.196593e+01 -5.258819e+00 -8.750000e+01
    endloop
  endfacet
  facet normal 9.238795e-01 -3.826834e-01 0.000000e+00
    outer loop
      vertex   1.196593e+01 -5.258819e+00 -8.750000e+01
      vertex   1.186603e+01 -5.500000e+00 -8.925000e+01
      vertex   1.196593e+01 -5.258819e+00 -8.925000e+01
    endloop
  endfacet
  facet normal 9.914449e-01 -1.305262e-01 0.000000e+00
    outer loop
      vertex   1.196593e+01 -5.258819e+00 -8.750000e+01
      vertex   1.196593e+01 -5.258819e+00 -8.925000e+01
      vertex   1.200000e+01 -5.000000e+00 -8.750000e+01
    endloop
  endfacet
  facet normal 9.914449e-01 -1.305262e-01 0.000000e+00
    outer loop
      vertex   1.200000e+01 -5.000000e+00 -8.750000e+01
      vertex   1.196593e+01 -5.258819e+00 -8.925000e+01
      vertex   1.200000e+01 -5.000000e+00 -8.925000e+01
    endloop
  endfacet
  facet normal 0.000000e+00 1.000000e+00 -0.000000e+00
    outer loop
      vertex   1.125000e+01 -4.000000e+00 -9.000000e+01
      vertex   -1.125000e+01 -4.000000e+00 -9.000000e+01
      vertex   1.200000e+01 -4.000000e+00 -8.925000e+01
    endloop
  endfacet
  facet normal 0.000000e+00 1.000000e+00 0.000000e+00
    outer loop
      vertex   1.200000e+01 -4.000000e+00 -8.925000e+01
      vertex   -1.125000e+01 -4.000000e+00 -9.000000e+01
      vertex   -1.200000e+01 -4.000000e+00 -8.925000e+01
    endloop
  endfacet
  facet normal 0.000000e+00 1.000000e+00 0.000000e+00
    outer loop
      vertex   1.200000e+01 -4.000000e+00 -8.925000e+01
      vertex   -1.200000e+01 -4.000000e+00 -8.925000e+01
      vertex   -1.200000e+01 -4.000000e+00 -8.800000e+01
    endloop
  endfacet
  facet normal -0.000000e+00 1.000000e+00 0.000000e+00
    outer loop
      vertex   -1.200000e+01 -4.000000e+00 -8.800000e+01
      vertex   1.200000e+01 -4.000000e+00 -8.800000e+01
      vertex   1.200000e+01 -4.000000e+00 -8.925000e+01
    endloop
  endfacet
  facet normal 1.000000e+00 0.000000e+00 -0.000000e+00
    outer loop
      vertex   1.200000e+01 -4.000000e+00 -8.925000e+01
      vertex   1.200000e+01 -4.000000e+00 -8.800000e+01
      vertex   1.200000e+01 -5.000000e+00 -8.925000e+01
    endloop
  endfacet
  facet normal 1.000000e+00 0.000000e+00 0.000000e+00
    outer loop
      vertex   1.200000e+01 -5.000000e+00 -8.925000e+01
      vertex   1.200000e+01 -4.000000e+00 -8.800000e+01
      vertex   1.200000e+01 -5.000000e+00 -8.750000e+01
    endloop
  endfacet
  facet normal 1.000000e+00 0.000000e+00 0.000000e+00
    outer loop
      vertex   1.200000e+01 -5.000000e+00 -8.750000e+01
      vertex   1.200000e+01 -4.000000e+00 -8.800000e+01
      vertex   1.200000e+01 -3.982963e+00 -8.787059e+01
    endloop
  endfacet
  facet normal 1.000000e+00 0.000000e+00 0.000000e+00
    outer loop
      vertex   1.200000e+01 -5.000000e+00 -8.750000e+01
      vertex   1.200000e+01 -3.982963e+00 -8.787059e+01
      vertex   1.200000e+01 -3.933013e+00 -8.775000e+01
    endloop
  endfacet
  facet normal 1.000000e+00 0.000000e+00 -0.000000e+00
    outer loop
      vertex   1.200000e+01 -3.933013e+00 -8.775000e+01
      vertex   1.200000e+01 -3.853553e+00 -8.764645e+01
      vertex   1.200000e+01 -5.000000e+00 -8.750000e+01
    endloop
  endfacet
  facet normal 1.000000e+00 -0.000000e+00 0.000000e+00
    outer loop
      vertex   1.200000e+01 -5.000000e+00 -8.750000e+01
      vertex   1.200000e+01 -3.853553e+00 -8.764645e+01
      vertex   1.200000e+01 -4.965926e+00 -8.724118e+01
    endloop
  endfacet
  facet normal 1.000000e+00 0.000000e+00 0.000000e+00
    outer loop
      vertex   1.200000e+01 -4.965926e+00 -8.724118e+01
      vertex   1.200000e+01 -3.853553e+00 -8.764645e+01
      vertex   1.200000e+01 -3.750000e+00 -8.756699e+01
    endloop
  endfacet
  facet normal 1.000000e+00 -0.000000e+00 0.000000e+00
    outer loop
      vertex   1.200000e+01 -4.965926e+00 -8.724118e+01
      vertex   1.200000e+01 -3.750000e+00 -8.756699e+01
      vertex   1.200000e+01 -4.866025e+00 -8.700000e+01
    endloop
  endfacet
  facet normal 1.000000e+00 0.000000e+00 0.000000e+00
    outer loop
      vertex   1.200000e+01 -4.866025e+00 -8.700000e+01
      vertex   1.200000e+01 -3.750000e+00 -8.756699e+01
      vertex   1.200000e+01 -3.629410e+00 -8.751704e+01
    endloop
  endfacet
  facet normal 1.000000e+00 -0.000000e+00 0.000000e+00
    outer loop
      vertex   1.200000e+01 -4.866025e+00 -8.700000e+01
      vertex   1.200000e+01 -3.629410e+00 -8.751704e+01
      vertex   1.200000e+01 -4.707107e+00 -8.679289e+01
    endloop
  endfacet
  facet normal 1.000000e+00 -0.000000e+00 0.000000e+00
    outer loop
      vertex   1.200000e+01 -4.707107e+00 -8.679289e+01
      vertex   1.200000e+01 -3.629410e+00 -8.751704e+01
      vertex   1.200000e+01 -4.500000e+00 -8.663397e+01
    endloop
  endfacet
  facet normal 1.000000e+00 -0.000000e+00 0.000000e+00
    outer loop
      vertex   1.200000e+01 -4.500000e+00 -8.663397e+01
      vertex   1.200000e+01 -3.629410e+00 -8.751704e+01
      vertex   1.200000e+01 -4.258819e+00 -8.653407e+01
    endloop
  endfacet
  facet normal 1.000000e+00 -0.000000e+00 0.000000e+00
    outer loop
      vertex   1.200000e+01 -4.258819e+00 -8.653407e+01
      vertex   1.200000e+01 -3.629410e+00 -8.751704e+01
      vertex   1.200000e+01 -4.000000e+00 -8.650000e+01
    endloop
  endfacet
  facet normal 1.000000e+00 0.000000e+00 0.000000e+00
    outer loop
      vertex   1.200000e+01 -4.000000e+00 -8.650000e+01
      vertex   1.200000e+01 -3.629410e+00 -8.751704e+01
      vertex   1.200000e+01 -3.500000e+00 -8.750000e+01
    endloop
  endfacet
  facet normal 1.000000e+00 -1.332268e-15 -6.661338e-16
    outer loop
      vertex   1.200000e+01 -4.000000e+00 -8.650000e+01
      vertex   1.200000e+01 -3.500000e+00 -8.750000e+01
      vertex   1.200000e+01 0.000000e+00 -8.650000e+01
    endloop
  endfacet
  facet normal 1.000000e+00 0.000000e+00 -5.329071e-15
    outer loop
      vertex   1.200000e+01 0.000000e+00 -8.650000e+01
      vertex   1.200000e+01 -3.500000e+00 -8.750000e+01
      vertex   1.200000e+01 0.000000e+00 -8.750000e+01
    endloop
  endfacet
  facet normal -9.914449e-01 -1.320870e-15 1.305262e-01
    outer loop
      vertex   -1.200000e+01 0.000000e+00 -8.650000e+01
      vertex   -1.200000e+01 -4.000000e+00 -8.650000e+01
      vertex   -1.196593e+01 0.000000e+00 -8.624118e+01
    endloop
  endfacet
  facet normal -9.914449e-01 0.000000e+00 1.305262e-01
    outer loop
      vertex   -1.196593e+01 0.000000e+00 -8.624118e+01
      vertex   -1.200000e+01 -4.000000e+00 -8.650000e+01
      vertex   -1.196593e+01 -4.000000e+00 -8.624118e+01
    endloop
  endfacet
  facet normal -9.238795e-01 0.000000e+00 3.826834e-01
    outer loop
      vertex   -1.196593e+01 0.000000e+00 -8.624118e+01
      vertex   -1.196593e+01 -4.000000e+00 -8.624118e+01
      vertex   -1.186603e+01 0.000000e+00 -8.600000e+01
    endloop
  endfacet
  facet normal -9.238795e-01 0.000000e+00 3.826834e-01
    outer loop
      vertex   -1.186603e+01 0.000000e+00 -8.600000e+01
      vertex   -1.196593e+01 -4.000000e+00 -8.624118e+01
      vertex   -1.186603e+01 -4.000000e+00 -8.600000e+01
    endloop
  endfacet
  facet normal -7.933533e-01 0.000000e+00 6.087614e-01
    outer loop
      vertex   -1.186603e+01 0.000000e+00 -8.600000e+01
      vertex   -1.186603e+01 -4.000000e+00 -8.600000e+01
      vertex   -1.170711e+01 0.000000e+00 -8.579289e+01
    endloop
  endfacet
  facet normal -7.933533e-01 1.056959e-15 6.087614e-01
    outer loop
      vertex   -1.170711e+01 0.000000e+00 -8.579289e+01
      vertex   -1.186603e+01 -4.000000e+00 -8.600000e+01
      vertex   -1.170711e+01 -4.000000e+00 -8.579289e+01
    endloop
  endfacet
  facet normal -6.087614e-01 8.110331e-16 7.933533e-01
    outer loop
      vertex   -1.170711e+01 0.000000e+00 -8.579289e+01
      vertex   -1.170711e+01 -4.000000e+00 -8.579289e+01
      vertex   -1.150000e+01 0.000000e+00 -8.563397e+01
    endloop
  endfacet
  facet normal -6.087614e-01 2.703444e-16 7.933533e-01
    outer loop
      vertex   -1.150000e+01 0.000000e+00 -8.563397e+01
      vertex   -1.170711e+01 -4.000000e+00 -8.579289e+01
      vertex   -1.150000e+01 -4.000000e+00 -8.563397e+01
    endloop
  endfacet
  facet normal -3.826834e-01 1.699456e-16 9.238795e-01
    outer loop
      vertex   -1.150000e+01 0.000000e+00 -8.563397e+01
      vertex   -1.150000e+01 -4.000000e+00 -8.563397e+01
      vertex   -1.125882e+01 0.000000e+00 -8.553407e+01
    endloop
  endfacet
  facet normal -3.826834e-01 -2.772443e-15 9.238795e-01
    outer loop
      vertex   -1.125882e+01 0.000000e+00 -8.553407e+01
      vertex   -1.150000e+01 -4.000000e+00 -8.563397e+01
      vertex   -1.125882e+01 -4.000000e+00 -8.553407e+01
    endloop
  endfacet
  facet normal -1.305262e-01 -3.348424e-15 9.914449e-01
    outer loop
      vertex   -1.125882e+01 0.000000e+00 -8.553407e+01
      vertex   -1.125882e+01 -4.000000e+00 -8.553407e+01
      vertex   -1.100000e+01 0.000000e+00 -8.550000e+01
    endloop
  endfacet
  facet normal -1.305262e-01 -3.406389e-15 9.914449e-01
    outer loop
      vertex   -1.100000e+01 0.000000e+00 -8.550000e+01
      vertex   -1.125882e+01 -4.000000e+00 -8.553407e+01
      vertex   -1.100000e+01 -4.000000e+00 -8.550000e+01
    endloop
  endfacet
  facet normal -9.912985e-01 -1.305069e-01 1.718156e-02
    outer loop
      vertex   -1.200000e+01 -5.000000e+00 -8.750000e+01
      vertex   -1.196593e+01 -5.258819e+00 -8.750000e+01
      vertex   -1.200000e+01 -4.965926e+00 -8.724118e+01
    endloop
  endfacet
  facet normal -9.912985e-01 -1.305069e-01 1.718156e-02
    outer loop
      vertex   -1.200000e+01 -4.965926e+00 -8.724118e+01
      vertex   -1.196593e+01 -5.258819e+00 -8.750000e+01
      vertex   -1.196593e+01 -5.215926e+00 -8.717419e+01
    endloop
  endfacet
  facet normal -9.912985e-01 -1.216131e-01 5.037379e-02
    outer loop
      vertex   -1.200000e+01 -4.965926e+00 -8.724118e+01
      vertex   -1.196593e+01 -5.215926e+00 -8.717419e+01
      vertex   -1.200000e+01 -4.866025e+00 -8.700000e+01
    endloop
  endfacet
  facet normal -9.912985e-01 -1.216131e-01 5.037379e-02
    outer loop
      vertex   -1.200000e+01 -4.866025e+00 -8.700000e+01
      vertex   -1.196593e+01 -5.215926e+00 -8.717419e+01
      vertex   -1.196593e+01 -5.090169e+00 -8.687059e+01
    endloop
  endfacet
  facet normal -9.912985e-01 -1.044315e-01 8.013313e-02
    outer loop
      vertex   -1.200000e+01 -4.866025e+00 -8.700000e+01
      vertex   -1.196593e+01 -5.090169e+00 -8.687059e+01
      vertex   -1.200000e+01 -4.707107e+00 -8.679289e+01
    endloop
  endfacet
  facet normal -9.912985e-01 -1.044315e-01 8.013313e-02
    outer loop
      vertex   -1.200000e+01 -4.707107e+00 -8.679289e+01
      vertex   -1.196593e+01 -5.090169e+00 -8.687059e+01
      vertex   -1.196593e+01 -4.890119e+00 -8.660988e+01
    endloop
  endfacet
  facet normal -9.912985e-01 -8.013313e-02 1.044315e-01
    outer loop
      vertex   -1.200000e+01 -4.707107e+00 -8.679289e+01
      vertex   -1.196593e+01 -4.890119e+00 -8.660988e+01
      vertex   -1.200000e+01 -4.500000e+00 -8.663397e+01
    endloop
  endfacet
  facet normal -9.912985e-01 -8.013313e-02 1.044315e-01
    outer loop
      vertex   -1.200000e+01 -4.500000e+00 -8.663397e+01
      vertex   -1.196593e+01 -4.890119e+00 -8.660988e+01
      vertex   -1.196593e+01 -4.629410e+00 -8.640983e+01
    endloop
  endfacet
  facet normal -9.912985e-01 -5.037379e-02 1.216131e-01
    outer loop
      vertex   -1.200000e+01 -4.500000e+00 -8.663397e+01
      vertex   -1.196593e+01 -4.629410e+00 -8.640983e+01
      vertex   -1.200000e+01 -4.258819e+00 -8.653407e+01
    endloop
  endfacet
  facet normal -9.912985e-01 -5.037379e-02 1.216131e-01
    outer loop
      vertex   -1.200000e+01 -4.258819e+00 -8.653407e+01
      vertex   -1.196593e+01 -4.629410e+00 -8.640983e+01
      vertex   -1.196593e+01 -4.325806e+00 -8.628407e+01
    endloop
  endfacet
  facet normal -9.912985e-01 -1.718156e-02 1.305069e-01
    outer loop
      vertex   -1.200000e+01 -4.258819e+00 -8.653407e+01
      vertex   -1.196593e+01 -4.325806e+00 -8.628407e+01
      vertex   -1.200000e+01 -4.000000e+00 -8.650000e+01
    endloop
  endfacet
  facet normal -9.912985e-01 -1.718156e-02 1.305069e-01
    outer loop
      vertex   -1.200000e+01 -4.000000e+00 -8.650000e+01
      vertex   -1.196593e+01 -4.325806e+00 -8.628407e+01
      vertex   -1.196593e+01 -4.000000e+00 -8.624118e+01
    endloop
  endfacet
  facet normal -9.227092e-01 -5.031741e-02 3.821987e-01
    outer loop
      vertex   -1.196593e+01 -4.000000e+00 -8.624118e+01
      vertex   -1.196593e+01 -4.325806e+00 -8.628407e+01
      vertex   -1.186603e+01 -4.388229e+00 -8.605111e+01
    endloop
  endfacet
  facet normal -9.227092e-01 -5.031741e-02 3.821987e-01
    outer loop
      vertex   -1.196593e+01 -4.000000e+00 -8.624118e+01
      vertex   -1.186603e+01 -4.388229e+00 -8.605111e+01
      vertex   -1.186603e+01 -4.000000e+00 -8.600000e+01
    endloop
  endfacet
  facet normal -7.908176e-01 -7.988880e-02 6.068157e-01
    outer loop
      vertex   -1.186603e+01 -4.000000e+00 -8.600000e+01
      vertex   -1.186603e+01 -4.388229e+00 -8.605111e+01
      vertex   -1.170711e+01 -4.441832e+00 -8.585106e+01
    endloop
  endfacet
  facet normal -7.908176e-01 -7.988880e-02 6.068157e-01
    outer loop
      vertex   -1.186603e+01 -4.000000e+00 -8.600000e+01
      vertex   -1.170711e+01 -4.441832e+00 -8.585106e+01
      vertex   -1.170711e+01 -4.000000e+00 -8.579289e+01
    endloop
  endfacet
  facet normal -6.054678e-01 -1.038819e-01 7.890610e-01
    outer loop
      vertex   -1.170711e+01 -4.000000e+00 -8.579289e+01
      vertex   -1.170711e+01 -4.441832e+00 -8.585106e+01
      vertex   -1.150000e+01 -4.482963e+00 -8.569756e+01
    endloop
  endfacet
  facet normal -6.054678e-01 -1.038819e-01 7.890610e-01
    outer loop
      vertex   -1.170711e+01 -4.000000e+00 -8.579289e+01
      vertex   -1.150000e+01 -4.482963e+00 -8.569756e+01
      vertex   -1.150000e+01 -4.000000e+00 -8.563397e+01
    endloop
  endfacet
  facet normal -3.798837e-01 -1.207412e-01 9.171204e-01
    outer loop
      vertex   -1.150000e+01 -4.000000e+00 -8.563397e+01
      vertex   -1.150000e+01 -4.482963e+00 -8.569756e+01
      vertex   -1.125882e+01 -4.508819e+00 -8.560106e+01
    endloop
  endfacet
  facet normal -3.798837e-01 -1.207412e-01 9.171204e-01
    outer loop
      vertex   -1.150000e+01 -4.000000e+00 -8.563397e+01
      vertex   -1.125882e+01 -4.508819e+00 -8.560106e+01
      vertex   -1.125882e+01 -4.000000e+00 -8.553407e+01
    endloop
  endfacet
  facet normal -1.294283e-01 -1.294283e-01 9.831056e-01
    outer loop
      vertex   -1.125882e+01 -4.000000e+00 -8.553407e+01
      vertex   -1.125882e+01 -4.508819e+00 -8.560106e+01
      vertex   -1.100000e+01 -4.517638e+00 -8.556815e+01
    endloop
  endfacet
  facet normal -1.294283e-01 -1.294283e-01 9.831056e-01
    outer loop
      vertex   -1.125882e+01 -4.000000e+00 -8.553407e+01
      vertex   -1.100000e+01 -4.517638e+00 -8.556815e+01
      vertex   -1.100000e+01 -4.000000e+00 -8.550000e+01
    endloop
  endfacet
  facet normal -9.227092e-01 -3.821987e-01 5.031741e-02
    outer loop
      vertex   -1.196593e+01 -5.258819e+00 -8.750000e+01
      vertex   -1.186603e+01 -5.500000e+00 -8.750000e+01
      vertex   -1.196593e+01 -5.215926e+00 -8.717419e+01
    endloop
  endfacet
  facet normal -9.227092e-01 -3.821987e-01 5.031741e-02
    outer loop
      vertex   -1.196593e+01 -5.215926e+00 -8.717419e+01
      vertex   -1.186603e+01 -5.500000e+00 -8.750000e+01
      vertex   -1.186603e+01 -5.448889e+00 -8.711177e+01
    endloop
  endfacet
  facet normal -9.227092e-01 -3.561525e-01 1.475232e-01
    outer loop
      vertex   -1.196593e+01 -5.215926e+00 -8.717419e+01
      vertex   -1.186603e+01 -5.448889e+00 -8.711177e+01
      vertex   -1.196593e+01 -5.090169e+00 -8.687059e+01
    endloop
  endfacet
  facet normal -9.227092e-01 -3.561525e-01 1.475232e-01
    outer loop
      vertex   -1.196593e+01 -5.090169e+00 -8.687059e+01
      vertex   -1.186603e+01 -5.448889e+00 -8.711177e+01
      vertex   -1.186603e+01 -5.299038e+00 -8.675000e+01
    endloop
  endfacet
  facet normal -9.227092e-01 -3.058351e-01 2.346755e-01
    outer loop
      vertex   -1.196593e+01 -5.090169e+00 -8.687059e+01
      vertex   -1.186603e+01 -5.299038e+00 -8.675000e+01
      vertex   -1.196593e+01 -4.890119e+00 -8.660988e+01
    endloop
  endfacet
  facet normal -9.227092e-01 -3.058351e-01 2.346755e-01
    outer loop
      vertex   -1.196593e+01 -4.890119e+00 -8.660988e+01
      vertex   -1.186603e+01 -5.299038e+00 -8.675000e+01
      vertex   -1.186603e+01 -5.060660e+00 -8.643934e+01
    endloop
  endfacet
  facet normal -9.227092e-01 -2.346755e-01 3.058351e-01
    outer loop
      vertex   -1.196593e+01 -4.890119e+00 -8.660988e+01
      vertex   -1.186603e+01 -5.060660e+00 -8.643934e+01
      vertex   -1.196593e+01 -4.629410e+00 -8.640983e+01
    endloop
  endfacet
  facet normal -9.227092e-01 -2.346755e-01 3.058351e-01
    outer loop
      vertex   -1.196593e+01 -4.629410e+00 -8.640983e+01
      vertex   -1.186603e+01 -5.060660e+00 -8.643934e+01
      vertex   -1.186603e+01 -4.750000e+00 -8.620096e+01
    endloop
  endfacet
  facet normal -9.227092e-01 -1.475232e-01 3.561525e-01
    outer loop
      vertex   -1.196593e+01 -4.629410e+00 -8.640983e+01
      vertex   -1.186603e+01 -4.750000e+00 -8.620096e+01
      vertex   -1.196593e+01 -4.325806e+00 -8.628407e+01
    endloop
  endfacet
  facet normal -9.227092e-01 -1.475232e-01 3.561525e-01
    outer loop
      vertex   -1.196593e+01 -4.325806e+00 -8.628407e+01
      vertex   -1.186603e+01 -4.750000e+00 -8.620096e+01
      vertex   -1.186603e+01 -4.388229e+00 -8.605111e+01
    endloop
  endfacet
  facet normal -7.908176e-01 -6.068157e-01 7.988880e-02
    outer loop
      vertex   -1.186603e+01 -5.500000e+00 -8.750000e+01
      vertex   -1.170711e+01 -5.707107e+00 -8.750000e+01
      vertex   -1.186603e+01 -5.448889e+00 -8.711177e+01
    endloop
  endfacet
  facet normal -7.908176e-01 -6.068157e-01 7.988880e-02
    outer loop
      vertex   -1.186603e+01 -5.448889e+00 -8.711177e+01
      vertex   -1.170711e+01 -5.707107e+00 -8.750000e+01
      vertex   -1.170711e+01 -5.648939e+00 -8.705817e+01
    endloop
  endfacet
  facet normal -7.908176e-01 -5.654622e-01 2.342221e-01
    outer loop
      vertex   -1.186603e+01 -5.448889e+00 -8.711177e+01
      vertex   -1.170711e+01 -5.648939e+00 -8.705817e+01
      vertex   -1.186603e+01 -5.299038e+00 -8.675000e+01
    endloop
  endfacet
  facet normal -7.908176e-01 -5.654622e-01 2.342221e-01
    outer loop
      vertex   -1.186603e+01 -5.299038e+00 -8.675000e+01
      vertex   -1.170711e+01 -5.648939e+00 -8.705817e+01
      vertex   -1.170711e+01 -5.478398e+00 -8.664645e+01
    endloop
  endfacet
  facet normal -7.908176e-01 -4.855734e-01 3.725936e-01
    outer loop
      vertex   -1.186603e+01 -5.299038e+00 -8.675000e+01
      vertex   -1.170711e+01 -5.478398e+00 -8.664645e+01
      vertex   -1.186603e+01 -5.060660e+00 -8.643934e+01
    endloop
  endfacet
  facet normal -7.908176e-01 -4.855734e-01 3.725936e-01
    outer loop
      vertex   -1.186603e+01 -5.060660e+00 -8.643934e+01
      vertex   -1.170711e+01 -5.478398e+00 -8.664645e+01
      vertex   -1.170711e+01 -5.207107e+00 -8.629289e+01
    endloop
  endfacet
  facet normal -7.908176e-01 -3.725936e-01 4.855734e-01
    outer loop
      vertex   -1.186603e+01 -5.060660e+00 -8.643934e+01
      vertex   -1.170711e+01 -5.207107e+00 -8.629289e+01
      vertex   -1.186603e+01 -4.750000e+00 -8.620096e+01
    endloop
  endfacet
  facet normal -7.908176e-01 -3.725936e-01 4.855734e-01
    outer loop
      vertex   -1.186603e+01 -4.750000e+00 -8.620096e+01
      vertex   -1.170711e+01 -5.207107e+00 -8.629289e+01
      vertex   -1.170711e+01 -4.853553e+00 -8.602160e+01
    endloop
  endfacet
  facet normal -7.908176e-01 -2.342221e-01 5.654622e-01
    outer loop
      vertex   -1.186603e+01 -4.750000e+00 -8.620096e+01
      vertex   -1.170711e+01 -4.853553e+00 -8.602160e+01
      vertex   -1.186603e+01 -4.388229e+00 -8.605111e+01
    endloop
  endfacet
  facet normal -7.908176e-01 -2.342221e-01 5.654622e-01
    outer loop
      vertex   -1.186603e+01 -4.388229e+00 -8.605111e+01
      vertex   -1.170711e+01 -4.853553e+00 -8.602160e+01
      vertex   -1.170711e+01 -4.441832e+00 -8.585106e+01
    endloop
  endfacet
  facet normal -6.054678e-01 -7.890610e-01 1.038819e-01
    outer loop
      vertex   -1.170711e+01 -5.707107e+00 -8.750000e+01
      vertex   -1.150000e+01 -5.866025e+00 -8.750000e+01
      vertex   -1.170711e+01 -5.648939e+00 -8.705817e+01
    endloop
  endfacet
  facet normal -6.054678e-01 -7.890610e-01 1.038819e-01
    outer loop
      vertex   -1.170711e+01 -5.648939e+00 -8.705817e+01
      vertex   -1.150000e+01 -5.866025e+00 -8.750000e+01
      vertex   -1.150000e+01 -5.802442e+00 -8.701704e+01
    endloop
  endfacet
  facet normal -6.054678e-01 -7.352878e-01 3.045662e-01
    outer loop
      vertex   -1.170711e+01 -5.648939e+00 -8.705817e+01
      vertex   -1.150000e+01 -5.802442e+00 -8.701704e+01
      vertex   -1.170711e+01 -5.478398e+00 -8.664645e+01
    endloop
  endfacet
  facet normal -6.054678e-01 -7.352878e-01 3.045662e-01
    outer loop
      vertex   -1.170711e+01 -5.478398e+00 -8.664645e+01
      vertex   -1.150000e+01 -5.802442e+00 -8.701704e+01
      vertex   -1.150000e+01 -5.616025e+00 -8.656699e+01
    endloop
  endfacet
  facet normal -6.054678e-01 -6.314060e-01 4.844948e-01
    outer loop
      vertex   -1.170711e+01 -5.478398e+00 -8.664645e+01
      vertex   -1.150000e+01 -5.616025e+00 -8.656699e+01
      vertex   -1.170711e+01 -5.207107e+00 -8.629289e+01
    endloop
  endfacet
  facet normal -6.054678e-01 -6.314060e-01 4.844948e-01
    outer loop
      vertex   -1.170711e+01 -5.207107e+00 -8.629289e+01
      vertex   -1.150000e+01 -5.616025e+00 -8.656699e+01
      vertex   -1.150000e+01 -5.319479e+00 -8.618052e+01
    endloop
  endfacet
  facet normal -6.054678e-01 -4.844948e-01 6.314060e-01
    outer loop
      vertex   -1.170711e+01 -5.207107e+00 -8.629289e+01
      vertex   -1.150000e+01 -5.319479e+00 -8.618052e+01
      vertex   -1.170711e+01 -4.853553e+00 -8.602160e+01
    endloop
  endfacet
  facet normal -6.054678e-01 -4.844948e-01 6.314060e-01
    outer loop
      vertex   -1.170711e+01 -4.853553e+00 -8.602160e+01
      vertex   -1.150000e+01 -5.319479e+00 -8.618052e+01
      vertex   -1.150000e+01 -4.933013e+00 -8.588397e+01
    endloop
  endfacet
  facet normal -6.054678e-01 -3.045662e-01 7.352878e-01
    outer loop
      vertex   -1.170711e+01 -4.853553e+00 -8.602160e+01
      vertex   -1.150000e+01 -4.933013e+00 -8.588397e+01
      vertex   -1.170711e+01 -4.441832e+00 -8.585106e+01
    endloop
  endfacet
  facet normal -6.054678e-01 -3.045662e-01 7.352878e-01
    outer loop
      vertex   -1.170711e+01 -4.441832e+00 -8.585106e+01
      vertex   -1.150000e+01 -4.933013e+00 -8.588397e+01
      vertex   -1.150000e+01 -4.482963e+00 -8.569756e+01
    endloop
  endfacet
  facet normal -3.798837e-01 -9.171204e-01 1.207412e-01
    outer loop
      vertex   -1.150000e+01 -5.866025e+00 -8.750000e+01
      vertex   -1.125882e+01 -5.965926e+00 -8.750000e+01
      vertex   -1.150000e+01 -5.802442e+00 -8.701704e+01
    endloop
  endfacet
  facet normal -3.798837e-01 -9.171204e-01 1.207412e-01
    outer loop
      vertex   -1.150000e+01 -5.802442e+00 -8.701704e+01
      vertex   -1.125882e+01 -5.965926e+00 -8.750000e+01
      vertex   -1.125882e+01 -5.898939e+00 -8.699118e+01
    endloop
  endfacet
  facet normal -3.798837e-01 -8.546202e-01 3.539953e-01
    outer loop
      vertex   -1.150000e+01 -5.802442e+00 -8.701704e+01
      vertex   -1.125882e+01 -5.898939e+00 -8.699118e+01
      vertex   -1.150000e+01 -5.616025e+00 -8.656699e+01
    endloop
  endfacet
  facet normal -3.798837e-01 -8.546202e-01 3.539953e-01
    outer loop
      vertex   -1.150000e+01 -5.616025e+00 -8.656699e+01
      vertex   -1.125882e+01 -5.898939e+00 -8.699118e+01
      vertex   -1.125882e+01 -5.702542e+00 -8.651704e+01
    endloop
  endfacet
  facet normal -3.798837e-01 -7.338790e-01 5.631252e-01
    outer loop
      vertex   -1.150000e+01 -5.616025e+00 -8.656699e+01
      vertex   -1.125882e+01 -5.702542e+00 -8.651704e+01
      vertex   -1.150000e+01 -5.319479e+00 -8.618052e+01
    endloop
  endfacet
  facet normal -3.798837e-01 -7.338790e-01 5.631252e-01
    outer loop
      vertex   -1.150000e+01 -5.319479e+00 -8.618052e+01
      vertex   -1.125882e+01 -5.702542e+00 -8.651704e+01
      vertex   -1.125882e+01 -5.390119e+00 -8.610988e+01
    endloop
  endfacet
  facet normal -3.798837e-01 -5.631252e-01 7.338790e-01
    outer loop
      vertex   -1.150000e+01 -5.319479e+00 -8.618052e+01
      vertex   -1.125882e+01 -5.390119e+00 -8.610988e+01
      vertex   -1.150000e+01 -4.933013e+00 -8.588397e+01
    endloop
  endfacet
  facet normal -3.798837e-01 -5.631252e-01 7.338790e-01
    outer loop
      vertex   -1.150000e+01 -4.933013e+00 -8.588397e+01
      vertex   -1.125882e+01 -5.390119e+00 -8.610988e+01
      vertex   -1.125882e+01 -4.982963e+00 -8.579746e+01
    endloop
  endfacet
  facet normal -3.798837e-01 -3.539953e-01 8.546202e-01
    outer loop
      vertex   -1.150000e+01 -4.933013e+00 -8.588397e+01
      vertex   -1.125882e+01 -4.982963e+00 -8.579746e+01
      vertex   -1.150000e+01 -4.482963e+00 -8.569756e+01
    endloop
  endfacet
  facet normal -3.798837e-01 -3.539953e-01 8.546202e-01
    outer loop
      vertex   -1.150000e+01 -4.482963e+00 -8.569756e+01
      vertex   -1.125882e+01 -4.982963e+00 -8.579746e+01
      vertex   -1.125882e+01 -4.508819e+00 -8.560106e+01
    endloop
  endfacet
  facet normal -1.294283e-01 -9.831056e-01 1.294283e-01
    outer loop
      vertex   -1.125882e+01 -5.965926e+00 -8.750000e+01
      vertex   -1.100000e+01 -6.000000e+00 -8.750000e+01
      vertex   -1.125882e+01 -5.898939e+00 -8.699118e+01
    endloop
  endfacet
  facet normal -1.294283e-01 -9.831056e-01 1.294283e-01
    outer loop
      vertex   -1.125882e+01 -5.898939e+00 -8.699118e+01
      vertex   -1.100000e+01 -6.000000e+00 -8.750000e+01
      vertex   -1.100000e+01 -5.931852e+00 -8.698236e+01
    endloop
  endfacet
  facet normal -1.294283e-01 -9.161086e-01 3.794646e-01
    outer loop
      vertex   -1.125882e+01 -5.898939e+00 -8.699118e+01
      vertex   -1.100000e+01 -5.931852e+00 -8.698236e+01
      vertex   -1.125882e+01 -5.702542e+00 -8.651704e+01
    endloop
  endfacet
  facet normal -1.294283e-01 -9.161086e-01 3.794646e-01
    outer loop
      vertex   -1.125882e+01 -5.702542e+00 -8.651704e+01
      vertex   -1.100000e+01 -5.931852e+00 -8.698236e+01
      vertex   -1.100000e+01 -5.732051e+00 -8.650000e+01
    endloop
  endfacet
  facet normal -1.294283e-01 -7.866803e-01 6.036410e-01
    outer loop
      vertex   -1.125882e+01 -5.702542e+00 -8.651704e+01
      vertex   -1.100000e+01 -5.732051e+00 -8.650000e+01
      vertex   -1.125882e+01 -5.390119e+00 -8.610988e+01
    endloop
  endfacet
  facet normal -1.294283e-01 -7.866803e-01 6.036410e-01
    outer loop
      vertex   -1.125882e+01 -5.390119e+00 -8.610988e+01
      vertex   -1.100000e+01 -5.732051e+00 -8.650000e+01
      vertex   -1.100000e+01 -5.414214e+00 -8.608579e+01
    endloop
  endfacet
  facet normal -1.294283e-01 -6.036410e-01 7.866803e-01
    outer loop
      vertex   -1.125882e+01 -5.390119e+00 -8.610988e+01
      vertex   -1.100000e+01 -5.414214e+00 -8.608579e+01
      vertex   -1.125882e+01 -4.982963e+00 -8.579746e+01
    endloop
  endfacet
  facet normal -1.294283e-01 -6.036410e-01 7.866803e-01
    outer loop
      vertex   -1.125882e+01 -4.982963e+00 -8.579746e+01
      vertex   -1.100000e+01 -5.414214e+00 -8.608579e+01
      vertex   -1.100000e+01 -5.000000e+00 -8.576795e+01
    endloop
  endfacet
  facet normal -1.294283e-01 -3.794646e-01 9.161086e-01
    outer loop
      vertex   -1.125882e+01 -4.982963e+00 -8.579746e+01
      vertex   -1.100000e+01 -5.000000e+00 -8.576795e+01
      vertex   -1.125882e+01 -4.508819e+00 -8.560106e+01
    endloop
  endfacet
  facet normal -1.294283e-01 -3.794646e-01 9.161086e-01
    outer loop
      vertex   -1.125882e+01 -4.508819e+00 -8.560106e+01
      vertex   -1.100000e+01 -5.000000e+00 -8.576795e+01
      vertex   -1.100000e+01 -4.517638e+00 -8.556815e+01
    endloop
  endfacet
  facet normal 0.000000e+00 -3.552714e-15 1.000000e+00
    outer loop
      vertex   -1.100000e+01 -4.000000e+00 -8.550000e+01
      vertex   1.100000e+01 -4.000000e+00 -8.550000e+01
      vertex   -1.100000e+01 0.000000e+00 -8.550000e+01
    endloop
  endfacet
  facet normal 0.000000e+00 -3.552714e-15 1.000000e+00
    outer loop
      vertex   -1.100000e+01 0.000000e+00 -8.550000e+01
      vertex   1.100000e+01 -4.000000e+00 -8.550000e+01
      vertex   1.100000e+01 0.000000e+00 -8.550000e+01
    endloop
  endfacet
  facet normal 0.000000e+00 -1.305262e-01 9.914449e-01
    outer loop
      vertex   1.100000e+01 -4.000000e+00 -8.550000e+01
      vertex   -1.100000e+01 -4.000000e+00 -8.550000e+01
      vertex   -1.110223e-15 -4.517638e+00 -8.556815e+01
    endloop
  endfacet
  facet normal -2.603844e-15 -1.305262e-01 9.914449e-01
    outer loop
      vertex   -1.110223e-15 -4.517638e+00 -8.556815e+01
      vertex   -1.100000e+01 -4.000000e+00 -8.550000e+01
      vertex   -1.100000e+01 -4.517638e+00 -8.556815e+01
    endloop
  endfacet
  facet normal -2.510709e-15 -3.826834e-01 9.238795e-01
    outer loop
      vertex   -1.110223e-15 -4.517638e+00 -8.556815e+01
      vertex   -1.100000e+01 -4.517638e+00 -8.556815e+01
      vertex   -1.110223e-15 -5.000000e+00 -8.576795e+01
    endloop
  endfacet
  facet normal 1.544960e-16 -3.826834e-01 9.238795e-01
    outer loop
      vertex   -1.110223e-15 -5.000000e+00 -8.576795e+01
      vertex   -1.100000e+01 -4.517638e+00 -8.556815e+01
      vertex   -1.100000e+01 -5.000000e+00 -8.576795e+01
    endloop
  endfacet
  facet normal 2.457676e-16 -6.087614e-01 7.933533e-01
    outer loop
      vertex   -1.110223e-15 -5.000000e+00 -8.576795e+01
      vertex   -1.100000e+01 -5.000000e+00 -8.576795e+01
      vertex   -1.110223e-15 -5.414214e+00 -8.608579e+01
    endloop
  endfacet
  facet normal -4.915352e-17 -6.087614e-01 7.933533e-01
    outer loop
      vertex   -1.110223e-15 -5.414214e+00 -8.608579e+01
      vertex   -1.100000e+01 -5.000000e+00 -8.576795e+01
      vertex   -1.100000e+01 -5.414214e+00 -8.608579e+01
    endloop
  endfacet
  facet normal -6.405812e-17 -7.933533e-01 6.087614e-01
    outer loop
      vertex   -1.110223e-15 -5.414214e+00 -8.608579e+01
      vertex   -1.100000e+01 -5.414214e+00 -8.608579e+01
      vertex   -1.110223e-15 -5.732051e+00 -8.650000e+01
    endloop
  endfacet
  facet normal -1.921744e-16 -7.933533e-01 6.087614e-01
    outer loop
      vertex   -1.110223e-15 -5.732051e+00 -8.650000e+01
      vertex   -1.100000e+01 -5.414214e+00 -8.608579e+01
      vertex   -1.100000e+01 -5.732051e+00 -8.650000e+01
    endloop
  endfacet
  facet normal -2.237918e-16 -9.238795e-01 3.826834e-01
    outer loop
      vertex   -1.110223e-15 -5.732051e+00 -8.650000e+01
      vertex   -1.100000e+01 -5.732051e+00 -8.650000e+01
      vertex   -1.110223e-15 -5.931852e+00 -8.698236e+01
    endloop
  endfacet
  facet normal 7.459726e-17 -9.238795e-01 3.826834e-01
    outer loop
      vertex   -1.110223e-15 -5.931852e+00 -8.698236e+01
      vertex   -1.100000e+01 -5.732051e+00 -8.650000e+01
      vertex   -1.100000e+01 -5.931852e+00 -8.698236e+01
    endloop
  endfacet
  facet normal 8.005272e-17 -9.914449e-01 1.305262e-01
    outer loop
      vertex   -1.110223e-15 -5.931852e+00 -8.698236e+01
      vertex   -1.100000e+01 -5.931852e+00 -8.698236e+01
      vertex   -1.100000e+01 -6.000000e+00 -8.750000e+01
    endloop
  endfacet
  facet normal 0.000000e+00 -9.914449e-01 1.305262e-01
    outer loop
      vertex   -1.100000e+01 -6.000000e+00 -8.750000e+01
      vertex   1.100000e+01 -6.000000e+00 -8.750000e+01
      vertex   -1.110223e-15 -5.931852e+00 -8.698236e+01
    endloop
  endfacet
  facet normal -8.005272e-17 -9.914449e-01 1.305262e-01
    outer loop
      vertex   -1.110223e-15 -5.931852e+00 -8.698236e+01
      vertex   1.100000e+01 -6.000000e+00 -8.750000e+01
      vertex   1.100000e+01 -5.931852e+00 -8.698236e+01
    endloop
  endfacet
  facet normal -7.459726e-17 -9.238795e-01 3.826834e-01
    outer loop
      vertex   -1.110223e-15 -5.931852e+00 -8.698236e+01
      vertex   1.100000e+01 -5.931852e+00 -8.698236e+01
      vertex   -1.110223e-15 -5.732051e+00 -8.650000e+01
    endloop
  endfacet
  facet normal 2.237918e-16 -9.238795e-01 3.826834e-01
    outer loop
      vertex   -1.110223e-15 -5.732051e+00 -8.650000e+01
      vertex   1.100000e+01 -5.931852e+00 -8.698236e+01
      vertex   1.100000e+01 -5.732051e+00 -8.650000e+01
    endloop
  endfacet
  facet normal 1.921744e-16 -7.933533e-01 6.087614e-01
    outer loop
      vertex   -1.110223e-15 -5.732051e+00 -8.650000e+01
      vertex   1.100000e+01 -5.732051e+00 -8.650000e+01
      vertex   -1.110223e-15 -5.414214e+00 -8.608579e+01
    endloop
  endfacet
  facet normal 6.405812e-17 -7.933533e-01 6.087614e-01
    outer loop
      vertex   -1.110223e-15 -5.414214e+00 -8.608579e+01
      vertex   1.100000e+01 -5.732051e+00 -8.650000e+01
      vertex   1.100000e+01 -5.414214e+00 -8.608579e+01
    endloop
  endfacet
  facet normal 4.915352e-17 -6.087614e-01 7.933533e-01
    outer loop
      vertex   -1.110223e-15 -5.414214e+00 -8.608579e+01
      vertex   1.100000e+01 -5.414214e+00 -8.608579e+01
      vertex   -1.110223e-15 -5.000000e+00 -8.576795e+01
    endloop
  endfacet
  facet normal -1.966141e-16 -6.087614e-01 7.933533e-01
    outer loop
      vertex   -1.110223e-15 -5.000000e+00 -8.576795e+01
      vertex   1.100000e+01 -5.414214e+00 -8.608579e+01
      vertex   1.100000e+01 -5.000000e+00 -8.576795e+01
    endloop
  endfacet
  facet normal -1.235968e-16 -3.826834e-01 9.238795e-01
    outer loop
      vertex   -1.110223e-15 -5.000000e+00 -8.576795e+01
      vertex   1.100000e+01 -5.000000e+00 -8.576795e+01
      vertex   -1.110223e-15 -4.517638e+00 -8.556815e+01
    endloop
  endfacet
  facet normal 2.510709e-15 -3.826834e-01 9.238795e-01
    outer loop
      vertex   -1.110223e-15 -4.517638e+00 -8.556815e+01
      vertex   1.100000e+01 -5.000000e+00 -8.576795e+01
      vertex   1.100000e+01 -4.517638e+00 -8.556815e+01
    endloop
  endfacet
  facet normal 2.603844e-15 -1.305262e-01 9.914449e-01
    outer loop
      vertex   -1.110223e-15 -4.517638e+00 -8.556815e+01
      vertex   1.100000e+01 -4.517638e+00 -8.556815e+01
      vertex   1.100000e+01 -4.000000e+00 -8.550000e+01
    endloop
  endfacet
  facet normal -6.315935e-16 -4.487742e-30 -1.000000e+00
    outer loop
      vertex   -1.125000e+01 -4.000000e+00 -9.000000e+01
      vertex   1.125000e+01 -4.000000e+00 -9.000000e+01
      vertex   -1.125000e+01 -5.000000e+00 -9.000000e+01
    endloop
  endfacet
  facet normal -6.315935e-16 0.000000e+00 -1.000000e+00
    outer loop
      vertex   -1.125000e+01 -5.000000e+00 -9.000000e+01
      vertex   1.125000e+01 -4.000000e+00 -9.000000e+01
      vertex   1.125000e+01 -5.000000e+00 -9.000000e+01
    endloop
  endfacet
  facet normal -6.315935e-16 -8.315087e-17 -1.000000e+00
    outer loop
      vertex   -1.125000e+01 -5.000000e+00 -9.000000e+01
      vertex   1.125000e+01 -5.000000e+00 -9.000000e+01
      vertex   -1.124148e+01 -5.064705e+00 -9.000000e+01
    endloop
  endfacet
  facet normal -6.320722e-16 8.321388e-17 -1.000000e+00
    outer loop
      vertex   -1.124148e+01 -5.064705e+00 -9.000000e+01
      vertex   1.125000e+01 -5.000000e+00 -9.000000e+01
      vertex   1.124148e+01 -5.064705e+00 -9.000000e+01
    endloop
  endfacet
  facet normal -6.320722e-16 -2.618129e-16 -1.000000e+00
    outer loop
      vertex   -1.124148e+01 -5.064705e+00 -9.000000e+01
      vertex   1.124148e+01 -5.064705e+00 -9.000000e+01
      vertex   -1.121651e+01 -5.125000e+00 -9.000000e+01
    endloop
  endfacet
  facet normal -6.334795e-16 2.623958e-16 -1.000000e+00
    outer loop
      vertex   -1.121651e+01 -5.125000e+00 -9.000000e+01
      vertex   1.124148e+01 -5.064705e+00 -9.000000e+01
      vertex   1.121651e+01 -5.125000e+00 -9.000000e+01
    endloop
  endfacet
  facet normal -6.334795e-16 -4.860860e-16 -1.000000e+00
    outer loop
      vertex   -1.121651e+01 -5.125000e+00 -9.000000e+01
      vertex   1.121651e+01 -5.125000e+00 -9.000000e+01
      vertex   -1.117678e+01 -5.176777e+00 -9.000000e+01
    endloop
  endfacet
  facet normal -6.357314e-16 4.878138e-16 -1.000000e+00
    outer loop
      vertex   -1.117678e+01 -5.176777e+00 -9.000000e+01
      vertex   1.121651e+01 -5.125000e+00 -9.000000e+01
      vertex   1.117678e+01 -5.176777e+00 -9.000000e+01
    endloop
  endfacet
  facet normal -6.357314e-16 -1.534791e-15 -1.000000e+00
    outer loop
      vertex   -1.117678e+01 -5.176777e+00 -9.000000e+01
      vertex   1.117678e+01 -5.176777e+00 -9.000000e+01
      vertex   -1.100000e+01 -5.250000e+00 -9.000000e+01
    endloop
  endfacet
  facet normal -6.459479e-16 1.559456e-15 -1.000000e+00
    outer loop
      vertex   -1.100000e+01 -5.250000e+00 -9.000000e+01
      vertex   1.117678e+01 -5.176777e+00 -9.000000e+01
      vertex   1.100000e+01 -5.250000e+00 -9.000000e+01
    endloop
  endfacet
  facet normal 0.000000e+00 0.000000e+00 -1.000000e+00
    outer loop
      vertex   1.100000e+01 -5.250000e+00 -9.000000e+01
      vertex   1.117678e+01 -5.176777e+00 -9.000000e+01
      vertex   1.112500e+01 -5.216506e+00 -9.000000e+01
    endloop
  endfacet
  facet normal 0.000000e+00 0.000000e+00 -1.000000e+00
    outer loop
      vertex   1.100000e+01 -5.250000e+00 -9.000000e+01
      vertex   1.112500e+01 -5.216506e+00 -9.000000e+01
      vertex   1.106470e+01 -5.241481e+00 -9.000000e+01
    endloop
  endfacet
  facet normal 0.000000e+00 0.000000e+00 -1.000000e+00
    outer loop
      vertex   -1.106470e+01 -5.241481e+00 -9.000000e+01
      vertex   -1.112500e+01 -5.216506e+00 -9.000000e+01
      vertex   -1.100000e+01 -5.250000e+00 -9.000000e+01
    endloop
  endfacet
  facet normal 0.000000e+00 0.000000e+00 -1.000000e+00
    outer loop
      vertex   -1.100000e+01 -5.250000e+00 -9.000000e+01
      vertex   -1.112500e+01 -5.216506e+00 -9.000000e+01
      vertex   -1.117678e+01 -5.176777e+00 -9.000000e+01
    endloop
  endfacet
  facet normal 9.912985e-01 -1.718156e-02 1.305069e-01
    outer loop
      vertex   1.200000e+01 -4.000000e+00 -8.650000e+01
      vertex   1.196593e+01 -4.000000e+00 -8.624118e+01
      vertex   1.200000e+01 -4.258819e+00 -8.653407e+01
    endloop
  endfacet
  facet normal 9.912985e-01 -1.718156e-02 1.305069e-01
    outer loop
      vertex   1.200000e+01 -4.258819e+00 -8.653407e+01
      vertex   1.196593e+01 -4.000000e+00 -8.624118e+01
      vertex   1.196593e+01 -4.325806e+00 -8.628407e+01
    endloop
  endfacet
  facet normal 9.912985e-01 -5.037379e-02 1.216131e-01
    outer loop
      vertex   1.200000e+01 -4.258819e+00 -8.653407e+01
      vertex   1.196593e+01 -4.325806e+00 -8.628407e+01
      vertex   1.200000e+01 -4.500000e+00 -8.663397e+01
    endloop
  endfacet
  facet normal 9.912985e-01 -5.037379e-02 1.216131e-01
    outer loop
      vertex   1.200000e+01 -4.500000e+00 -8.663397e+01
      vertex   1.196593e+01 -4.325806e+00 -8.628407e+01
      vertex   1.196593e+01 -4.629410e+00 -8.640983e+01
    endloop
  endfacet
  facet normal 9.912985e-01 -8.013313e-02 1.044315e-01
    outer loop
      vertex   1.200000e+01 -4.500000e+00 -8.663397e+01
      vertex   1.196593e+01 -4.629410e+00 -8.640983e+01
      vertex   1.200000e+01 -4.707107e+00 -8.679289e+01
    endloop
  endfacet
  facet normal 9.912985e-01 -8.013313e-02 1.044315e-01
    outer loop
      vertex   1.200000e+01 -4.707107e+00 -8.679289e+01
      vertex   1.196593e+01 -4.629410e+00 -8.640983e+01
      vertex   1.196593e+01 -4.890119e+00 -8.660988e+01
    endloop
  endfacet
  facet normal 9.912985e-01 -1.044315e-01 8.013313e-02
    outer loop
      vertex   1.200000e+01 -4.707107e+00 -8.679289e+01
      vertex   1.196593e+01 -4.890119e+00 -8.660988e+01
      vertex   1.200000e+01 -4.866025e+00 -8.700000e+01
    endloop
  endfacet
  facet normal 9.912985e-01 -1.044315e-01 8.013313e-02
    outer loop
      vertex   1.200000e+01 -4.866025e+00 -8.700000e+01
      vertex   1.196593e+01 -4.890119e+00 -8.660988e+01
      vertex   1.196593e+01 -5.090169e+00 -8.687059e+01
    endloop
  endfacet
  facet normal 9.912985e-01 -1.216131e-01 5.037379e-02
    outer loop
      vertex   1.200000e+01 -4.866025e+00 -8.700000e+01
      vertex   1.196593e+01 -5.090169e+00 -8.687059e+01
      vertex   1.200000e+01 -4.965926e+00 -8.724118e+01
    endloop
  endfacet
  facet normal 9.912985e-01 -1.216131e-01 5.037379e-02
    outer loop
      vertex   1.200000e+01 -4.965926e+00 -8.724118e+01
      vertex   1.196593e+01 -5.090169e+00 -8.687059e+01
      vertex   1.196593e+01 -5.215926e+00 -8.717419e+01
    endloop
  endfacet
  facet normal 9.912985e-01 -1.305069e-01 1.718156e-02
    outer loop
      vertex   1.200000e+01 -4.965926e+00 -8.724118e+01
      vertex   1.196593e+01 -5.215926e+00 -8.717419e+01
      vertex   1.200000e+01 -5.000000e+00 -8.750000e+01
    endloop
  endfacet
  facet normal 9.912985e-01 -1.305069e-01 1.718156e-02
    outer loop
      vertex   1.200000e+01 -5.000000e+00 -8.750000e+01
      vertex   1.196593e+01 -5.215926e+00 -8.717419e+01
      vertex   1.196593e+01 -5.258819e+00 -8.750000e+01
    endloop
  endfacet
  facet normal 9.227092e-01 -3.821987e-01 5.031741e-02
    outer loop
      vertex   1.196593e+01 -5.258819e+00 -8.750000e+01
      vertex   1.196593e+01 -5.215926e+00 -8.717419e+01
      vertex   1.186603e+01 -5.448889e+00 -8.711177e+01
    endloop
  endfacet
  facet normal 9.227092e-01 -3.821987e-01 5.031741e-02
    outer loop
      vertex   1.196593e+01 -5.258819e+00 -8.750000e+01
      vertex   1.186603e+01 -5.448889e+00 -8.711177e+01
      vertex   1.186603e+01 -5.500000e+00 -8.750000e+01
    endloop
  endfacet
  facet normal 7.908176e-01 -6.068157e-01 7.988880e-02
    outer loop
      vertex   1.186603e+01 -5.500000e+00 -8.750000e+01
      vertex   1.186603e+01 -5.448889e+00 -8.711177e+01
      vertex   1.170711e+01 -5.648939e+00 -8.705817e+01
    endloop
  endfacet
  facet normal 7.908176e-01 -6.068157e-01 7.988880e-02
    outer loop
      vertex   1.186603e+01 -5.500000e+00 -8.750000e+01
      vertex   1.170711e+01 -5.648939e+00 -8.705817e+01
      vertex   1.170711e+01 -5.707107e+00 -8.750000e+01
    endloop
  endfacet
  facet normal 6.054678e-01 -7.890610e-01 1.038819e-01
    outer loop
      vertex   1.170711e+01 -5.707107e+00 -8.750000e+01
      vertex   1.170711e+01 -5.648939e+00 -8.705817e+01
      vertex   1.150000e+01 -5.802442e+00 -8.701704e+01
    endloop
  endfacet
  facet normal 6.054678e-01 -7.890610e-01 1.038819e-01
    outer loop
      vertex   1.170711e+01 -5.707107e+00 -8.750000e+01
      vertex   1.150000e+01 -5.802442e+00 -8.701704e+01
      vertex   1.150000e+01 -5.866025e+00 -8.750000e+01
    endloop
  endfacet
  facet normal 3.798837e-01 -9.171204e-01 1.207412e-01
    outer loop
      vertex   1.150000e+01 -5.866025e+00 -8.750000e+01
      vertex   1.150000e+01 -5.802442e+00 -8.701704e+01
      vertex   1.125882e+01 -5.898939e+00 -8.699118e+01
    endloop
  endfacet
  facet normal 3.798837e-01 -9.171204e-01 1.207412e-01
    outer loop
      vertex   1.150000e+01 -5.866025e+00 -8.750000e+01
      vertex   1.125882e+01 -5.898939e+00 -8.699118e+01
      vertex   1.125882e+01 -5.965926e+00 -8.750000e+01
    endloop
  endfacet
  facet normal 1.294283e-01 -9.831056e-01 1.294283e-01
    outer loop
      vertex   1.125882e+01 -5.965926e+00 -8.750000e+01
      vertex   1.125882e+01 -5.898939e+00 -8.699118e+01
      vertex   1.100000e+01 -5.931852e+00 -8.698236e+01
    endloop
  endfacet
  facet normal 1.294283e-01 -9.831056e-01 1.294283e-01
    outer loop
      vertex   1.125882e+01 -5.965926e+00 -8.750000e+01
      vertex   1.100000e+01 -5.931852e+00 -8.698236e+01
      vertex   1.100000e+01 -6.000000e+00 -8.750000e+01
    endloop
  endfacet
  facet normal 9.227092e-01 -5.031741e-02 3.821987e-01
    outer loop
      vertex   1.196593e+01 -4.000000e+00 -8.624118e+01
      vertex   1.186603e+01 -4.000000e+00 -8.600000e+01
      vertex   1.196593e+01 -4.325806e+00 -8.628407e+01
    endloop
  endfacet
  facet normal 9.227092e-01 -5.031741e-02 3.821987e-01
    outer loop
      vertex   1.196593e+01 -4.325806e+00 -8.628407e+01
      vertex   1.186603e+01 -4.000000e+00 -8.600000e+01
      vertex   1.186603e+01 -4.388229e+00 -8.605111e+01
    endloop
  endfacet
  facet normal 9.227092e-01 -1.475232e-01 3.561525e-01
    outer loop
      vertex   1.196593e+01 -4.325806e+00 -8.628407e+01
      vertex   1.186603e+01 -4.388229e+00 -8.605111e+01
      vertex   1.196593e+01 -4.629410e+00 -8.640983e+01
    endloop
  endfacet
  facet normal 9.227092e-01 -1.475232e-01 3.561525e-01
    outer loop
      vertex   1.196593e+01 -4.629410e+00 -8.640983e+01
      vertex   1.186603e+01 -4.388229e+00 -8.605111e+01
      vertex   1.186603e+01 -4.750000e+00 -8.620096e+01
    endloop
  endfacet
  facet normal 9.227092e-01 -2.346755e-01 3.058351e-01
    outer loop
      vertex   1.196593e+01 -4.629410e+00 -8.640983e+01
      vertex   1.186603e+01 -4.750000e+00 -8.620096e+01
      vertex   1.196593e+01 -4.890119e+00 -8.660988e+01
    endloop
  endfacet
  facet normal 9.227092e-01 -2.346755e-01 3.058351e-01
    outer loop
      vertex   1.196593e+01 -4.890119e+00 -8.660988e+01
      vertex   1.186603e+01 -4.750000e+00 -8.620096e+01
      vertex   1.186603e+01 -5.060660e+00 -8.643934e+01
    endloop
  endfacet
  facet normal 9.227092e-01 -3.058351e-01 2.346755e-01
    outer loop
      vertex   1.196593e+01 -4.890119e+00 -8.660988e+01
      vertex   1.186603e+01 -5.060660e+00 -8.643934e+01
      vertex   1.196593e+01 -5.090169e+00 -8.687059e+01
    endloop
  endfacet
  facet normal 9.227092e-01 -3.058351e-01 2.346755e-01
    outer loop
      vertex   1.196593e+01 -5.090169e+00 -8.687059e+01
      vertex   1.186603e+01 -5.060660e+00 -8.643934e+01
      vertex   1.186603e+01 -5.299038e+00 -8.675000e+01
    endloop
  endfacet
  facet normal 9.227092e-01 -3.561525e-01 1.475232e-01
    outer loop
      vertex   1.196593e+01 -5.090169e+00 -8.687059e+01
      vertex   1.186603e+01 -5.299038e+00 -8.675000e+01
      vertex   1.196593e+01 -5.215926e+00 -8.717419e+01
    endloop
  endfacet
  facet normal 9.227092e-01 -3.561525e-01 1.475232e-01
    outer loop
      vertex   1.196593e+01 -5.215926e+00 -8.717419e+01
      vertex   1.186603e+01 -5.299038e+00 -8.675000e+01
      vertex   1.186603e+01 -5.448889e+00 -8.711177e+01
    endloop
  endfacet
  facet normal 7.908176e-01 -7.988880e-02 6.068157e-01
    outer loop
      vertex   1.186603e+01 -4.000000e+00 -8.600000e+01
      vertex   1.170711e+01 -4.000000e+00 -8.579289e+01
      vertex   1.186603e+01 -4.388229e+00 -8.605111e+01
    endloop
  endfacet
  facet normal 7.908176e-01 -7.988880e-02 6.068157e-01
    outer loop
      vertex   1.186603e+01 -4.388229e+00 -8.605111e+01
      vertex   1.170711e+01 -4.000000e+00 -8.579289e+01
      vertex   1.170711e+01 -4.441832e+00 -8.585106e+01
    endloop
  endfacet
  facet normal 7.908176e-01 -2.342221e-01 5.654622e-01
    outer loop
      vertex   1.186603e+01 -4.388229e+00 -8.605111e+01
      vertex   1.170711e+01 -4.441832e+00 -8.585106e+01
      vertex   1.186603e+01 -4.750000e+00 -8.620096e+01
    endloop
  endfacet
  facet normal 7.908176e-01 -2.342221e-01 5.654622e-01
    outer loop
      vertex   1.186603e+01 -4.750000e+00 -8.620096e+01
      vertex   1.170711e+01 -4.441832e+00 -8.585106e+01
      vertex   1.170711e+01 -4.853553e+00 -8.602160e+01
    endloop
  endfacet
  facet normal 7.908176e-01 -3.725936e-01 4.855734e-01
    outer loop
      vertex   1.186603e+01 -4.750000e+00 -8.620096e+01
      vertex   1.170711e+01 -4.853553e+00 -8.602160e+01
      vertex   1.186603e+01 -5.060660e+00 -8.643934e+01
    endloop
  endfacet
  facet normal 7.908176e-01 -3.725936e-01 4.855734e-01
    outer loop
      vertex   1.186603e+01 -5.060660e+00 -8.643934e+01
      vertex   1.170711e+01 -4.853553e+00 -8.602160e+01
      vertex   1.170711e+01 -5.207107e+00 -8.629289e+01
    endloop
  endfacet
  facet normal 7.908176e-01 -4.855734e-01 3.725936e-01
    outer loop
      vertex   1.186603e+01 -5.060660e+00 -8.643934e+01
      vertex   1.170711e+01 -5.207107e+00 -8.629289e+01
      vertex   1.186603e+01 -5.299038e+00 -8.675000e+01
    endloop
  endfacet
  facet normal 7.908176e-01 -4.855734e-01 3.725936e-01
    outer loop
      vertex   1.186603e+01 -5.299038e+00 -8.675000e+01
      vertex   1.170711e+01 -5.207107e+00 -8.629289e+01
      vertex   1.170711e+01 -5.478398e+00 -8.664645e+01
    endloop
  endfacet
  facet normal 7.908176e-01 -5.654622e-01 2.342221e-01
    outer loop
      vertex   1.186603e+01 -5.299038e+00 -8.675000e+01
      vertex   1.170711e+01 -5.478398e+00 -8.664645e+01
      vertex   1.186603e+01 -5.448889e+00 -8.711177e+01
    endloop
  endfacet
  facet normal 7.908176e-01 -5.654622e-01 2.342221e-01
    outer loop
      vertex   1.186603e+01 -5.448889e+00 -8.711177e+01
      vertex   1.170711e+01 -5.478398e+00 -8.664645e+01
      vertex   1.170711e+01 -5.648939e+00 -8.705817e+01
    endloop
  endfacet
  facet normal 6.054678e-01 -1.038819e-01 7.890610e-01
    outer loop
      vertex   1.170711e+01 -4.000000e+00 -8.579289e+01
      vertex   1.150000e+01 -4.000000e+00 -8.563397e+01
      vertex   1.170711e+01 -4.441832e+00 -8.585106e+01
    endloop
  endfacet
  facet normal 6.054678e-01 -1.038819e-01 7.890610e-01
    outer loop
      vertex   1.170711e+01 -4.441832e+00 -8.585106e+01
      vertex   1.150000e+01 -4.000000e+00 -8.563397e+01
      vertex   1.150000e+01 -4.482963e+00 -8.569756e+01
    endloop
  endfacet
  facet normal 6.054678e-01 -3.045662e-01 7.352878e-01
    outer loop
      vertex   1.170711e+01 -4.441832e+00 -8.585106e+01
      vertex   1.150000e+01 -4.482963e+00 -8.569756e+01
      vertex   1.170711e+01 -4.853553e+00 -8.602160e+01
    endloop
  endfacet
  facet normal 6.054678e-01 -3.045662e-01 7.352878e-01
    outer loop
      vertex   1.170711e+01 -4.853553e+00 -8.602160e+01
      vertex   1.150000e+01 -4.482963e+00 -8.569756e+01
      vertex   1.150000e+01 -4.933013e+00 -8.588397e+01
    endloop
  endfacet
  facet normal 6.054678e-01 -4.844948e-01 6.314060e-01
    outer loop
      vertex   1.170711e+01 -4.853553e+00 -8.602160e+01
      vertex   1.150000e+01 -4.933013e+00 -8.588397e+01
      vertex   1.170711e+01 -5.207107e+00 -8.629289e+01
    endloop
  endfacet
  facet normal 6.054678e-01 -4.844948e-01 6.314060e-01
    outer loop
      vertex   1.170711e+01 -5.207107e+00 -8.629289e+01
      vertex   1.150000e+01 -4.933013e+00 -8.588397e+01
      vertex   1.150000e+01 -5.319479e+00 -8.618052e+01
    endloop
  endfacet
  facet normal 6.054678e-01 -6.314060e-01 4.844948e-01
    outer loop
      vertex   1.170711e+01 -5.207107e+00 -8.629289e+01
      vertex   1.150000e+01 -5.319479e+00 -8.618052e+01
      vertex   1.170711e+01 -5.478398e+00 -8.664645e+01
    endloop
  endfacet
  facet normal 6.054678e-01 -6.314060e-01 4.844948e-01
    outer loop
      vertex   1.170711e+01 -5.478398e+00 -8.664645e+01
      vertex   1.150000e+01 -5.319479e+00 -8.618052e+01
      vertex   1.150000e+01 -5.616025e+00 -8.656699e+01
    endloop
  endfacet
  facet normal 6.054678e-01 -7.352878e-01 3.045662e-01
    outer loop
      vertex   1.170711e+01 -5.478398e+00 -8.664645e+01
      vertex   1.150000e+01 -5.616025e+00 -8.656699e+01
      vertex   1.170711e+01 -5.648939e+00 -8.705817e+01
    endloop
  endfacet
  facet normal 6.054678e-01 -7.352878e-01 3.045662e-01
    outer loop
      vertex   1.170711e+01 -5.648939e+00 -8.705817e+01
      vertex   1.150000e+01 -5.616025e+00 -8.656699e+01
      vertex   1.150000e+01 -5.802442e+00 -8.701704e+01
    endloop
  endfacet
  facet normal 3.798837e-01 -1.207412e-01 9.171204e-01
    outer loop
      vertex   1.150000e+01 -4.000000e+00 -8.563397e+01
      vertex   1.125882e+01 -4.000000e+00 -8.553407e+01
      vertex   1.150000e+01 -4.482963e+00 -8.569756e+01
    endloop
  endfacet
  facet normal 3.798837e-01 -1.207412e-01 9.171204e-01
    outer loop
      vertex   1.150000e+01 -4.482963e+00 -8.569756e+01
      vertex   1.125882e+01 -4.000000e+00 -8.553407e+01
      vertex   1.125882e+01 -4.508819e+00 -8.560106e+01
    endloop
  endfacet
  facet normal 3.798837e-01 -3.539953e-01 8.546202e-01
    outer loop
      vertex   1.150000e+01 -4.482963e+00 -8.569756e+01
      vertex   1.125882e+01 -4.508819e+00 -8.560106e+01
      vertex   1.150000e+01 -4.933013e+00 -8.588397e+01
    endloop
  endfacet
  facet normal 3.798837e-01 -3.539953e-01 8.546202e-01
    outer loop
      vertex   1.150000e+01 -4.933013e+00 -8.588397e+01
      vertex   1.125882e+01 -4.508819e+00 -8.560106e+01
      vertex   1.125882e+01 -4.982963e+00 -8.579746e+01
    endloop
  endfacet
  facet normal 3.798837e-01 -5.631252e-01 7.338790e-01
    outer loop
      vertex   1.150000e+01 -4.933013e+00 -8.588397e+01
      vertex   1.125882e+01 -4.982963e+00 -8.579746e+01
      vertex   1.150000e+01 -5.319479e+00 -8.618052e+01
    endloop
  endfacet
  facet normal 3.798837e-01 -5.631252e-01 7.338790e-01
    outer loop
      vertex   1.150000e+01 -5.319479e+00 -8.618052e+01
      vertex   1.125882e+01 -4.982963e+00 -8.579746e+01
      vertex   1.125882e+01 -5.390119e+00 -8.610988e+01
    endloop
  endfacet
  facet normal 3.798837e-01 -7.338790e-01 5.631252e-01
    outer loop
      vertex   1.150000e+01 -5.319479e+00 -8.618052e+01
      vertex   1.125882e+01 -5.390119e+00 -8.610988e+01
      vertex   1.150000e+01 -5.616025e+00 -8.656699e+01
    endloop
  endfacet
  facet normal 3.798837e-01 -7.338790e-01 5.631252e-01
    outer loop
      vertex   1.150000e+01 -5.616025e+00 -8.656699e+01
      vertex   1.125882e+01 -5.390119e+00 -8.610988e+01
      vertex   1.125882e+01 -5.702542e+00 -8.651704e+01
    endloop
  endfacet
  facet normal 3.798837e-01 -8.546202e-01 3.539953e-01
    outer loop
      vertex   1.150000e+01 -5.616025e+00 -8.656699e+01
      vertex   1.125882e+01 -5.702542e+00 -8.651704e+01
      vertex   1.150000e+01 -5.802442e+00 -8.701704e+01
    endloop
  endfacet
  facet normal 3.798837e-01 -8.546202e-01 3.539953e-01
    outer loop
      vertex   1.150000e+01 -5.802442e+00 -8.701704e+01
      vertex   1.125882e+01 -5.702542e+00 -8.651704e+01
      vertex   1.125882e+01 -5.898939e+00 -8.699118e+01
    endloop
  endfacet
  facet normal 1.294283e-01 -1.294283e-01 9.831056e-01
    outer loop
      vertex   1.125882e+01 -4.000000e+00 -8.553407e+01
      vertex   1.100000e+01 -4.000000e+00 -8.550000e+01
      vertex   1.125882e+01 -4.508819e+00 -8.560106e+01
    endloop
  endfacet
  facet normal 1.294283e-01 -1.294283e-01 9.831056e-01
    outer loop
      vertex   1.125882e+01 -4.508819e+00 -8.560106e+01
      vertex   1.100000e+01 -4.000000e+00 -8.550000e+01
      vertex   1.100000e+01 -4.517638e+00 -8.556815e+01
    endloop
  endfacet
  facet normal 1.294283e-01 -3.794646e-01 9.161086e-01
    outer loop
      vertex   1.125882e+01 -4.508819e+00 -8.560106e+01
      vertex   1.100000e+01 -4.517638e+00 -8.556815e+01
      vertex   1.125882e+01 -4.982963e+00 -8.579746e+01
    endloop
  endfacet
  facet normal 1.294283e-01 -3.794646e-01 9.161086e-01
    outer loop
      vertex   1.125882e+01 -4.982963e+00 -8.579746e+01
      vertex   1.100000e+01 -4.517638e+00 -8.556815e+01
      vertex   1.100000e+01 -5.000000e+00 -8.576795e+01
    endloop
  endfacet
  facet normal 1.294283e-01 -6.036410e-01 7.866803e-01
    outer loop
      vertex   1.125882e+01 -4.982963e+00 -8.579746e+01
      vertex   1.100000e+01 -5.000000e+00 -8.576795e+01
      vertex   1.125882e+01 -5.390119e+00 -8.610988e+01
    endloop
  endfacet
  facet normal 1.294283e-01 -6.036410e-01 7.866803e-01
    outer loop
      vertex   1.125882e+01 -5.390119e+00 -8.610988e+01
      vertex   1.100000e+01 -5.000000e+00 -8.576795e+01
      vertex   1.100000e+01 -5.414214e+00 -8.608579e+01
    endloop
  endfacet
  facet normal 1.294283e-01 -7.866803e-01 6.036410e-01
    outer loop
      vertex   1.125882e+01 -5.390119e+00 -8.610988e+01
      vertex   1.100000e+01 -5.414214e+00 -8.608579e+01
      vertex   1.125882e+01 -5.702542e+00 -8.651704e+01
    endloop
  endfacet
  facet normal 1.294283e-01 -7.866803e-01 6.036410e-01
    outer loop
      vertex   1.125882e+01 -5.702542e+00 -8.651704e+01
      vertex   1.100000e+01 -5.414214e+00 -8.608579e+01
      vertex   1.100000e+01 -5.732051e+00 -8.650000e+01
    endloop
  endfacet
  facet normal 1.294283e-01 -9.161086e-01 3.794646e-01
    outer loop
      vertex   1.125882e+01 -5.702542e+00 -8.651704e+01
      vertex   1.100000e+01 -5.732051e+00 -8.650000e+01
      vertex   1.125882e+01 -5.898939e+00 -8.699118e+01
    endloop
  endfacet
  facet normal 1.294283e-01 -9.161086e-01 3.794646e-01
    outer loop
      vertex   1.125882e+01 -5.898939e+00 -8.699118e+01
      vertex   1.100000e+01 -5.732051e+00 -8.650000e+01
      vertex   1.100000e+01 -5.931852e+00 -8.698236e+01
    endloop
  endfacet
  facet normal 9.914449e-01 -3.934255e-16 1.305262e-01
    outer loop
      vertex   1.200000e+01 -4.000000e+00 -8.650000e+01
      vertex   1.200000e+01 0.000000e+00 -8.650000e+01
      vertex   1.196593e+01 -4.000000e+00 -8.624118e+01
    endloop
  endfacet
  facet normal 9.914449e-01 1.367734e-15 1.305262e-01
    outer loop
      vertex   1.196593e+01 -4.000000e+00 -8.624118e+01
      vertex   1.200000e+01 0.000000e+00 -8.650000e+01
      vertex   1.196593e+01 0.000000e+00 -8.624118e+01
    endloop
  endfacet
  facet normal 9.238795e-01 3.129414e-15 3.826834e-01
    outer loop
      vertex   1.196593e+01 -4.000000e+00 -8.624118e+01
      vertex   1.196593e+01 0.000000e+00 -8.624118e+01
      vertex   1.186603e+01 -4.000000e+00 -8.600000e+01
    endloop
  endfacet
  facet normal 9.238795e-01 4.078694e-15 3.826834e-01
    outer loop
      vertex   1.186603e+01 -4.000000e+00 -8.600000e+01
      vertex   1.196593e+01 0.000000e+00 -8.624118e+01
      vertex   1.186603e+01 0.000000e+00 -8.600000e+01
    endloop
  endfacet
  facet normal 7.933533e-01 6.488265e-15 6.087614e-01
    outer loop
      vertex   1.186603e+01 -4.000000e+00 -8.600000e+01
      vertex   1.186603e+01 0.000000e+00 -8.600000e+01
      vertex   1.170711e+01 -4.000000e+00 -8.579289e+01
    endloop
  endfacet
  facet normal 7.933533e-01 7.192904e-15 6.087614e-01
    outer loop
      vertex   1.170711e+01 -4.000000e+00 -8.579289e+01
      vertex   1.186603e+01 0.000000e+00 -8.600000e+01
      vertex   1.170711e+01 0.000000e+00 -8.579289e+01
    endloop
  endfacet
  facet normal 6.087614e-01 8.996361e-15 7.933533e-01
    outer loop
      vertex   1.170711e+01 -4.000000e+00 -8.579289e+01
      vertex   1.170711e+01 0.000000e+00 -8.579289e+01
      vertex   1.150000e+01 -4.000000e+00 -8.563397e+01
    endloop
  endfacet
  facet normal 6.087614e-01 8.455672e-15 7.933533e-01
    outer loop
      vertex   1.150000e+01 -4.000000e+00 -8.563397e+01
      vertex   1.170711e+01 0.000000e+00 -8.579289e+01
      vertex   1.150000e+01 0.000000e+00 -8.563397e+01
    endloop
  endfacet
  facet normal 3.826834e-01 9.846838e-15 9.238795e-01
    outer loop
      vertex   1.150000e+01 -4.000000e+00 -8.563397e+01
      vertex   1.150000e+01 0.000000e+00 -8.563397e+01
      vertex   1.125882e+01 -4.000000e+00 -8.553407e+01
    endloop
  endfacet
  facet normal 3.826834e-01 6.564559e-15 9.238795e-01
    outer loop
      vertex   1.125882e+01 -4.000000e+00 -8.553407e+01
      vertex   1.150000e+01 0.000000e+00 -8.563397e+01
      vertex   1.125882e+01 0.000000e+00 -8.553407e+01
    endloop
  endfacet
  facet normal 1.305262e-01 7.044639e-15 9.914449e-01
    outer loop
      vertex   1.125882e+01 -4.000000e+00 -8.553407e+01
      vertex   1.125882e+01 0.000000e+00 -8.553407e+01
      vertex   1.100000e+01 -4.000000e+00 -8.550000e+01
    endloop
  endfacet
  facet normal 1.305262e-01 -3.522320e-15 9.914449e-01
    outer loop
      vertex   1.100000e+01 -4.000000e+00 -8.550000e+01
      vertex   1.125882e+01 0.000000e+00 -8.553407e+01
      vertex   1.100000e+01 0.000000e+00 -8.550000e+01
    endloop
  endfacet
  facet normal 9.906524e-16 9.914449e-01 -1.305262e-01
    outer loop
      vertex   -1.200000e+01 -3.982963e+00 -8.787059e+01
      vertex   -9.333333e+00 -3.982963e+00 -8.787059e+01
      vertex   -1.200000e+01 -4.000000e+00 -8.800000e+01
    endloop
  endfacet
  facet normal 0.000000e+00 9.914449e-01 -1.305262e-01
    outer loop
      vertex   -1.200000e+01 -4.000000e+00 -8.800000e+01
      vertex   -9.333333e+00 -3.982963e+00 -8.787059e+01
      vertex   -6.666667e+00 -3.982963e+00 -8.787059e+01
    endloop
  endfacet
  facet normal 0.000000e+00 9.914449e-01 -1.305262e-01
    outer loop
      vertex   -1.200000e+01 -4.000000e+00 -8.800000e+01
      vertex   -6.666667e+00 -3.982963e+00 -8.787059e+01
      vertex   -4.000000e+00 -3.982963e+00 -8.787059e+01
    endloop
  endfacet
  facet normal 0.000000e+00 9.238795e-01 -3.826834e-01
    outer loop
      vertex   -4.000000e+00 -3.982963e+00 -8.787059e+01
      vertex   -6.666667e+00 -3.982963e+00 -8.787059e+01
      vertex   -4.000000e+00 -3.933013e+00 -8.775000e+01
    endloop
  endfacet
  facet normal 0.000000e+00 9.238795e-01 -3.826834e-01
    outer loop
      vertex   -4.000000e+00 -3.982963e+00 -8.787059e+01
      vertex   -4.000000e+00 -3.933013e+00 -8.775000e+01
      vertex   -1.333333e+00 -3.933013e+00 -8.775000e+01
    endloop
  endfacet
  facet normal 0.000000e+00 7.933533e-01 -6.087614e-01
    outer loop
      vertex   -1.333333e+00 -3.933013e+00 -8.775000e+01
      vertex   -4.000000e+00 -3.933013e+00 -8.775000e+01
      vertex   -1.333333e+00 -3.853553e+00 -8.764645e+01
    endloop
  endfacet
  facet normal 0.000000e+00 7.933533e-01 -6.087614e-01
    outer loop
      vertex   -1.333333e+00 -3.933013e+00 -8.775000e+01
      vertex   -1.333333e+00 -3.853553e+00 -8.764645e+01
      vertex   1.333333e+00 -3.853553e+00 -8.764645e+01
    endloop
  endfacet
  facet normal 0.000000e+00 6.087614e-01 -7.933533e-01
    outer loop
      vertex   1.333333e+00 -3.853553e+00 -8.764645e+01
      vertex   -1.333333e+00 -3.853553e+00 -8.764645e+01
      vertex   1.333333e+00 -3.750000e+00 -8.756699e+01
    endloop
  endfacet
  facet normal 0.000000e+00 6.087614e-01 -7.933533e-01
    outer loop
      vertex   1.333333e+00 -3.853553e+00 -8.764645e+01
      vertex   1.333333e+00 -3.750000e+00 -8.756699e+01
      vertex   4.000000e+00 -3.750000e+00 -8.756699e+01
    endloop
  endfacet
  facet normal 0.000000e+00 3.826834e-01 -9.238795e-01
    outer loop
      vertex   4.000000e+00 -3.750000e+00 -8.756699e+01
      vertex   1.333333e+00 -3.750000e+00 -8.756699e+01
      vertex   4.000000e+00 -3.629410e+00 -8.751704e+01
    endloop
  endfacet
  facet normal 0.000000e+00 3.826834e-01 -9.238795e-01
    outer loop
      vertex   4.000000e+00 -3.750000e+00 -8.756699e+01
      vertex   4.000000e+00 -3.629410e+00 -8.751704e+01
      vertex   6.666667e+00 -3.629410e+00 -8.751704e+01
    endloop
  endfacet
  facet normal 0.000000e+00 1.305262e-01 -9.914449e-01
    outer loop
      vertex   6.666667e+00 -3.629410e+00 -8.751704e+01
      vertex   4.000000e+00 -3.629410e+00 -8.751704e+01
      vertex   1.200000e+01 -3.500000e+00 -8.750000e+01
    endloop
  endfacet
  facet normal 0.000000e+00 1.305262e-01 -9.914449e-01
    outer loop
      vertex   6.666667e+00 -3.629410e+00 -8.751704e+01
      vertex   1.200000e+01 -3.500000e+00 -8.750000e+01
      vertex   9.333333e+00 -3.629410e+00 -8.751704e+01
    endloop
  endfacet
  facet normal -5.413901e-15 1.305262e-01 -9.914449e-01
    outer loop
      vertex   9.333333e+00 -3.629410e+00 -8.751704e+01
      vertex   1.200000e+01 -3.500000e+00 -8.750000e+01
      vertex   1.200000e+01 -3.629410e+00 -8.751704e+01
    endloop
  endfacet
  facet normal -5.305797e-15 3.826834e-01 -9.238795e-01
    outer loop
      vertex   9.333333e+00 -3.629410e+00 -8.751704e+01
      vertex   1.200000e+01 -3.629410e+00 -8.751704e+01
      vertex   9.333333e+00 -3.750000e+00 -8.756699e+01
    endloop
  endfacet
  facet normal 5.815633e-15 3.826834e-01 -9.238795e-01
    outer loop
      vertex   9.333333e+00 -3.750000e+00 -8.756699e+01
      vertex   1.200000e+01 -3.629410e+00 -8.751704e+01
      vertex   1.200000e+01 -3.750000e+00 -8.756699e+01
    endloop
  endfacet
  facet normal 5.647144e-15 6.087614e-01 -7.933533e-01
    outer loop
      vertex   9.333333e+00 -3.750000e+00 -8.756699e+01
      vertex   1.200000e+01 -3.750000e+00 -8.756699e+01
      vertex   9.333333e+00 -3.853553e+00 -8.764645e+01
    endloop
  endfacet
  facet normal -1.013791e-16 6.087614e-01 -7.933533e-01
    outer loop
      vertex   9.333333e+00 -3.853553e+00 -8.764645e+01
      vertex   1.200000e+01 -3.750000e+00 -8.756699e+01
      vertex   1.200000e+01 -3.853553e+00 -8.764645e+01
    endloop
  endfacet
  facet normal -1.321199e-16 7.933533e-01 -6.087614e-01
    outer loop
      vertex   9.333333e+00 -3.853553e+00 -8.764645e+01
      vertex   1.200000e+01 -3.853553e+00 -8.764645e+01
      vertex   9.333333e+00 -3.933013e+00 -8.775000e+01
    endloop
  endfacet
  facet normal 5.284795e-16 7.933533e-01 -6.087614e-01
    outer loop
      vertex   9.333333e+00 -3.933013e+00 -8.775000e+01
      vertex   1.200000e+01 -3.853553e+00 -8.764645e+01
      vertex   1.200000e+01 -3.933013e+00 -8.775000e+01
    endloop
  endfacet
  facet normal 6.154274e-16 9.238795e-01 -3.826834e-01
    outer loop
      vertex   9.333333e+00 -3.933013e+00 -8.775000e+01
      vertex   1.200000e+01 -3.933013e+00 -8.775000e+01
      vertex   9.333333e+00 -3.982963e+00 -8.787059e+01
    endloop
  endfacet
  facet normal -9.231411e-16 9.238795e-01 -3.826834e-01
    outer loop
      vertex   9.333333e+00 -3.982963e+00 -8.787059e+01
      vertex   1.200000e+01 -3.933013e+00 -8.775000e+01
      vertex   1.200000e+01 -3.982963e+00 -8.787059e+01
    endloop
  endfacet
  facet normal -9.906524e-16 9.914449e-01 -1.305262e-01
    outer loop
      vertex   9.333333e+00 -3.982963e+00 -8.787059e+01
      vertex   1.200000e+01 -3.982963e+00 -8.787059e+01
      vertex   1.200000e+01 -4.000000e+00 -8.800000e+01
    endloop
  endfacet
  facet normal 9.231411e-16 9.238795e-01 -3.826834e-01
    outer loop
      vertex   -9.333333e+00 -3.982963e+00 -8.787059e+01
      vertex   -1.200000e+01 -3.982963e+00 -8.787059e+01
      vertex   -9.333333e+00 -3.933013e+00 -8.775000e+01
    endloop
  endfacet
  facet normal -6.154274e-16 9.238795e-01 -3.826834e-01
    outer loop
      vertex   -9.333333e+00 -3.933013e+00 -8.775000e+01
      vertex   -1.200000e+01 -3.982963e+00 -8.787059e+01
      vertex   -1.200000e+01 -3.933013e+00 -8.775000e+01
    endloop
  endfacet
  facet normal -5.284795e-16 7.933533e-01 -6.087614e-01
    outer loop
      vertex   -9.333333e+00 -3.933013e+00 -8.775000e+01
      vertex   -1.200000e+01 -3.933013e+00 -8.775000e+01
      vertex   -9.333333e+00 -3.853553e+00 -8.764645e+01
    endloop
  endfacet
  facet normal 1.321199e-16 7.933533e-01 -6.087614e-01
    outer loop
      vertex   -9.333333e+00 -3.853553e+00 -8.764645e+01
      vertex   -1.200000e+01 -3.933013e+00 -8.775000e+01
      vertex   -1.200000e+01 -3.853553e+00 -8.764645e+01
    endloop
  endfacet
  facet normal 1.013791e-16 6.087614e-01 -7.933533e-01
    outer loop
      vertex   -9.333333e+00 -3.853553e+00 -8.764645e+01
      vertex   -1.200000e+01 -3.853553e+00 -8.764645e+01
      vertex   -9.333333e+00 -3.750000e+00 -8.756699e+01
    endloop
  endfacet
  facet normal -5.647144e-15 6.087614e-01 -7.933533e-01
    outer loop
      vertex   -9.333333e+00 -3.750000e+00 -8.756699e+01
      vertex   -1.200000e+01 -3.853553e+00 -8.764645e+01
      vertex   -1.200000e+01 -3.750000e+00 -8.756699e+01
    endloop
  endfacet
  facet normal -5.815633e-15 3.826834e-01 -9.238795e-01
    outer loop
      vertex   -9.333333e+00 -3.750000e+00 -8.756699e+01
      vertex   -1.200000e+01 -3.750000e+00 -8.756699e+01
      vertex   -9.333333e+00 -3.629410e+00 -8.751704e+01
    endloop
  endfacet
  facet normal 5.305797e-15 3.826834e-01 -9.238795e-01
    outer loop
      vertex   -9.333333e+00 -3.629410e+00 -8.751704e+01
      vertex   -1.200000e+01 -3.750000e+00 -8.756699e+01
      vertex   -1.200000e+01 -3.629410e+00 -8.751704e+01
    endloop
  endfacet
  facet normal 5.413901e-15 1.305262e-01 -9.914449e-01
    outer loop
      vertex   -9.333333e+00 -3.629410e+00 -8.751704e+01
      vertex   -1.200000e+01 -3.629410e+00 -8.751704e+01
      vertex   -1.200000e+01 -3.500000e+00 -8.750000e+01
    endloop
  endfacet
  facet normal 0.000000e+00 1.305262e-01 -9.914449e-01
    outer loop
      vertex   1.200000e+01 -3.500000e+00 -8.750000e+01
      vertex   -1.333333e+00 -3.629410e+00 -8.751704e+01
      vertex   -1.200000e+01 -3.500000e+00 -8.750000e+01
    endloop
  endfacet
  facet normal 0.000000e+00 1.305262e-01 -9.914449e-01
    outer loop
      vertex   -1.200000e+01 -3.500000e+00 -8.750000e+01
      vertex   -1.333333e+00 -3.629410e+00 -8.751704e+01
      vertex   -4.000000e+00 -3.629410e+00 -8.751704e+01
    endloop
  endfacet
  facet normal 0.000000e+00 1.305262e-01 -9.914449e-01
    outer loop
      vertex   -1.200000e+01 -3.500000e+00 -8.750000e+01
      vertex   -4.000000e+00 -3.629410e+00 -8.751704e+01
      vertex   -6.666667e+00 -3.629410e+00 -8.751704e+01
    endloop
  endfacet
  facet normal 0.000000e+00 3.826834e-01 -9.238795e-01
    outer loop
      vertex   -6.666667e+00 -3.629410e+00 -8.751704e+01
      vertex   -4.000000e+00 -3.629410e+00 -8.751704e+01
      vertex   -6.666667e+00 -3.750000e+00 -8.756699e+01
    endloop
  endfacet
  facet normal 0.000000e+00 3.826834e-01 -9.238795e-01
    outer loop
      vertex   -6.666667e+00 -3.629410e+00 -8.751704e+01
      vertex   -6.666667e+00 -3.750000e+00 -8.756699e+01
      vertex   -9.333333e+00 -3.750000e+00 -8.756699e+01
    endloop
  endfacet
  facet normal 0.000000e+00 6.087614e-01 -7.933533e-01
    outer loop
      vertex   -9.333333e+00 -3.750000e+00 -8.756699e+01
      vertex   -6.666667e+00 -3.750000e+00 -8.756699e+01
      vertex   -9.333333e+00 -3.853553e+00 -8.764645e+01
    endloop
  endfacet
  facet normal 0.000000e+00 9.914449e-01 -1.305262e-01
    outer loop
      vertex   -1.200000e+01 -4.000000e+00 -8.800000e+01
      vertex   1.333333e+00 -3.982963e+00 -8.787059e+01
      vertex   1.200000e+01 -4.000000e+00 -8.800000e+01
    endloop
  endfacet
  facet normal 0.000000e+00 9.914449e-01 -1.305262e-01
    outer loop
      vertex   1.200000e+01 -4.000000e+00 -8.800000e+01
      vertex   1.333333e+00 -3.982963e+00 -8.787059e+01
      vertex   4.000000e+00 -3.982963e+00 -8.787059e+01
    endloop
  endfacet
  facet normal 0.000000e+00 9.914449e-01 -1.305262e-01
    outer loop
      vertex   1.200000e+01 -4.000000e+00 -8.800000e+01
      vertex   4.000000e+00 -3.982963e+00 -8.787059e+01
      vertex   6.666667e+00 -3.982963e+00 -8.787059e+01
    endloop
  endfacet
  facet normal 0.000000e+00 9.238795e-01 -3.826834e-01
    outer loop
      vertex   6.666667e+00 -3.982963e+00 -8.787059e+01
      vertex   4.000000e+00 -3.982963e+00 -8.787059e+01
      vertex   6.666667e+00 -3.933013e+00 -8.775000e+01
    endloop
  endfacet
  facet normal 0.000000e+00 9.238795e-01 -3.826834e-01
    outer loop
      vertex   6.666667e+00 -3.982963e+00 -8.787059e+01
      vertex   6.666667e+00 -3.933013e+00 -8.775000e+01
      vertex   9.333333e+00 -3.933013e+00 -8.775000e+01
    endloop
  endfacet
  facet normal 0.000000e+00 7.933533e-01 -6.087614e-01
    outer loop
      vertex   9.333333e+00 -3.933013e+00 -8.775000e+01
      vertex   6.666667e+00 -3.933013e+00 -8.775000e+01
      vertex   9.333333e+00 -3.853553e+00 -8.764645e+01
    endloop
  endfacet
  facet normal 0.000000e+00 9.238795e-01 -3.826834e-01
    outer loop
      vertex   -6.666667e+00 -3.982963e+00 -8.787059e+01
      vertex   -9.333333e+00 -3.982963e+00 -8.787059e+01
      vertex   -6.666667e+00 -3.933013e+00 -8.775000e+01
    endloop
  endfacet
  facet normal 0.000000e+00 9.238795e-01 -3.826834e-01
    outer loop
      vertex   -6.666667e+00 -3.933013e+00 -8.775000e+01
      vertex   -9.333333e+00 -3.982963e+00 -8.787059e+01
      vertex   -9.333333e+00 -3.933013e+00 -8.775000e+01
    endloop
  endfacet
  facet normal 0.000000e+00 7.933533e-01 -6.087614e-01
    outer loop
      vertex   -6.666667e+00 -3.933013e+00 -8.775000e+01
      vertex   -9.333333e+00 -3.933013e+00 -8.775000e+01
      vertex   -6.666667e+00 -3.853553e+00 -8.764645e+01
    endloop
  endfacet
  facet normal 0.000000e+00 7.933533e-01 -6.087614e-01
    outer loop
      vertex   -6.666667e+00 -3.853553e+00 -8.764645e+01
      vertex   -9.333333e+00 -3.933013e+00 -8.775000e+01
      vertex   -9.333333e+00 -3.853553e+00 -8.764645e+01
    endloop
  endfacet
  facet normal 0.000000e+00 6.087614e-01 -7.933533e-01
    outer loop
      vertex   -6.666667e+00 -3.853553e+00 -8.764645e+01
      vertex   -9.333333e+00 -3.853553e+00 -8.764645e+01
      vertex   -6.666667e+00 -3.750000e+00 -8.756699e+01
    endloop
  endfacet
  facet normal 0.000000e+00 9.914449e-01 -1.305262e-01
    outer loop
      vertex   1.333333e+00 -3.982963e+00 -8.787059e+01
      vertex   -1.200000e+01 -4.000000e+00 -8.800000e+01
      vertex   -1.333333e+00 -3.982963e+00 -8.787059e+01
    endloop
  endfacet
  facet normal 0.000000e+00 9.914449e-01 -1.305262e-01
    outer loop
      vertex   -1.333333e+00 -3.982963e+00 -8.787059e+01
      vertex   -1.200000e+01 -4.000000e+00 -8.800000e+01
      vertex   -4.000000e+00 -3.982963e+00 -8.787059e+01
    endloop
  endfacet
  facet normal 0.000000e+00 9.238795e-01 -3.826834e-01
    outer loop
      vertex   -1.333333e+00 -3.982963e+00 -8.787059e+01
      vertex   -4.000000e+00 -3.982963e+00 -8.787059e+01
      vertex   -1.333333e+00 -3.933013e+00 -8.775000e+01
    endloop
  endfacet
  facet normal 0.000000e+00 9.238795e-01 -3.826834e-01
    outer loop
      vertex   1.333333e+00 -3.982963e+00 -8.787059e+01
      vertex   -1.333333e+00 -3.982963e+00 -8.787059e+01
      vertex   1.333333e+00 -3.933013e+00 -8.775000e+01
    endloop
  endfacet
  facet normal 0.000000e+00 9.238795e-01 -3.826834e-01
    outer loop
      vertex   1.333333e+00 -3.933013e+00 -8.775000e+01
      vertex   -1.333333e+00 -3.982963e+00 -8.787059e+01
      vertex   -1.333333e+00 -3.933013e+00 -8.775000e+01
    endloop
  endfacet
  facet normal 0.000000e+00 7.933533e-01 -6.087614e-01
    outer loop
      vertex   1.333333e+00 -3.933013e+00 -8.775000e+01
      vertex   -1.333333e+00 -3.933013e+00 -8.775000e+01
      vertex   1.333333e+00 -3.853553e+00 -8.764645e+01
    endloop
  endfacet
  facet normal 0.000000e+00 9.914449e-01 -1.305262e-01
    outer loop
      vertex   9.333333e+00 -3.982963e+00 -8.787059e+01
      vertex   1.200000e+01 -4.000000e+00 -8.800000e+01
      vertex   6.666667e+00 -3.982963e+00 -8.787059e+01
    endloop
  endfacet
  facet normal 0.000000e+00 9.238795e-01 -3.826834e-01
    outer loop
      vertex   4.000000e+00 -3.982963e+00 -8.787059e+01
      vertex   1.333333e+00 -3.982963e+00 -8.787059e+01
      vertex   4.000000e+00 -3.933013e+00 -8.775000e+01
    endloop
  endfacet
  facet normal 0.000000e+00 9.238795e-01 -3.826834e-01
    outer loop
      vertex   4.000000e+00 -3.933013e+00 -8.775000e+01
      vertex   1.333333e+00 -3.982963e+00 -8.787059e+01
      vertex   1.333333e+00 -3.933013e+00 -8.775000e+01
    endloop
  endfacet
  facet normal 0.000000e+00 7.933533e-01 -6.087614e-01
    outer loop
      vertex   4.000000e+00 -3.933013e+00 -8.775000e+01
      vertex   1.333333e+00 -3.933013e+00 -8.775000e+01
      vertex   4.000000e+00 -3.853553e+00 -8.764645e+01
    endloop
  endfacet
  facet normal 0.000000e+00 7.933533e-01 -6.087614e-01
    outer loop
      vertex   4.000000e+00 -3.853553e+00 -8.764645e+01
      vertex   1.333333e+00 -3.933013e+00 -8.775000e+01
      vertex   1.333333e+00 -3.853553e+00 -8.764645e+01
    endloop
  endfacet
  facet normal 0.000000e+00 6.087614e-01 -7.933533e-01
    outer loop
      vertex   4.000000e+00 -3.853553e+00 -8.764645e+01
      vertex   1.333333e+00 -3.853553e+00 -8.764645e+01
      vertex   4.000000e+00 -3.750000e+00 -8.756699e+01
    endloop
  endfacet
  facet normal 0.000000e+00 9.238795e-01 -3.826834e-01
    outer loop
      vertex   9.333333e+00 -3.933013e+00 -8.775000e+01
      vertex   9.333333e+00 -3.982963e+00 -8.787059e+01
      vertex   6.666667e+00 -3.982963e+00 -8.787059e+01
    endloop
  endfacet
  facet normal 0.000000e+00 9.238795e-01 -3.826834e-01
    outer loop
      vertex   -6.666667e+00 -3.982963e+00 -8.787059e+01
      vertex   -6.666667e+00 -3.933013e+00 -8.775000e+01
      vertex   -4.000000e+00 -3.933013e+00 -8.775000e+01
    endloop
  endfacet
  facet normal 0.000000e+00 7.933533e-01 -6.087614e-01
    outer loop
      vertex   -4.000000e+00 -3.933013e+00 -8.775000e+01
      vertex   -6.666667e+00 -3.933013e+00 -8.775000e+01
      vertex   -4.000000e+00 -3.853553e+00 -8.764645e+01
    endloop
  endfacet
  facet normal 0.000000e+00 7.933533e-01 -6.087614e-01
    outer loop
      vertex   -4.000000e+00 -3.933013e+00 -8.775000e+01
      vertex   -4.000000e+00 -3.853553e+00 -8.764645e+01
      vertex   -1.333333e+00 -3.853553e+00 -8.764645e+01
    endloop
  endfacet
  facet normal 0.000000e+00 6.087614e-01 -7.933533e-01
    outer loop
      vertex   -1.333333e+00 -3.853553e+00 -8.764645e+01
      vertex   -4.000000e+00 -3.853553e+00 -8.764645e+01
      vertex   -1.333333e+00 -3.750000e+00 -8.756699e+01
    endloop
  endfacet
  facet normal 0.000000e+00 6.087614e-01 -7.933533e-01
    outer loop
      vertex   -1.333333e+00 -3.853553e+00 -8.764645e+01
      vertex   -1.333333e+00 -3.750000e+00 -8.756699e+01
      vertex   1.333333e+00 -3.750000e+00 -8.756699e+01
    endloop
  endfacet
  facet normal 0.000000e+00 3.826834e-01 -9.238795e-01
    outer loop
      vertex   1.333333e+00 -3.750000e+00 -8.756699e+01
      vertex   -1.333333e+00 -3.750000e+00 -8.756699e+01
      vertex   1.333333e+00 -3.629410e+00 -8.751704e+01
    endloop
  endfacet
  facet normal 0.000000e+00 3.826834e-01 -9.238795e-01
    outer loop
      vertex   1.333333e+00 -3.750000e+00 -8.756699e+01
      vertex   1.333333e+00 -3.629410e+00 -8.751704e+01
      vertex   4.000000e+00 -3.629410e+00 -8.751704e+01
    endloop
  endfacet
  facet normal 0.000000e+00 1.305262e-01 -9.914449e-01
    outer loop
      vertex   4.000000e+00 -3.629410e+00 -8.751704e+01
      vertex   1.333333e+00 -3.629410e+00 -8.751704e+01
      vertex   1.200000e+01 -3.500000e+00 -8.750000e+01
    endloop
  endfacet
  facet normal 0.000000e+00 7.933533e-01 -6.087614e-01
    outer loop
      vertex   -4.000000e+00 -3.853553e+00 -8.764645e+01
      vertex   -6.666667e+00 -3.933013e+00 -8.775000e+01
      vertex   -6.666667e+00 -3.853553e+00 -8.764645e+01
    endloop
  endfacet
  facet normal 0.000000e+00 9.238795e-01 -3.826834e-01
    outer loop
      vertex   4.000000e+00 -3.982963e+00 -8.787059e+01
      vertex   4.000000e+00 -3.933013e+00 -8.775000e+01
      vertex   6.666667e+00 -3.933013e+00 -8.775000e+01
    endloop
  endfacet
  facet normal 0.000000e+00 7.933533e-01 -6.087614e-01
    outer loop
      vertex   6.666667e+00 -3.933013e+00 -8.775000e+01
      vertex   4.000000e+00 -3.933013e+00 -8.775000e+01
      vertex   6.666667e+00 -3.853553e+00 -8.764645e+01
    endloop
  endfacet
  facet normal 0.000000e+00 7.933533e-01 -6.087614e-01
    outer loop
      vertex   6.666667e+00 -3.933013e+00 -8.775000e+01
      vertex   6.666667e+00 -3.853553e+00 -8.764645e+01
      vertex   9.333333e+00 -3.853553e+00 -8.764645e+01
    endloop
  endfacet
  facet normal 0.000000e+00 6.087614e-01 -7.933533e-01
    outer loop
      vertex   9.333333e+00 -3.853553e+00 -8.764645e+01
      vertex   6.666667e+00 -3.853553e+00 -8.764645e+01
      vertex   9.333333e+00 -3.750000e+00 -8.756699e+01
    endloop
  endfacet
  facet normal 0.000000e+00 7.933533e-01 -6.087614e-01
    outer loop
      vertex   6.666667e+00 -3.853553e+00 -8.764645e+01
      vertex   4.000000e+00 -3.933013e+00 -8.775000e+01
      vertex   4.000000e+00 -3.853553e+00 -8.764645e+01
    endloop
  endfacet
  facet normal 0.000000e+00 6.087614e-01 -7.933533e-01
    outer loop
      vertex   -4.000000e+00 -3.853553e+00 -8.764645e+01
      vertex   -6.666667e+00 -3.853553e+00 -8.764645e+01
      vertex   -4.000000e+00 -3.750000e+00 -8.756699e+01
    endloop
  endfacet
  facet normal 0.000000e+00 6.087614e-01 -7.933533e-01
    outer loop
      vertex   -4.000000e+00 -3.750000e+00 -8.756699e+01
      vertex   -6.666667e+00 -3.853553e+00 -8.764645e+01
      vertex   -6.666667e+00 -3.750000e+00 -8.756699e+01
    endloop
  endfacet
  facet normal 0.000000e+00 3.826834e-01 -9.238795e-01
    outer loop
      vertex   -4.000000e+00 -3.750000e+00 -8.756699e+01
      vertex   -6.666667e+00 -3.750000e+00 -8.756699e+01
      vertex   -4.000000e+00 -3.629410e+00 -8.751704e+01
    endloop
  endfacet
  facet normal 0.000000e+00 6.087614e-01 -7.933533e-01
    outer loop
      vertex   6.666667e+00 -3.853553e+00 -8.764645e+01
      vertex   4.000000e+00 -3.853553e+00 -8.764645e+01
      vertex   6.666667e+00 -3.750000e+00 -8.756699e+01
    endloop
  endfacet
  facet normal 0.000000e+00 6.087614e-01 -7.933533e-01
    outer loop
      vertex   6.666667e+00 -3.750000e+00 -8.756699e+01
      vertex   4.000000e+00 -3.853553e+00 -8.764645e+01
      vertex   4.000000e+00 -3.750000e+00 -8.756699e+01
    endloop
  endfacet
  facet normal 0.000000e+00 3.826834e-01 -9.238795e-01
    outer loop
      vertex   6.666667e+00 -3.750000e+00 -8.756699e+01
      vertex   4.000000e+00 -3.750000e+00 -8.756699e+01
      vertex   6.666667e+00 -3.629410e+00 -8.751704e+01
    endloop
  endfacet
  facet normal 0.000000e+00 3.826834e-01 -9.238795e-01
    outer loop
      vertex   -6.666667e+00 -3.629410e+00 -8.751704e+01
      vertex   -9.333333e+00 -3.750000e+00 -8.756699e+01
      vertex   -9.333333e+00 -3.629410e+00 -8.751704e+01
    endloop
  endfacet
  facet normal 0.000000e+00 6.087614e-01 -7.933533e-01
    outer loop
      vertex   -4.000000e+00 -3.853553e+00 -8.764645e+01
      vertex   -4.000000e+00 -3.750000e+00 -8.756699e+01
      vertex   -1.333333e+00 -3.750000e+00 -8.756699e+01
    endloop
  endfacet
  facet normal 0.000000e+00 3.826834e-01 -9.238795e-01
    outer loop
      vertex   -1.333333e+00 -3.750000e+00 -8.756699e+01
      vertex   -4.000000e+00 -3.750000e+00 -8.756699e+01
      vertex   -1.333333e+00 -3.629410e+00 -8.751704e+01
    endloop
  endfacet
  facet normal 0.000000e+00 3.826834e-01 -9.238795e-01
    outer loop
      vertex   -1.333333e+00 -3.750000e+00 -8.756699e+01
      vertex   -1.333333e+00 -3.629410e+00 -8.751704e+01
      vertex   1.333333e+00 -3.629410e+00 -8.751704e+01
    endloop
  endfacet
  facet normal 0.000000e+00 1.305262e-01 -9.914449e-01
    outer loop
      vertex   1.333333e+00 -3.629410e+00 -8.751704e+01
      vertex   -1.333333e+00 -3.629410e+00 -8.751704e+01
      vertex   1.200000e+01 -3.500000e+00 -8.750000e+01
    endloop
  endfacet
  facet normal 0.000000e+00 3.826834e-01 -9.238795e-01
    outer loop
      vertex   -1.333333e+00 -3.629410e+00 -8.751704e+01
      vertex   -4.000000e+00 -3.750000e+00 -8.756699e+01
      vertex   -4.000000e+00 -3.629410e+00 -8.751704e+01
    endloop
  endfacet
  facet normal 0.000000e+00 3.826834e-01 -9.238795e-01
    outer loop
      vertex   9.333333e+00 -3.629410e+00 -8.751704e+01
      vertex   9.333333e+00 -3.750000e+00 -8.756699e+01
      vertex   6.666667e+00 -3.750000e+00 -8.756699e+01
    endloop
  endfacet
  facet normal 0.000000e+00 6.087614e-01 -7.933533e-01
    outer loop
      vertex   6.666667e+00 -3.750000e+00 -8.756699e+01
      vertex   9.333333e+00 -3.750000e+00 -8.756699e+01
      vertex   6.666667e+00 -3.853553e+00 -8.764645e+01
    endloop
  endfacet
  facet normal 0.000000e+00 3.826834e-01 -9.238795e-01
    outer loop
      vertex   9.333333e+00 -3.629410e+00 -8.751704e+01
      vertex   6.666667e+00 -3.750000e+00 -8.756699e+01
      vertex   6.666667e+00 -3.629410e+00 -8.751704e+01
    endloop
  endfacet
  facet normal 0.000000e+00 1.305262e-01 -9.914449e-01
    outer loop
      vertex   -1.200000e+01 -3.500000e+00 -8.750000e+01
      vertex   -6.666667e+00 -3.629410e+00 -8.751704e+01
      vertex   -9.333333e+00 -3.629410e+00 -8.751704e+01
    endloop
  endfacet
  facet normal 0.000000e+00 0.000000e+00 -1.000000e+00
    outer loop
      vertex   1.200000e+01 -3.500000e+00 -8.750000e+01
      vertex   -1.200000e+01 -3.500000e+00 -8.750000e+01
      vertex   1.200000e+01 0.000000e+00 -8.750000e+01
    endloop
  endfacet
  facet normal -0.000000e+00 0.000000e+00 -1.000000e+00
    outer loop
      vertex   1.200000e+01 0.000000e+00 -8.750000e+01
      vertex   -1.200000e+01 -3.500000e+00 -8.750000e+01
      vertex   -1.200000e+01 0.000000e+00 -8.750000e+01
    endloop
  endfacet
  facet normal 0.000000e+00 1.000000e+00 -0.000000e+00
    outer loop
      vertex   6.520000e+01 2.500000e+00 -9.720000e+01
      vertex   -6.520000e+01 2.500000e+00 -9.520000e+01
      vertex   6.520000e+01 2.500000e+00 -9.520000e+01
    endloop
  endfacet
  facet normal 0.000000e+00 1.000000e+00 0.000000e+00
    outer loop
      vertex   6.520000e+01 2.500000e+00 -9.520000e+01
      vertex   -6.520000e+01 2.500000e+00 -9.520000e+01
      vertex   -6.520000e+01 2.500000e+00 -7.980000e+01
    endloop
  endfacet
  facet normal 0.000000e+00 1.000000e+00 -0.000000e+00
    outer loop
      vertex   6.520000e+01 2.500000e+00 -9.520000e+01
      vertex   -6.520000e+01 2.500000e+00 -7.980000e+01
      vertex   6.520000e+01 2.500000e+00 -7.980000e+01
    endloop
  endfacet
  facet normal 0.000000e+00 1.000000e+00 0.000000e+00
    outer loop
      vertex   6.520000e+01 2.500000e+00 -7.980000e+01
      vertex   -6.520000e+01 2.500000e+00 -7.980000e+01
      vertex   -6.520000e+01 2.500000e+00 -7.780000e+01
    endloop
  endfacet
  facet normal 0.000000e+00 1.000000e+00 -0.000000e+00
    outer loop
      vertex   6.520000e+01 2.500000e+00 -7.980000e+01
      vertex   -6.520000e+01 2.500000e+00 -7.780000e+01
      vertex   6.520000e+01 2.500000e+00 -7.780000e+01
    endloop
  endfacet
  facet normal 0.000000e+00 1.000000e+00 0.000000e+00
    outer loop
      vertex   6.520000e+01 2.500000e+00 -9.720000e+01
      vertex   -6.520000e+01 2.500000e+00 -9.720000e+01
      vertex   -6.520000e+01 2.500000e+00 -9.520000e+01
    endloop
  endfacet
  facet normal 0.000000e+00 1.000000e+00 0.000000e+00
    outer loop
      vertex   -7.020000e+01 2.500000e+00 -9.520000e+01
      vertex   -7.020000e+01 2.500000e+00 -7.980000e+01
      vertex   -6.520000e+01 2.500000e+00 -9.520000e+01
    endloop
  endfacet
  facet normal 0.000000e+00 1.000000e+00 -0.000000e+00
    outer loop
      vertex   -6.520000e+01 2.500000e+00 -9.520000e+01
      vertex   -7.020000e+01 2.500000e+00 -7.980000e+01
      vertex   -6.520000e+01 2.500000e+00 -7.980000e+01
    endloop
  endfacet
  facet normal 0.000000e+00 1.000000e+00 0.000000e+00
    outer loop
      vertex   7.020000e+01 2.500000e+00 -7.980000e+01
      vertex   7.020000e+01 2.500000e+00 -9.520000e+01
      vertex   6.520000e+01 2.500000e+00 -7.980000e+01
    endloop
  endfacet
  facet normal 0.000000e+00 1.000000e+00 0.000000e+00
    outer loop
      vertex   6.520000e+01 2.500000e+00 -7.980000e+01
      vertex   7.020000e+01 2.500000e+00 -9.520000e+01
      vertex   6.520000e+01 2.500000e+00 -9.520000e+01
    endloop
  endfacet
  facet normal 1.000000e+00 0.000000e+00 -7.105427e-15
    outer loop
      vertex   -6.520000e+01 2.500000e+00 -9.520000e+01
      vertex   -6.520000e+01 2.500000e+00 -9.720000e+01
      vertex   -6.520000e+01 1.500000e+01 -9.520000e+01
    endloop
  endfacet
  facet normal 1.000000e+00 -1.136868e-15 0.000000e+00
    outer loop
      vertex   -6.520000e+01 1.500000e+01 -9.520000e+01
      vertex   -6.520000e+01 2.500000e+00 -9.720000e+01
      vertex   -6.520000e+01 1.500000e+01 -9.720000e+01
    endloop
  endfacet
  facet normal -1.000000e+00 -0.000000e+00 -0.000000e+00
    outer loop
      vertex   -7.220000e+01 1.500000e+01 -7.780000e+01
      vertex   -7.220000e+01 1.500000e+01 -9.720000e+01
      vertex   -7.220000e+01 0.000000e+00 -7.780000e+01
    endloop
  endfacet
  facet normal -1.000000e+00 0.000000e+00 0.000000e+00
    outer loop
      vertex   -7.220000e+01 0.000000e+00 -7.780000e+01
      vertex   -7.220000e+01 1.500000e+01 -9.720000e+01
      vertex   -7.220000e+01 0.000000e+00 -9.720000e+01
    endloop
  endfacet
  facet normal 0.000000e+00 0.000000e+00 -1.000000e+00
    outer loop
      vertex   -6.520000e+01 2.500000e+00 -7.980000e+01
      vertex   -7.020000e+01 2.500000e+00 -7.980000e+01
      vertex   -6.520000e+01 1.500000e+01 -7.980000e+01
    endloop
  endfacet
  facet normal -0.000000e+00 0.000000e+00 -1.000000e+00
    outer loop
      vertex   -6.520000e+01 1.500000e+01 -7.980000e+01
      vertex   -7.020000e+01 2.500000e+00 -7.980000e+01
      vertex   -7.020000e+01 1.500000e+01 -7.980000e+01
    endloop
  endfacet
  facet normal 1.000000e+00 -0.000000e+00 0.000000e+00
    outer loop
      vertex   -6.520000e+01 2.500000e+00 -7.780000e+01
      vertex   -6.520000e+01 2.500000e+00 -7.980000e+01
      vertex   -6.520000e+01 1.500000e+01 -7.780000e+01
    endloop
  endfacet
  facet normal 1.000000e+00 0.000000e+00 0.000000e+00
    outer loop
      vertex   -6.520000e+01 1.500000e+01 -7.780000e+01
      vertex   -6.520000e+01 2.500000e+00 -7.980000e+01
      vertex   -6.520000e+01 1.500000e+01 -7.980000e+01
    endloop
  endfacet
  facet normal 0.000000e+00 0.000000e+00 1.000000e+00
    outer loop
      vertex   -7.020000e+01 2.500000e+00 -9.520000e+01
      vertex   -6.520000e+01 2.500000e+00 -9.520000e+01
      vertex   -7.020000e+01 1.500000e+01 -9.520000e+01
    endloop
  endfacet
  facet normal -0.000000e+00 0.000000e+00 1.000000e+00
    outer loop
      vertex   -7.020000e+01 1.500000e+01 -9.520000e+01
      vertex   -6.520000e+01 2.500000e+00 -9.520000e+01
      vertex   -6.520000e+01 1.500000e+01 -9.520000e+01
    endloop
  endfacet
  facet normal 1.000000e+00 -0.000000e+00 0.000000e+00
    outer loop
      vertex   -7.020000e+01 2.500000e+00 -7.980000e+01
      vertex   -7.020000e+01 2.500000e+00 -9.520000e+01
      vertex   -7.020000e+01 1.500000e+01 -7.980000e+01
    endloop
  endfacet
  facet normal 1.000000e+00 0.000000e+00 0.000000e+00
    outer loop
      vertex   -7.020000e+01 1.500000e+01 -7.980000e+01
      vertex   -7.020000e+01 2.500000e+00 -9.520000e+01
      vertex   -7.020000e+01 1.500000e+01 -9.520000e+01
    endloop
  endfacet
  facet normal 0.000000e+00 1.000000e+00 -0.000000e+00
    outer loop
      vertex   -7.020000e+01 1.500000e+01 -9.520000e+01
      vertex   -7.220000e+01 1.500000e+01 -7.780000e+01
      vertex   -7.020000e+01 1.500000e+01 -7.980000e+01
    endloop
  endfacet
  facet normal 0.000000e+00 1.000000e+00 -0.000000e+00
    outer loop
      vertex   -7.020000e+01 1.500000e+01 -7.980000e+01
      vertex   -7.220000e+01 1.500000e+01 -7.780000e+01
      vertex   -6.520000e+01 1.500000e+01 -7.780000e+01
    endloop
  endfacet
  facet normal 0.000000e+00 1.000000e+00 0.000000e+00
    outer loop
      vertex   -7.020000e+01 1.500000e+01 -7.980000e+01
      vertex   -6.520000e+01 1.500000e+01 -7.780000e+01
      vertex   -6.520000e+01 1.500000e+01 -7.980000e+01
    endloop
  endfacet
  facet normal 0.000000e+00 1.000000e+00 0.000000e+00
    outer loop
      vertex   -6.520000e+01 1.500000e+01 -9.520000e+01
      vertex   -6.520000e+01 1.500000e+01 -9.720000e+01
      vertex   -7.020000e+01 1.500000e+01 -9.520000e+01
    endloop
  endfacet
  facet normal 0.000000e+00 1.000000e+00 0.000000e+00
    outer loop
      vertex   -7.020000e+01 1.500000e+01 -9.520000e+01
      vertex   -6.520000e+01 1.500000e+01 -9.720000e+01
      vertex   -7.220000e+01 1.500000e+01 -9.720000e+01
    endloop
  endfacet
  facet normal 0.000000e+00 1.000000e+00 0.000000e+00
    outer loop
      vertex   -7.020000e+01 1.500000e+01 -9.520000e+01
      vertex   -7.220000e+01 1.500000e+01 -9.720000e+01
      vertex   -7.220000e+01 1.500000e+01 -7.780000e+01
    endloop
  endfacet
  facet normal -1.000000e+00 0.000000e+00 0.000000e+00
    outer loop
      vertex   7.020000e+01 2.500000e+00 -9.520000e+01
      vertex   7.020000e+01 2.500000e+00 -7.980000e+01
      vertex   7.020000e+01 1.500000e+01 -9.520000e+01
    endloop
  endfacet
  facet normal -1.000000e+00 0.000000e+00 0.000000e+00
    outer loop
      vertex   7.020000e+01 1.500000e+01 -9.520000e+01
      vertex   7.020000e+01 2.500000e+00 -7.980000e+01
      vertex   7.020000e+01 1.500000e+01 -7.980000e+01
    endloop
  endfacet
  facet normal 0.000000e+00 0.000000e+00 -1.000000e+00
    outer loop
      vertex   7.020000e+01 2.500000e+00 -7.980000e+01
      vertex   6.520000e+01 2.500000e+00 -7.980000e+01
      vertex   7.020000e+01 1.500000e+01 -7.980000e+01
    endloop
  endfacet
  facet normal -0.000000e+00 0.000000e+00 -1.000000e+00
    outer loop
      vertex   7.020000e+01 1.500000e+01 -7.980000e+01
      vertex   6.520000e+01 2.500000e+00 -7.980000e+01
      vertex   6.520000e+01 1.500000e+01 -7.980000e+01
    endloop
  endfacet
  facet normal 0.000000e+00 0.000000e+00 -1.000000e+00
    outer loop
      vertex   6.520000e+01 1.500000e+01 -9.720000e+01
      vertex   7.220000e+01 1.500000e+01 -9.720000e+01
      vertex   6.520000e+01 2.500000e+00 -9.720000e+01
    endloop
  endfacet
  facet normal 0.000000e+00 0.000000e+00 -1.000000e+00
    outer loop
      vertex   6.520000e+01 2.500000e+00 -9.720000e+01
      vertex   7.220000e+01 1.500000e+01 -9.720000e+01
      vertex   7.220000e+01 0.000000e+00 -9.720000e+01
    endloop
  endfacet
  facet normal 0.000000e+00 -0.000000e+00 -1.000000e+00
    outer loop
      vertex   6.520000e+01 2.500000e+00 -9.720000e+01
      vertex   7.220000e+01 0.000000e+00 -9.720000e+01
      vertex   -7.220000e+01 0.000000e+00 -9.720000e+01
    endloop
  endfacet
  facet normal -0.000000e+00 0.000000e+00 -1.000000e+00
    outer loop
      vertex   6.520000e+01 2.500000e+00 -9.720000e+01
      vertex   -7.220000e+01 0.000000e+00 -9.720000e+01
      vertex   -6.520000e+01 2.500000e+00 -9.720000e+01
    endloop
  endfacet
  facet normal -0.000000e+00 0.000000e+00 -1.000000e+00
    outer loop
      vertex   -6.520000e+01 2.500000e+00 -9.720000e+01
      vertex   -7.220000e+01 0.000000e+00 -9.720000e+01
      vertex   -7.220000e+01 1.500000e+01 -9.720000e+01
    endloop
  endfacet
  facet normal 0.000000e+00 0.000000e+00 -1.000000e+00
    outer loop
      vertex   -6.520000e+01 2.500000e+00 -9.720000e+01
      vertex   -7.220000e+01 1.500000e+01 -9.720000e+01
      vertex   -6.520000e+01 1.500000e+01 -9.720000e+01
    endloop
  endfacet
  facet normal -1.000000e+00 0.000000e+00 7.105427e-15
    outer loop
      vertex   6.520000e+01 2.500000e+00 -7.980000e+01
      vertex   6.520000e+01 2.500000e+00 -7.780000e+01
      vertex   6.520000e+01 1.500000e+01 -7.980000e+01
    endloop
  endfacet
  facet normal -1.000000e+00 -1.136868e-15 0.000000e+00
    outer loop
      vertex   6.520000e+01 1.500000e+01 -7.980000e+01
      vertex   6.520000e+01 2.500000e+00 -7.780000e+01
      vertex   6.520000e+01 1.500000e+01 -7.780000e+01
    endloop
  endfacet
  facet normal 0.000000e+00 0.000000e+00 1.000000e+00
    outer loop
      vertex   6.520000e+01 2.500000e+00 -9.520000e+01
      vertex   7.020000e+01 2.500000e+00 -9.520000e+01
      vertex   6.520000e+01 1.500000e+01 -9.520000e+01
    endloop
  endfacet
  facet normal -0.000000e+00 0.000000e+00 1.000000e+00
    outer loop
      vertex   6.520000e+01 1.500000e+01 -9.520000e+01
      vertex   7.020000e+01 2.500000e+00 -9.520000e+01
      vertex   7.020000e+01 1.500000e+01 -9.520000e+01
    endloop
  endfacet
  facet normal -1.000000e+00 0.000000e+00 0.000000e+00
    outer loop
      vertex   6.520000e+01 2.500000e+00 -9.720000e+01
      vertex   6.520000e+01 2.500000e+00 -9.520000e+01
      vertex   6.520000e+01 1.500000e+01 -9.720000e+01
    endloop
  endfacet
  facet normal -1.000000e+00 0.000000e+00 0.000000e+00
    outer loop
      vertex   6.520000e+01 1.500000e+01 -9.720000e+01
      vertex   6.520000e+01 2.500000e+00 -9.520000e+01
      vertex   6.520000e+01 1.500000e+01 -9.520000e+01
    endloop
  endfacet
  facet normal 1.000000e+00 0.000000e+00 1.465037e-15
    outer loop
      vertex   7.220000e+01 1.500000e+01 -9.720000e+01
      vertex   7.220000e+01 1.500000e+01 -7.780000e+01
      vertex   7.220000e+01 0.000000e+00 -9.720000e+01
    endloop
  endfacet
  facet normal 1.000000e+00 0.000000e+00 1.465037e-15
    outer loop
      vertex   7.220000e+01 0.000000e+00 -9.720000e+01
      vertex   7.220000e+01 1.500000e+01 -7.780000e+01
      vertex   7.220000e+01 0.000000e+00 -7.780000e+01
    endloop
  endfacet
  facet normal -4.060244e-15 0.000000e+00 1.000000e+00
    outer loop
      vertex   7.220000e+01 1.500000e+01 -7.780000e+01
      vertex   6.520000e+01 2.500000e+00 -7.780000e+01
      vertex   7.220000e+01 0.000000e+00 -7.780000e+01
    endloop
  endfacet
  facet normal 0.000000e+00 1.136868e-14 1.000000e+00
    outer loop
      vertex   7.220000e+01 0.000000e+00 -7.780000e+01
      vertex   6.520000e+01 2.500000e+00 -7.780000e+01
      vertex   -6.520000e+01 2.500000e+00 -7.780000e+01
    endloop
  endfacet
  facet normal -1.968262e-16 5.511135e-16 1.000000e+00
    outer loop
      vertex   7.220000e+01 0.000000e+00 -7.780000e+01
      vertex   -6.520000e+01 2.500000e+00 -7.780000e+01
      vertex   -7.220000e+01 0.000000e+00 -7.780000e+01
    endloop
  endfacet
  facet normal 0.000000e+00 0.000000e+00 1.000000e+00
    outer loop
      vertex   -7.220000e+01 0.000000e+00 -7.780000e+01
      vertex   -6.520000e+01 2.500000e+00 -7.780000e+01
      vertex   -7.220000e+01 1.500000e+01 -7.780000e+01
    endloop
  endfacet
  facet normal -0.000000e+00 0.000000e+00 1.000000e+00
    outer loop
      vertex   -7.220000e+01 1.500000e+01 -7.780000e+01
      vertex   -6.520000e+01 2.500000e+00 -7.780000e+01
      vertex   -6.520000e+01 1.500000e+01 -7.780000e+01
    endloop
  endfacet
  facet normal -4.060244e-15 -4.615963e-30 1.000000e+00
    outer loop
      vertex   7.220000e+01 1.500000e+01 -7.780000e+01
      vertex   6.520000e+01 1.500000e+01 -7.780000e+01
      vertex   6.520000e+01 2.500000e+00 -7.780000e+01
    endloop
  endfacet
  facet normal 0.000000e+00 1.000000e+00 0.000000e+00
    outer loop
      vertex   6.520000e+01 1.500000e+01 -7.980000e+01
      vertex   6.520000e+01 1.500000e+01 -7.780000e+01
      vertex   7.020000e+01 1.500000e+01 -7.980000e+01
    endloop
  endfacet
  facet normal 0.000000e+00 1.000000e+00 -0.000000e+00
    outer loop
      vertex   7.020000e+01 1.500000e+01 -7.980000e+01
      vertex   6.520000e+01 1.500000e+01 -7.780000e+01
      vertex   7.220000e+01 1.500000e+01 -7.780000e+01
    endloop
  endfacet
  facet normal -0.000000e+00 1.000000e+00 0.000000e+00
    outer loop
      vertex   7.020000e+01 1.500000e+01 -7.980000e+01
      vertex   7.220000e+01 1.500000e+01 -7.780000e+01
      vertex   7.220000e+01 1.500000e+01 -9.720000e+01
    endloop
  endfacet
  facet normal 0.000000e+00 1.000000e+00 0.000000e+00
    outer loop
      vertex   7.020000e+01 1.500000e+01 -7.980000e+01
      vertex   7.220000e+01 1.500000e+01 -9.720000e+01
      vertex   7.020000e+01 1.500000e+01 -9.520000e+01
    endloop
  endfacet
  facet normal 0.000000e+00 1.000000e+00 0.000000e+00
    outer loop
      vertex   7.020000e+01 1.500000e+01 -9.520000e+01
      vertex   7.220000e+01 1.500000e+01 -9.720000e+01
      vertex   6.520000e+01 1.500000e+01 -9.720000e+01
    endloop
  endfacet
  facet normal 0.000000e+00 1.000000e+00 0.000000e+00
    outer loop
      vertex   7.020000e+01 1.500000e+01 -9.520000e+01
      vertex   6.520000e+01 1.500000e+01 -9.720000e+01
      vertex   6.520000e+01 1.500000e+01 -9.520000e+01
    endloop
  endfacet
  facet normal 0.000000e+00 -1.000000e+00 0.000000e+00
    outer loop
      vertex   1.196593e+01 0.000000e+00 -8.624118e+01
      vertex   1.200000e+01 0.000000e+00 -8.650000e+01
      vertex   7.220000e+01 0.000000e+00 -7.780000e+01
    endloop
  endfacet
  facet normal 0.000000e+00 -1.000000e+00 0.000000e+00
    outer loop
      vertex   7.220000e+01 0.000000e+00 -7.780000e+01
      vertex   1.200000e+01 0.000000e+00 -8.650000e+01
      vertex   1.200000e+01 0.000000e+00 -8.750000e+01
    endloop
  endfacet
  facet normal 0.000000e+00 -1.000000e+00 -0.000000e+00
    outer loop
      vertex   7.220000e+01 0.000000e+00 -7.780000e+01
      vertex   1.200000e+01 0.000000e+00 -8.750000e+01
      vertex   7.220000e+01 0.000000e+00 -9.720000e+01
    endloop
  endfacet
  facet normal 0.000000e+00 -1.000000e+00 0.000000e+00
    outer loop
      vertex   7.220000e+01 0.000000e+00 -9.720000e+01
      vertex   1.200000e+01 0.000000e+00 -8.750000e+01
      vertex   -1.200000e+01 0.000000e+00 -8.750000e+01
    endloop
  endfacet
  facet normal 0.000000e+00 -1.000000e+00 0.000000e+00
    outer loop
      vertex   7.220000e+01 0.000000e+00 -9.720000e+01
      vertex   -1.200000e+01 0.000000e+00 -8.750000e+01
      vertex   -7.220000e+01 0.000000e+00 -9.720000e+01
    endloop
  endfacet
  facet normal 0.000000e+00 -1.000000e+00 0.000000e+00
    outer loop
      vertex   -7.220000e+01 0.000000e+00 -9.720000e+01
      vertex   -1.200000e+01 0.000000e+00 -8.750000e+01
      vertex   -7.220000e+01 0.000000e+00 -7.780000e+01
    endloop
  endfacet
  facet normal 0.000000e+00 -1.000000e+00 0.000000e+00
    outer loop
      vertex   -7.220000e+01 0.000000e+00 -7.780000e+01
      vertex   -1.200000e+01 0.000000e+00 -8.750000e+01
      vertex   -1.200000e+01 0.000000e+00 -8.650000e+01
    endloop
  endfacet
  facet normal 0.000000e+00 -1.000000e+00 0.000000e+00
    outer loop
      vertex   -7.220000e+01 0.000000e+00 -7.780000e+01
      vertex   -1.200000e+01 0.000000e+00 -8.650000e+01
      vertex   -1.196593e+01 0.000000e+00 -8.624118e+01
    endloop
  endfacet
  facet normal 0.000000e+00 -1.000000e+00 0.000000e+00
    outer loop
      vertex   -1.196593e+01 0.000000e+00 -8.624118e+01
      vertex   -1.186603e+01 0.000000e+00 -8.600000e+01
      vertex   -7.220000e+01 0.000000e+00 -7.780000e+01
    endloop
  endfacet
  facet normal 0.000000e+00 -1.000000e+00 0.000000e+00
    outer loop
      vertex   -7.220000e+01 0.000000e+00 -7.780000e+01
      vertex   -1.186603e+01 0.000000e+00 -8.600000e+01
      vertex   -1.170711e+01 0.000000e+00 -8.579289e+01
    endloop
  endfacet
  facet normal 0.000000e+00 -1.000000e+00 0.000000e+00
    outer loop
      vertex   -7.220000e+01 0.000000e+00 -7.780000e+01
      vertex   -1.170711e+01 0.000000e+00 -8.579289e+01
      vertex   -1.150000e+01 0.000000e+00 -8.563397e+01
    endloop
  endfacet
  facet normal 0.000000e+00 -1.000000e+00 0.000000e+00
    outer loop
      vertex   -1.150000e+01 0.000000e+00 -8.563397e+01
      vertex   -1.125882e+01 0.000000e+00 -8.553407e+01
      vertex   -7.220000e+01 0.000000e+00 -7.780000e+01
    endloop
  endfacet
  facet normal 0.000000e+00 -1.000000e+00 0.000000e+00
    outer loop
      vertex   -7.220000e+01 0.000000e+00 -7.780000e+01
      vertex   -1.125882e+01 0.000000e+00 -8.553407e+01
      vertex   -1.100000e+01 0.000000e+00 -8.550000e+01
    endloop
  endfacet
  facet normal 0.000000e+00 -1.000000e+00 0.000000e+00
    outer loop
      vertex   -7.220000e+01 0.000000e+00 -7.780000e+01
      vertex   -1.100000e+01 0.000000e+00 -8.550000e+01
      vertex   1.100000e+01 0.000000e+00 -8.550000e+01
    endloop
  endfacet
  facet normal 0.000000e+00 -1.000000e+00 0.000000e+00
    outer loop
      vertex   -7.220000e+01 0.000000e+00 -7.780000e+01
      vertex   1.100000e+01 0.000000e+00 -8.550000e+01
      vertex   7.220000e+01 0.000000e+00 -7.780000e+01
    endloop
  endfacet
  facet normal 0.000000e+00 -1.000000e+00 0.000000e+00
    outer loop
      vertex   7.220000e+01 0.000000e+00 -7.780000e+01
      vertex   1.100000e+01 0.000000e+00 -8.550000e+01
      vertex   1.125882e+01 0.000000e+00 -8.553407e+01
    endloop
  endfacet
  facet normal 0.000000e+00 -1.000000e+00 0.000000e+00
    outer loop
      vertex   7.220000e+01 0.000000e+00 -7.780000e+01
      vertex   1.125882e+01 0.000000e+00 -8.553407e+01
      vertex   1.150000e+01 0.000000e+00 -8.563397e+01
    endloop
  endfacet
  facet normal 0.000000e+00 -1.000000e+00 0.000000e+00
    outer loop
      vertex   1.150000e+01 0.000000e+00 -8.563397e+01
      vertex   1.170711e+01 0.000000e+00 -8.579289e+01
      vertex   7.220000e+01 0.000000e+00 -7.780000e+01
    endloop
  endfacet
  facet normal 0.000000e+00 -1.000000e+00 0.000000e+00
    outer loop
      vertex   7.220000e+01 0.000000e+00 -7.780000e+01
      vertex   1.170711e+01 0.000000e+00 -8.579289e+01
      vertex   1.186603e+01 0.000000e+00 -8.600000e+01
    endloop
  endfacet
  facet normal 0.000000e+00 -1.000000e+00 0.000000e+00
    outer loop
      vertex   7.220000e+01 0.000000e+00 -7.780000e+01
      vertex   1.186603e+01 0.000000e+00 -8.600000e+01
      vertex   1.196593e+01 0.000000e+00 -8.624118e+01
    endloop
  endfacet
endsolid
